MoleculeId,pca_lr-PredictedProbability
1,0.552856433707
2,0.918811545708
3,0.253797122906
4,0.394540825492
5,0.184507736297
6,0.196698377884
7,0.88186131103
8,0.91120646262
9,0.720355098271
10,0.207502388703
11,0.732758536221
12,0.154514769838
13,0.143089956628
14,0.716271225223
15,0.712278727076
16,0.698222681574
17,0.693037555631
18,0.455615223715
19,0.321832634989
20,0.163642572049
21,0.739875911554
22,0.285578740374
23,0.181518225807
24,0.122423057683
25,0.240095572518
26,0.908245804902
27,0.85133310268
28,0.168544532834
29,0.879717172846
30,0.763469466508
31,0.0799336088191
32,0.831436176026
33,0.174018225807
34,0.787555508497
35,0.688061221125
36,0.33395384711
37,0.198948239459
38,0.675648636742
39,0.610620561472
40,0.901535224074
41,0.808096728103
42,0.181092947588
43,0.206919416897
44,0.881128784652
45,0.575434708674
46,0.77204286673
47,0.209589900506
48,0.420404689412
49,0.542772002772
50,0.597274330625
51,0.896535224074
52,0.511611423915
53,0.364967257168
54,0.721702627508
55,0.546240272091
56,0.411061137108
57,0.277976312511
58,0.151333622401
59,0.84968800068
60,0.246820539771
61,0.313282538925
62,0.572068318878
63,0.720719840011
64,0.137931079074
65,0.174018225807
66,0.75973724942
67,0.646336939131
68,0.825159294306
69,0.229096341253
70,0.794038519335
71,0.122423057683
72,0.389388815555
73,0.781387004183
74,0.819931587528
75,0.901535224074
76,0.896535224074
77,0.548334662162
78,0.884035224074
79,0.857431587528
80,0.340035307437
81,0.918811545708
82,0.407125548223
83,0.477874596257
84,0.901535224074
85,0.869306106007
86,0.468195034293
87,0.375032278483
88,0.175154589444
89,0.539794972332
90,0.679796755648
91,0.918811545708
92,0.901535224074
93,0.866688833905
94,0.226268210159
95,0.229845668425
96,0.275699332397
97,0.678888541952
98,0.549922191959
99,0.55054978055
100,0.371733177418
101,0.163642572049
102,0.553813006631
103,0.693473949009
104,0.844249769346
105,0.129146834103
106,0.843149872866
107,0.81483671366
108,0.837886132983
109,0.166004843457
110,0.793352119823
111,0.204499124744
112,0.169116265023
113,0.0706993536285
114,0.686543792784
115,0.836067951164
116,0.520497378034
117,0.41069749341
118,0.695488112885
119,0.172756621963
120,0.853118421334
121,0.422761546212
122,0.384562381721
123,0.614917428268
124,0.293649389434
125,0.901535224074
126,0.835137769261
127,0.608478034329
128,0.164192022599
129,0.88186131103
130,0.107461237575
131,0.169093983383
132,0.917957242902
133,0.901535224074
134,0.903646710544
135,0.687831973248
136,0.219993777151
137,0.151965651691
138,0.155453360714
139,0.422275525432
140,0.694744415645
141,0.90319007041
142,0.679765595182
143,0.897668163801
144,0.551751071788
145,0.717135527941
146,0.592709245898
147,0.245225547423
148,0.722890772315
149,0.227493777151
150,0.230221049878
151,0.191582458078
152,0.825588885389
153,0.87017368239
154,0.385248177228
155,0.675728998638
156,0.399628577178
157,0.304530577778
158,0.157660256493
159,0.826103202691
160,0.61460916546
161,0.270784302393
162,0.174018225807
163,0.591801854339
164,0.157107818672
165,0.585796455246
166,0.688471703888
167,0.389123187749
168,0.623074773926
169,0.896535224074
170,0.512152703657
171,0.364949139361
172,0.623074773926
173,0.668183567001
174,0.282613723393
175,0.937659195393
176,0.90319007041
177,0.19210328125
178,0.274413410606
179,0.179605775513
180,0.285674380965
181,0.355447383837
182,0.68881478096
183,0.110638489312
184,0.494079214195
185,0.679119848405
186,0.501865731903
187,0.884035224074
188,0.818971677873
189,0.356668390202
190,0.641660910012
191,0.728223063639
192,0.800657190519
193,0.884035224074
194,0.409086332537
195,0.0533548989055
196,0.227127580343
197,0.893505567597
198,0.271998315283
199,0.818394025913
200,0.655070537937
201,0.918811545708
202,0.265832752006
203,0.18725754026
204,0.839822891876
205,0.730052300711
206,0.316149389434
207,0.148180633441
208,0.155712204545
209,0.918811545708
210,0.10971783855
211,0.155690103811
212,0.313679504553
213,0.14864644143
214,0.570053403404
215,0.778157190519
216,0.190179628397
217,0.552012277863
218,0.240095572518
219,0.828241864208
220,0.663257497442
221,0.174018225807
222,0.452083533049
223,0.770244799982
224,0.532598227861
225,0.222006391017
226,0.253380456239
227,0.36395384711
228,0.240155401092
229,0.693905376969
230,0.179076545615
231,0.169116265023
232,0.918811545708
233,0.780122306158
234,0.604559955411
235,0.800060046026
236,0.563732061569
237,0.40281793723
238,0.216179674587
239,0.57107904443
240,0.144847300108
241,0.896535224074
242,0.542532190032
243,0.310662138251
244,0.122423057683
245,0.583614009465
246,0.4831672419
247,0.323246091751
248,0.879868557407
249,0.869514920861
250,0.752380799698
251,0.733756004414
252,0.646987817404
253,0.244278262288
254,0.760908169812
255,0.777145364294
256,0.266958588242
257,0.356718255904
258,0.808053064725
259,0.857431587528
260,0.918811545708
261,0.747706855738
262,0.91017158771
263,0.184507736297
264,0.0221636601982
265,0.155712204545
266,0.1877111995
267,0.214432216862
268,0.182695511691
269,0.844249769346
270,0.489306486922
271,0.830124890103
272,0.886020335736
273,0.169484190093
274,0.163642572049
275,0.870855500572
276,0.289894694965
277,0.695812869164
278,0.525581059767
279,0.654886943238
280,0.460611248082
281,0.26924345588
282,0.748969848589
283,0.918811545708
284,0.785355958817
285,0.918811545708
286,0.22084716396
287,0.808909659128
288,0.240095572518
289,0.577553403404
290,0.862358876794
291,0.487486646936
292,0.437427040584
293,0.629498639915
294,0.694188672105
295,0.83424992733
296,0.620978034329
297,0.631584094935
298,0.137200648757
299,0.168544532834
300,0.737496052049
301,0.903105127154
302,0.365620513777
303,0.857429492849
304,0.870855500572
305,0.715723063639
306,0.171944647595
307,0.551010363117
308,0.436647971605
309,0.198971816632
310,0.884035224074
311,0.906133778513
312,0.919155086552
313,0.788702443653
314,0.347744607096
315,0.773762049725
316,0.920162586293
317,0.122423057683
318,0.444331936284
319,0.673776930017
320,0.778462102998
321,0.837886132983
322,0.141543849812
323,0.231081155672
324,0.764344059206
325,0.758406965391
326,0.812038655652
327,0.655852551704
328,0.111999091146
329,0.852175169686
330,0.708537411601
331,0.39342702679
332,0.82896723212
333,0.44021360058
334,0.884868557407
335,0.327266565325
336,0.762364784453
337,0.894194875781
338,0.509792629204
339,0.754097908795
340,0.797086651135
341,0.812955858448
342,0.321241821821
343,0.329801665618
344,0.138660244053
345,0.871489558543
346,0.343202015595
347,0.91017158771
348,0.824087222709
349,0.191582458078
350,0.77569687521
351,0.297529066953
352,0.605547631399
353,0.478215977402
354,0.714227647291
355,0.713753562745
356,0.673658759657
357,0.240095572518
358,0.155712204545
359,0.757949366941
360,0.91517158771
361,0.202578146279
362,0.710648087309
363,0.66027443484
364,0.94296552772
365,0.641146669351
366,0.884035224074
367,0.228850427919
368,0.849788454809
369,0.283677642611
370,0.440377355997
371,0.788804628487
372,0.163642572049
373,0.568453192825
374,0.712005425069
375,0.731059892153
376,0.25286530063
377,0.699077764494
378,0.94146306086
379,0.480771254889
380,0.864514920861
381,0.191582458078
382,0.148439477272
383,0.696480872139
384,0.492246694747
385,0.23911524758
386,0.778333169961
387,0.155712204545
388,0.83432882073
389,0.655852551704
390,0.737475692617
391,0.640018353177
392,0.907348780765
393,0.254794725128
394,0.527685700186
395,0.608478034329
396,0.551902910594
397,0.169116265023
398,0.615553365718
399,0.771468292202
400,0.427913061364
401,0.884035224074
402,0.842052799649
403,0.742325111417
404,0.918811545708
405,0.198338147526
406,0.7961903058
407,0.591432579784
408,0.826433525399
409,0.614331506787
410,0.240095572518
411,0.917156699373
412,0.758274931071
413,0.803214102115
414,0.229005942442
415,0.723977031893
416,0.445759969358
417,0.412032903131
418,0.440135283586
419,0.17562078991
420,0.918811545708
421,0.770626830845
422,0.580042580894
423,0.736422077005
424,0.463547598395
425,0.179605775513
426,0.78316487101
427,0.836147002548
428,0.916826434046
429,0.918811545708
430,0.844249769346
431,0.815987806905
432,0.679193095964
433,0.683746842597
434,0.43576964622
435,0.181092947588
436,0.135123740577
437,0.724612253169
438,0.374802534426
439,0.896535224074
440,0.756848826128
441,0.312966497751
442,0.711078959237
443,0.805253463811
444,0.136015234848
445,0.0448621553885
446,0.841457431917
447,0.67500369042
448,0.174018225807
449,0.813530626404
450,0.126015234848
451,0.155712204545
452,0.169116265023
453,0.284458887612
454,0.122423057683
455,0.918811545708
456,0.626549929754
457,0.870855500572
458,0.609514167865
459,0.297056544902
460,0.781538519335
461,0.750124970127
462,0.107985305842
463,0.753384069588
464,0.611316278649
465,0.82444771656
466,0.332047671377
467,0.199408637947
468,0.409086332537
469,0.884035224074
470,0.707062831431
471,0.820149297588
472,0.918811545708
473,0.529216462329
474,0.760419187105
475,0.818394025913
476,0.83582767474
477,0.918811545708
478,0.859858675984
479,0.641571838596
480,0.227015735689
481,0.490428974867
482,0.827701458559
483,0.219993777151
484,0.747388417782
485,0.595080545932
486,0.169093983383
487,0.155712204545
488,0.155712204545
489,0.839708610181
490,0.178884770524
491,0.554099566341
492,0.818268890586
493,0.825118241687
494,0.918067666641
495,0.163642572049
496,0.831471677873
497,0.605246768598
498,0.851065856485
499,0.174018225807
500,0.244694558803
501,0.161163615878
502,0.202975566462
503,0.164192022599
504,0.221227878899
505,0.884035224074
506,0.91017158771
507,0.820149297588
508,0.247595572518
509,0.508822063822
510,0.916826434046
511,0.792658414537
512,0.617014167865
513,0.768167134365
514,0.098180633441
515,0.422761546212
516,0.609564210148
517,0.806495699835
518,0.295610173748
519,0.593285726637
520,0.155712204545
521,0.447208869158
522,0.164192022599
523,0.483571421334
524,0.146795352056
525,0.722604398844
526,0.169952225099
527,0.844190845182
528,0.336996091751
529,0.725607406778
530,0.764393570421
531,0.873811545708
532,0.431021927453
533,0.89795620239
534,0.645320129134
535,0.145106143939
536,0.793995699835
537,0.890928763855
538,0.222099791114
539,0.901784657786
540,0.264042679333
541,0.319971204873
542,0.721702627508
543,0.411094879546
544,0.740841563318
545,0.717353888012
546,0.176190986804
547,0.298649389434
548,0.590357538267
549,0.45005952601
550,0.646574413375
551,0.207586146391
552,0.69323360865
553,0.166084062719
554,0.169116265023
555,0.727627825544
556,0.803139258984
557,0.246297122906
558,0.804075844095
559,0.160614165329
560,0.694574787081
561,0.538393364097
562,0.215498356009
563,0.762399614761
564,0.285901653692
565,0.851065856485
566,0.883355500572
567,0.163642572049
568,0.803639322056
569,0.916826434046
570,0.818587178662
571,0.82399140208
572,0.251295462894
573,0.355298453749
574,0.456823317774
575,0.155712204545
576,0.67796472491
577,0.832662002275
578,0.168566814474
579,0.296726312511
580,0.191582458078
581,0.721702627508
582,0.889947321817
583,0.796870875151
584,0.270100427919
585,0.575665897551
586,0.901535224074
587,0.918811545708
588,0.812909508392
589,0.145084216644
590,0.739191205284
591,0.866686739225
592,0.723939793491
593,0.659051450852
594,0.246297122906
595,0.176135120091
596,0.169093983383
597,0.0964095441699
598,0.896535224074
599,0.918811545708
600,0.670275628627
601,0.448823451595
602,0.604752263103
603,0.81483671366
604,0.876951890741
605,0.787715135561
606,0.884868557407
607,0.383365611816
608,0.918811545708
609,0.155712204545
610,0.856079291831
611,0.748888287638
612,0.136015234848
613,0.618312869164
614,0.839127591378
615,0.694694415325
616,0.829013744333
617,0.91517158771
618,0.582186568088
619,0.497862614774
620,0.227656947314
621,0.764393570421
622,0.904447587027
623,0.856541799263
624,0.714018040757
625,0.553604613557
626,0.621191657043
627,0.637150917689
628,0.81483671366
629,0.535697685042
630,0.429775120873
631,0.917156699373
632,0.184507736297
633,0.292747143474
634,0.896921870322
635,0.645732816584
636,0.17640954417
637,0.916826434046
638,0.552908777762
639,0.154907489609
640,0.879868557407
641,0.553888016504
642,0.383365611816
643,0.172572978837
644,0.314513117596
645,0.387334943139
646,0.905175182072
647,0.916622468286
648,0.1861103004
649,0.721256161738
650,0.601420954093
651,0.509847188051
652,0.870398860438
653,0.618312869164
654,0.13270384261
655,0.598669019622
656,0.916826434046
657,0.253803672046
658,0.23103993963
659,0.918811545708
660,0.437365223316
661,0.885825147758
662,0.70760450341
663,0.369972290781
664,0.851961629597
665,0.222944596579
666,0.164138201171
667,0.480524097819
668,0.217887725234
669,0.747572900079
670,0.434748092075
671,0.896535224074
672,0.758255915702
673,0.705382281188
674,0.818971677873
675,0.901535224074
676,0.674328051976
677,0.42069962834
678,0.840387612686
679,0.550273738625
680,0.221325407788
681,0.864512826182
682,0.829271411808
683,0.68249233349
684,0.443226662491
685,0.207502388703
686,0.846063753336
687,0.808999227848
688,0.88969025278
689,0.917156699373
690,0.772669849716
691,0.837886132983
692,0.12781490212
693,0.884035224074
694,0.895791739364
695,0.785232289333
696,0.646987817404
697,0.615844591504
698,0.458378177643
699,0.66684904797
700,0.227656947314
701,0.926311545708
702,0.163642572049
703,0.207502388703
704,0.860085284249
705,0.461541970709
706,0.833210808307
707,0.814616166708
708,0.846154854288
709,0.232432402355
710,0.918811545708
711,0.918811545708
712,0.174018225807
713,0.805067128407
714,0.255377603138
715,0.735978226636
716,0.214577110484
717,0.936992000005
718,0.200144633817
719,0.618312869164
720,0.717849580913
721,0.370011308716
722,0.252194558803
723,0.133029118289
724,0.916826434046
725,0.129380428155
726,0.146607479616
727,0.842367278519
728,0.405577443616
729,0.668611423233
730,0.749511520569
731,0.818765133301
732,0.800506440445
733,0.94146306086
734,0.0420097345816
735,0.332832333409
736,0.0430881331288
737,0.896535224074
738,0.168150829749
739,0.896535224074
740,0.721028269804
741,0.54012916098
742,0.542506937507
743,0.043894178024
744,0.884296239984
745,0.70955395497
746,0.833645590916
747,0.17737601896
748,0.169116265023
749,0.141113554693
750,0.373037828544
751,0.554716590599
752,0.437913061364
753,0.806243209554
754,0.721517270227
755,0.169116265023
756,0.582135712987
757,0.806274996595
758,0.669185129209
759,0.901535224074
760,0.262558090736
761,0.214577110484
762,0.329932068487
763,0.72392484973
764,0.0210526315789
765,0.566191657043
766,0.934808407018
767,0.52661701397
768,0.884035224074
769,0.187085419048
770,0.171162899172
771,0.834252193034
772,0.215150430411
773,0.727361278403
774,0.837886132983
775,0.550309813661
776,0.685609751026
777,0.230102794039
778,0.0217303576641
779,0.17562078991
780,0.422761546212
781,0.869521980855
782,0.786439677426
783,0.475243840656
784,0.916826434046
785,0.135756391017
786,0.872072415274
787,0.339332634989
788,0.213562994764
789,0.699077764494
790,0.695960346958
791,0.850170637901
792,0.252916085339
793,0.16885815532
794,0.781387004183
795,0.537906938758
796,0.938061261076
797,0.330743062797
798,0.870855500572
799,0.219993777151
800,0.392911066362
801,0.811008054288
802,0.191651077528
803,0.146391997256
804,0.835449929433
805,0.617014167865
806,0.845906319318
807,0.136015234848
808,0.085680633441
809,0.203092852161
810,0.758667260159
811,0.520497378034
812,0.72887869124
813,0.776809552649
814,0.662457303116
815,0.721702627508
816,0.146621295454
817,0.328329153743
818,0.833737582258
819,0.411226802913
820,0.585245711097
821,0.792609947906
822,0.844249769346
823,0.676315977858
824,0.867999769346
825,0.392183059523
826,0.560443580456
827,0.174018225807
828,0.458308043952
829,0.918811545708
830,0.693120155467
831,0.707455160519
832,0.576114009465
833,0.592452393303
834,0.184507736297
835,0.157399266665
836,0.89819007041
837,0.663590646942
838,0.180983158038
839,0.83432882073
840,0.530452054835
841,0.918811545708
842,0.886462329116
843,0.444926636024
844,0.646239989833
845,0.705099435481
846,0.147761773136
847,0.224232881308
848,0.727154663395
849,0.275412209947
850,0.300610173748
851,0.166150089622
852,0.281559014701
853,0.154930422857
854,0.741887317546
855,0.598395737433
856,0.84531033795
857,0.233276794317
858,0.289335209376
859,0.1861103004
860,0.296743207326
861,0.459305720992
862,0.501694784802
863,0.748042454681
864,0.421221516983
865,0.36395384711
866,0.85133310268
867,0.916826434046
868,0.123551540419
869,0.780311027817
870,0.371407856457
871,0.918811545708
872,0.085680633441
873,0.93396306086
874,0.444926636024
875,0.383752228164
876,0.122423057683
877,0.178925924992
878,0.250349069022
879,0.163642572049
880,0.639998073553
881,0.557791410376
882,0.919385413248
883,0.098180633441
884,0.16921270861
885,0.0522201273
886,0.841375686907
887,0.715479880896
888,0.488351807654
889,0.802022658193
890,0.537399026828
891,0.273220199829
892,0.772309533316
893,0.916826434046
894,0.438487468247
895,0.46255952601
896,0.0734917164419
897,0.448008341824
898,0.896535224074
899,0.155712204545
900,0.901535224074
901,0.30347124378
902,0.800946255081
903,0.489470296971
904,0.470892859344
905,0.594984870955
906,0.860583370265
907,0.80269542257
908,0.917156699373
909,0.825941082838
910,0.615824268102
911,0.793887004183
912,0.466059114657
913,0.892268992517
914,0.735978226636
915,0.632020797475
916,0.355111633568
917,0.291197839046
918,0.418707492158
919,0.699077764494
920,0.30395235753
921,0.729338127653
922,0.473671486574
923,0.136015234848
924,0.188537456577
925,0.247595572518
926,0.17453293169
927,0.688471703888
928,0.836965749019
929,0.25636122547
930,0.155712204545
931,0.181037456577
932,0.896535224074
933,0.544573605425
934,0.884035224074
935,0.350161227661
936,0.504617172968
937,0.745658473974
938,0.164192022599
939,0.883355500572
940,0.93396306086
941,0.918811545708
942,0.672225912642
943,0.707209077625
944,0.392532278483
945,0.680501224241
946,0.155712204545
947,0.901535224074
948,0.525803914316
949,0.911826434046
950,0.738574140672
951,0.604327906393
952,0.73596139162
953,0.25636122547
954,0.481865755817
955,0.600512666364
956,0.883732014383
957,0.921926119749
958,0.870855500572
959,0.835802268084
960,0.699813393553
961,0.136389854952
962,0.918811545708
963,0.918811545708
964,0.664736735153
965,0.323112110843
966,0.887989457483
967,0.0416397894421
968,0.630398257935
969,0.83432882073
970,0.54762916098
971,0.685673611767
972,0.418707492158
973,0.145106143939
974,0.135756391017
975,0.782628769664
976,0.836067951164
977,0.706979306358
978,0.567656562657
979,0.40769738459
980,0.155712204545
981,0.884035224074
982,0.267979901304
983,0.877618791208
984,0.884035224074
985,0.879868557407
986,0.918811545708
987,0.203965592271
988,0.371095626899
989,0.0615288220551
990,0.729458446568
991,0.155712204545
992,0.135756391017
993,0.763203380712
994,0.713148524135
995,0.195806424051
996,0.424346900776
997,0.174018225807
998,0.575280676132
999,0.196322962221
1000,0.422761546212
1001,0.292399389434
1002,0.29440862336
1003,0.117689011298
1004,0.717849580913
1005,0.918811545708
1006,0.241556100949
1007,0.283212362619
1008,0.444926636024
1009,0.761839287891
1010,0.192309557528
1011,0.874777977697
1012,0.74118890686
1013,0.0878258762253
1014,0.739359310756
1015,0.52213854049
1016,0.786132136702
1017,0.633455348265
1018,0.404447242604
1019,0.406634095232
1020,0.740262376467
1021,0.401610439818
1022,0.520113458131
1023,0.462136918902
1024,0.427307000758
1025,0.142412894484
1026,0.191582458078
1027,0.151887550921
1028,0.884035224074
1029,0.869849007065
1030,0.953689419991
1031,0.741161847366
1032,0.295899596925
1033,0.613239939091
1034,0.155712204545
1035,0.235548490682
1036,0.319496091751
1037,0.618735224586
1038,0.884035224074
1039,0.178884778856
1040,0.608326862035
1041,0.668001224241
1042,0.68249233349
1043,0.534478390713
1044,0.614446047797
1045,0.884035224074
1046,0.321119965306
1047,0.29608528687
1048,0.27453117238
1049,0.918811545708
1050,0.553812351019
1051,0.40068838708
1052,0.329603648167
1053,0.194501341961
1054,0.130355526162
1055,0.848093267971
1056,0.163642572049
1057,0.691517767611
1058,0.445447226545
1059,0.49500627416
1060,0.754251466613
1061,0.602417428268
1062,0.919396350716
1063,0.281247041704
1064,0.942289419082
1065,0.253316456568
1066,0.918341585561
1067,0.351701974104
1068,0.181092947588
1069,0.811979570803
1070,0.25636122547
1071,0.67089136905
1072,0.261710659559
1073,0.668620017213
1074,0.0982681896899
1075,0.60870806831
1076,0.884035224074
1077,0.866206287505
1078,0.122476224051
1079,0.705905154617
1080,0.518722936486
1081,0.774080583693
1082,0.684825893177
1083,0.155712204545
1084,0.168566814474
1085,0.576362973658
1086,0.424237847689
1087,0.469573100671
1088,0.941522058448
1089,0.694617949144
1090,0.240095572518
1091,0.76830870567
1092,0.629714555713
1093,0.507985483311
1094,0.856449336476
1095,0.884035224074
1096,0.842431587528
1097,0.186658215653
1098,0.163642572049
1099,0.636542787394
1100,0.163642572049
1101,0.431997343095
1102,0.734348967017
1103,0.321285307437
1104,0.357921008283
1105,0.896535224074
1106,0.83432882073
1107,0.91517158771
1108,0.659905258256
1109,0.778142532212
1110,0.811979570803
1111,0.707373390437
1112,0.33731088831
1113,0.522675935965
1114,0.297461137692
1115,0.266357808858
1116,0.91672229138
1117,0.712511806252
1118,0.796723294357
1119,0.57585541693
1120,0.861598254195
1121,0.710097445581
1122,0.585961199312
1123,0.834339020908
1124,0.713763633014
1125,0.163642572049
1126,0.921227694312
1127,0.774899614761
1128,0.717747992907
1129,0.823789970345
1130,0.84173630637
1131,0.837886132983
1132,0.25761122547
1133,0.853507015723
1134,0.168637644495
1135,0.136015234848
1136,0.358214371861
1137,0.765938084909
1138,0.884035224074
1139,0.398341366237
1140,0.408707492158
1141,0.202578146279
1142,0.428030701629
1143,0.793417401322
1144,0.373501126197
1145,0.238493008416
1146,0.122423057683
1147,0.710476556214
1148,0.920255233902
1149,0.155953785123
1150,0.731260685235
1151,0.916826434046
1152,0.471737015188
1153,0.573560596257
1154,0.732803503863
1155,0.896535224074
1156,0.798289567686
1157,0.870855500572
1158,0.623074773926
1159,0.323111513881
1160,0.764892517099
1161,0.135756391017
1162,0.798795223892
1163,0.184507736297
1164,0.85133310268
1165,0.274477023532
1166,0.884035224074
1167,0.649042787394
1168,0.340502360649
1169,0.103097534193
1170,0.885527094776
1171,0.376871623439
1172,0.88186131103
1173,0.768297384936
1174,0.8337603538
1175,0.705382281188
1176,0.562553403404
1177,0.29366592079
1178,0.918726091884
1179,0.39749182444
1180,0.588568221919
1181,0.884035224074
1182,0.219993777151
1183,0.633748947247
1184,0.514275638725
1185,0.286492057753
1186,0.934203521711
1187,0.155712204545
1188,0.164192022599
1189,0.748888287638
1190,0.407593693457
1191,0.893563851875
1192,0.174018225807
1193,0.214577110484
1194,0.0436631713033
1195,0.918811545708
1196,0.645674686091
1197,0.884035224074
1198,0.884035224074
1199,0.163642572049
1200,0.877777363504
1201,0.163642572049
1202,0.918261465845
1203,0.665880637742
1204,0.610812869164
1205,0.884035224074
1206,0.139020758234
1207,0.236655589656
1208,0.483952185638
1209,0.806495699835
1210,0.135756391017
1211,0.713207187802
1212,0.614085168971
1213,0.135756391017
1214,0.179950343322
1215,0.422761546212
1216,0.406094879546
1217,0.799000262678
1218,0.706785238377
1219,0.689962199057
1220,0.207502388703
1221,0.927546759495
1222,0.202600427919
1223,0.807077570755
1224,0.737406798065
1225,0.790666929344
1226,0.877796335217
1227,0.606495386693
1228,0.209830460438
1229,0.529882386216
1230,0.509653679654
1231,0.649042787394
1232,0.298649389434
1233,0.163642572049
1234,0.847379248278
1235,0.122423057683
1236,0.811956273249
1237,0.441302413557
1238,0.712662715868
1239,0.122681901514
1240,0.37364125194
1241,0.75644346539
1242,0.506828997092
1243,0.828663967129
1244,0.867255024675
1245,0.179394469112
1246,0.657379261192
1247,0.187336029645
1248,0.837886132983
1249,0.0316216938855
1250,0.23827285183
1251,0.254595127435
1252,0.122632984736
1253,0.980083571632
1254,0.791383801708
1255,0.169116265023
1256,0.5414507892
1257,0.181593983383
1258,0.885010346907
1259,0.860662497157
1260,0.790923720271
1261,0.395648692279
1262,0.889035224074
1263,0.171407014903
1264,0.867255024675
1265,0.877285650625
1266,0.942487336745
1267,0.714880666341
1268,0.822536445377
1269,0.747110622232
1270,0.983757178015
1271,0.723124373698
1272,0.772485111162
1273,0.122861758815
1274,0.774416615017
1275,0.699308877467
1276,0.35486530933
1277,0.52895343327
1278,0.747038325244
1279,0.372280913091
1280,0.298024987037
1281,0.821414325988
1282,0.706244302705
1283,0.260558296583
1284,0.510442878356
1285,0.134379623893
1286,0.176190986804
1287,0.511072167246
1288,0.155712204545
1289,0.282856135313
1290,0.36833001096
1291,0.618408387433
1292,0.818183883849
1293,0.642885457139
1294,0.62945110707
1295,0.184507736297
1296,0.284925956004
1297,0.201185278018
1298,0.909695976794
1299,0.459883975673
1300,0.387315358945
1301,0.923968818226
1302,0.662141165954
1303,0.61996631469
1304,0.196702101988
1305,0.697820918983
1306,0.0512152431557
1307,0.100132710308
1308,0.773074196385
1309,0.241965357011
1310,0.222039014808
1311,0.910425291798
1312,0.86644483949
1313,0.770830407902
1314,0.908451657475
1315,0.395172501802
1316,0.120712072806
1317,0.944926757635
1318,0.864902201985
1319,0.620203936517
1320,0.278368865783
1321,0.458910321835
1322,0.483336356626
1323,0.510442878356
1324,0.867255024675
1325,0.698474032434
1326,0.601761156386
1327,0.902457319675
1328,0.915721570515
1329,0.590880867113
1330,0.946191040449
1331,0.953598447856
1332,0.0958494935244
1333,0.532267546952
1334,0.12968643178
1335,0.927546759495
1336,0.0612034378257
1337,0.580256315084
1338,0.209363589833
1339,0.93722417885
1340,0.272488120407
1341,0.463890132856
1342,0.339377245449
1343,0.62079789453
1344,0.799000262678
1345,0.912452419873
1346,0.781096108009
1347,0.162121410581
1348,0.429336879092
1349,0.723951988222
1350,0.14287317414
1351,0.596720565493
1352,0.867255024675
1353,0.0776676753426
1354,0.953598447856
1355,0.78300862945
1356,0.927546759495
1357,0.0776676753426
1358,0.776165309371
1359,0.264239802922
1360,0.10430452917
1361,0.374458216088
1362,0.599593689293
1363,0.854205171303
1364,0.79095412645
1365,0.274960670169
1366,0.187707973934
1367,0.385015078788
1368,0.559457656681
1369,0.727801707309
1370,0.699807067191
1371,0.847558054978
1372,0.940927882554
1373,0.368864491782
1374,0.326231686115
1375,0.41605965451
1376,0.655719868494
1377,0.141539993595
1378,0.867255024675
1379,0.667773752322
1380,0.761680022301
1381,0.712526293044
1382,0.694599431192
1383,0.660337351859
1384,0.781096108009
1385,0.123401581137
1386,0.337488935527
1387,0.589668745901
1388,0.93722417885
1389,0.0409019268179
1390,0.0699753676503
1391,0.900018557439
1392,0.62679217233
1393,0.111621163715
1394,0.605242338975
1395,0.177616342875
1396,0.922917129866
1397,0.72663337929
1398,0.112856992404
1399,0.652995230146
1400,0.927546759495
1401,0.436838127843
1402,0.927546759495
1403,0.209984698868
1404,0.383565358945
1405,0.640592933933
1406,0.697355413816
1407,0.754089607295
1408,0.00851063829787
1409,0.576453378649
1410,0.900018557439
1411,0.252352846527
1412,0.416658307663
1413,0.867255024675
1414,0.336365478367
1415,0.877796335217
1416,0.0339272430973
1417,0.145536142374
1418,0.791956069504
1419,0.957713853121
1420,0.822536445377
1421,0.761399138312
1422,0.46617560353
1423,0.575967439187
1424,0.0699753676503
1425,0.19799168648
1426,0.638353287166
1427,0.625319801045
1428,0.640898595851
1429,0.927546759495
1430,0.0376486782675
1431,0.0333188224411
1432,0.591101298023
1433,0.971039656907
1434,0.426082441687
1435,0.853394986118
1436,0.834329394905
1437,0.966664964832
1438,0.864269765168
1439,0.760775002305
1440,0.857920558819
1441,0.76821732013
1442,0.489240935786
1443,0.697025019662
1444,0.68296699178
1445,0.206184899891
1446,0.708810648208
1447,0.14949218633
1448,0.712764896574
1449,0.13619423557
1450,0.212037852397
1451,0.67924662419
1452,0.290605028219
1453,0.224228391475
1454,0.209820956844
1455,0.904119086539
1456,0.961931781189
1457,0.14220280904
1458,0.889383909068
1459,0.953598447856
1460,0.814776113564
1461,0.676326750093
1462,0.477439916405
1463,0.780230851672
1464,0.586159973971
1465,0.91581489069
1466,0.450165648896
1467,0.0699753676503
1468,0.808809085222
1469,0.359996677627
1470,0.912452419873
1471,0.533625008063
1472,0.428598394018
1473,0.720617261323
1474,0.568322276279
1475,0.657379261192
1476,0.171995951585
1477,0.600451739987
1478,0.760975635707
1479,0.430535448478
1480,0.666655946365
1481,0.107819476525
1482,0.867255024675
1483,0.344250757487
1484,0.753715700157
1485,0.16236801151
1486,0.572551599587
1487,0.13619423557
1488,0.790666929344
1489,0.261580741627
1490,0.912452419873
1491,0.504205046315
1492,0.815810876387
1493,0.75663430332
1494,0.150888095316
1495,0.810204711618
1496,0.67519672151
1497,0.867255024675
1498,0.839868416069
1499,0.559035452426
1500,0.772485111162
1501,0.0458188224411
1502,0.499878988304
1503,0.867255024675
1504,1.0
1505,0.148601615455
1506,0.446717831473
1507,0.141587424425
1508,0.415119846125
1509,0.900018557439
1510,0.576941421528
1511,0.192659051472
1512,0.0776676753426
1513,0.0880106599765
1514,0.144142953519
1515,0.217602467322
1516,0.719840793933
1517,0.111621163715
1518,0.0612034378257
1519,0.171879406952
1520,0.262212491998
1521,0.132571047165
1522,0.165271221822
1523,0.418237977993
1524,0.324940590387
1525,0.382940358945
1526,0.783848747526
1527,0.800034369795
1528,0.636166749689
1529,0.148025464341
1530,0.69525457348
1531,0.671069737383
1532,0.604214200447
1533,0.135507803391
1534,0.953598447856
1535,0.597623291356
1536,0.813047102887
1537,0.219049043795
1538,0.598357060473
1539,0.944631586258
1540,0.113014352569
1541,0.830276676829
1542,0.918232963858
1543,0.758621360534
1544,0.904119086539
1545,0.44376453477
1546,0.116227863705
1547,0.23867772617
1548,0.251722838952
1549,0.611697031402
1550,0.953598447856
1551,0.864269765168
1552,0.153054595942
1553,0.0932827147534
1554,0.949949783469
1555,0.890249182772
1556,0.953598447856
1557,0.789980465584
1558,0.545972973536
1559,0.390735934982
1560,0.76276482097
1561,0.612888513793
1562,0.179534699028
1563,0.591869781405
1564,0.742606696221
1565,0.253879158665
1566,0.856620376305
1567,0.436837949768
1568,0.904119086539
1569,0.694078485404
1570,0.0249355878851
1571,0.685418476879
1572,0.384010166245
1573,0.807077570755
1574,0.512382386216
1575,0.9730428923
1576,0.926912389312
1577,0.61797815579
1578,0.36266904881
1579,0.861993471897
1580,0.792253545127
1581,0.45807078886
1582,0.645772642005
1583,0.238719156756
1584,0.755610482523
1585,0.648687759214
1586,0.889477246898
1587,0.953598447856
1588,0.512338127934
1589,0.799000262678
1590,0.768364159698
1591,0.687484303209
1592,0.927301212405
1593,0.589668745901
1594,0.62325701425
1595,0.543799605967
1596,0.372418615427
1597,0.584300170489
1598,0.0751569261978
1599,0.433622593378
1600,0.46870501096
1601,0.118893890987
1602,0.289067768828
1603,0.325415177315
1604,0.678205087018
1605,0.678713467398
1606,0.591517116829
1607,0.230056425559
1608,0.142290011734
1609,0.0612034378257
1610,0.235248695745
1611,0.20526517634
1612,0.702117318578
1613,0.796058482822
1614,0.0762792984539
1615,0.912452419873
1616,0.243199609521
1617,0.13397739237
1618,0.724095533806
1619,0.77933716662
1620,0.749849155592
1621,0.853728454627
1622,0.376425249055
1623,0.450770860982
1624,0.810793212206
1625,0.478278081568
1626,0.867255024675
1627,0.144950592213
1628,0.756493477934
1629,0.893905594313
1630,0.647034891634
1631,0.320290456972
1632,0.794004191853
1633,0.845098827731
1634,1.0
1635,0.595132400726
1636,0.94066173352
1637,0.644417767102
1638,0.145536142374
1639,0.562111807226
1640,0.821406821039
1641,0.157440904278
1642,0.590705428517
1643,0.172002310364
1644,0.937482920435
1645,0.226958457999
1646,0.954872320245
1647,0.563359456635
1648,0.148402738693
1649,0.821556207344
1650,0.946191040449
1651,0.912452419873
1652,0.738306217398
1653,0.877796335217
1654,0.614344070577
1655,0.784685231285
1656,0.753715700157
1657,0.891069233167
1658,0.0699753676503
1659,0.54165388924
1660,0.325102945927
1661,0.182220259082
1662,0.359996677627
1663,0.249594151663
1664,0.388373860788
1665,0.846353697533
1666,0.205852205949
1667,0.141017034317
1668,0.912452419873
1669,0.790810195659
1670,0.0699753676503
1671,0.711227119301
1672,0.175225135071
1673,0.36833001096
1674,0.825996061572
1675,0.148098997475
1676,0.133964236019
1677,0.933781562007
1678,0.787184576082
1679,0.820514191391
1680,0.821550329544
1681,0.953598447856
1682,0.754860994813
1683,0.724796678002
1684,0.95361914211
1685,0.16771084484
1686,0.986907270028
1687,0.327746155161
1688,0.148520501769
1689,0.420229736235
1690,0.821156459622
1691,0.467262089846
1692,0.81572316474
1693,0.88612966855
1694,0.753715700157
1695,0.602836589436
1696,0.0699753676503
1697,0.0776676753426
1698,0.235913890747
1699,0.149678263521
1700,0.153111899949
1701,0.904119086539
1702,0.539695748391
1703,0.867255024675
1704,0.670193494729
1705,0.212298506132
1706,0.745250318645
1707,0.555603193184
1708,0.936513621094
1709,0.511914410475
1710,0.137587424425
1711,0.757678911285
1712,0.675575509389
1713,0.930386572013
1714,0.357904660677
1715,0.120595522689
1716,0.900018557439
1717,0.889477246898
1718,0.430944021949
1719,0.50813492794
1720,0.354842831473
1721,0.344985148437
1722,0.761399138312
1723,0.0625260994042
1724,0.120712072806
1725,0.690991777452
1726,0.77051751857
1727,0.943523468638
1728,0.70890536713
1729,0.12968643178
1730,0.611294612205
1731,0.430790092434
1732,0.626248832481
1733,0.620730085061
1734,0.526206425154
1735,0.895415873248
1736,0.877796335217
1737,0.923446230395
1738,0.736691535973
1739,0.77797902339
1740,0.109802981896
1741,0.856620376305
1742,0.547788790157
1743,0.0878487926691
1744,0.269789833447
1745,0.0612034378257
1746,0.232716990998
1747,0.66424200629
1748,0.839868416069
1749,0.471847484722
1750,0.06026167524
1751,0.281367714598
1752,0.584869201546
1753,0.109802981896
1754,0.556079352667
1755,0.815981712923
1756,0.13470280904
1757,0.496086047272
1758,0.136004169734
1759,0.862430275633
1760,0.281634462014
1761,0.799810447863
1762,0.687728896542
1763,0.614344070577
1764,0.912452419873
1765,0.0776676753426
1766,0.199668220019
1767,0.799000262678
1768,0.183662618252
1769,0.662141165954
1770,0.184866049903
1771,0.0881571858321
1772,0.293191417566
1773,0.116561783399
1774,0.474623621992
1775,0.80723381224
1776,0.801538549591
1777,0.623677926376
1778,0.526206425154
1779,0.655949409682
1780,0.131172445766
1781,0.0668549116575
1782,0.534652885325
1783,0.309087659109
1784,0.831327884977
1785,0.773412669854
1786,0.0699753676503
1787,0.893577775998
1788,0.846097362638
1789,0.704143462368
1790,0.576335412568
1791,0.00124568039481
1792,0.161422288396
1793,0.68296699178
1794,0.0156827153503
1795,0.668408672957
1796,0.564672811708
1797,0.748420177361
1798,0.156600339731
1799,0.78969961241
1800,0.93722417885
1801,0.612385196118
1802,0.244812150569
1803,0.150911122152
1804,0.88588412146
1805,0.359092089624
1806,0.43460441857
1807,0.877796335217
1808,0.330041240907
1809,0.946191040449
1810,0.623438074291
1811,0.0776676753426
1812,0.165328365716
1813,0.799810447863
1814,0.175879406952
1815,0.867255024675
1816,0.711782674857
1817,0.649189372334
1818,0.791886104838
1819,0.31235707519
1820,0.908351890772
1821,0.904119086539
1822,0.487137482006
1823,0.0310794951363
1824,0.902211567951
1825,0.255979320725
1826,0.202955079566
1827,0.0948261083722
1828,0.200751155955
1829,0.349554610812
1830,0.397990929995
1831,0.853728454627
1832,0.0776676753426
1833,0.813101134822
1834,0.365722920637
1835,0.964709558967
1836,0.502910649853
1837,0.290396990701
1838,0.512760354095
1839,0.749677090383
1840,0.071492383019
1841,0.0487034378257
1842,0.471613431803
1843,0.132571047165
1844,0.473613420323
1845,0.855450323212
1846,0.533349282297
1847,0.918403188035
1848,0.753715700157
1849,0.15848982908
1850,0.912452419873
1851,0.72779070114
1852,0.912452419873
1853,0.0458188224411
1854,0.0665431581705
1855,0.761248547629
1856,0.36143991745
1857,0.0776676753426
1858,0.217366285914
1859,0.0699753676503
1860,0.261857195267
1861,0.423997479355
1862,0.169448423075
1863,0.200530738755
1864,0.241564085867
1865,0.526206425154
1866,0.726544871878
1867,0.51193714375
1868,0.140519765113
1869,0.375079629114
1870,0.0776676753426
1871,0.639441473174
1872,0.109802981896
1873,0.171879406952
1874,0.760138969358
1875,0.703587906813
1876,0.0578721142058
1877,0.822536445377
1878,0.617011295824
1879,0.486431584429
1880,0.617011295824
1881,0.231494768776
1882,0.729669853762
1883,0.0612034378257
1884,0.864269765168
1885,0.711782674857
1886,0.363204381134
1887,0.193225174265
1888,0.336631293011
1889,0.781508207909
1890,0.00851063829787
1891,0.758621360534
1892,0.148098997475
1893,0.327724089356
1894,0.588373871543
1895,0.174977315262
1896,0.900507990165
1897,0.891337502257
1898,0.57891140455
1899,0.354981003645
1900,0.250576426837
1901,0.916061574054
1902,0.691630442793
1903,0.884817064306
1904,0.96092562544
1905,0.285740832416
1906,0.140809620186
1907,0.936513621094
1908,0.877796335217
1909,0.904119086539
1910,0.596701037117
1911,0.818522404311
1912,0.0458188224411
1913,0.671030054843
1914,0.29955109251
1915,0.153111899949
1916,0.165440422491
1917,0.506776758228
1918,0.544085213033
1919,0.451859772865
1920,0.988971961009
1921,0.487172158906
1922,0.694619652845
1923,0.876427393525
1924,0.401273692279
1925,0.7302901491
1926,0.154644381741
1927,0.0699753676503
1928,0.132571047165
1929,0.157067943905
1930,0.864269765168
1931,0.131315089024
1932,0.814338277803
1933,0.157440904278
1934,0.166009416253
1935,0.204534196287
1936,0.953598447856
1937,0.259601387682
1938,0.0640006406229
1939,0.539539758487
1940,0.0776676753426
1941,0.344564336979
1942,0.902700157692
1943,0.209112358946
1944,0.929832991077
1945,0.526206425154
1946,0.323631123793
1947,0.104940402615
1948,0.133309620186
1949,0.43519833866
1950,0.930903717426
1951,0.0612034378257
1952,0.569456078481
1953,0.628931314616
1954,0.423199410239
1955,0.32900107843
1956,0.779580956494
1957,0.760395356649
1958,0.635932701244
1959,0.854205171303
1960,0.33536561903
1961,0.396383582389
1962,0.835942155929
1963,0.853728454627
1964,0.580673237596
1965,0.787914289827
1966,0.22983516191
1967,0.327198295126
1968,0.634048895505
1969,0.331496155161
1970,0.0804594655957
1971,0.792427280582
1972,0.856620376305
1973,0.867255024675
1974,0.853728454627
1975,0.43850479451
1976,0.823694746535
1977,0.604854999678
1978,0.688793212738
1979,0.728174127266
1980,0.390439700738
1981,0.900018557439
1982,0.896809447708
1983,0.904119086539
1984,0.845098827731
1985,0.593989762643
1986,0.557443887801
1987,0.900018557439
1988,0.722710169739
1989,0.786101342936
1990,0.7881590463
1991,0.193690847318
1992,0.387508018297
1993,0.790666929344
1994,0.665176349725
1995,0.671058640379
1996,0.447417022633
1997,0.692246207971
1998,0.359996677627
1999,0.510801964779
2000,0.843045013102
2001,0.118492347424
2002,0.448344601896
2003,0.812039450036
2004,0.651199422432
2005,0.174046534662
2006,0.427999030967
2007,0.178613447937
2008,0.801185836974
2009,0.536054081008
2010,0.178902120251
2011,0.649461791094
2012,0.877796335217
2013,0.861068976947
2014,0.508047453934
2015,0.818522404311
2016,0.718948450258
2017,0.908351890772
2018,0.737142403429
2019,0.0175808093858
2020,0.787914289827
2021,0.305013233456
2022,0.608681583337
2023,0.123868121093
2024,0.392315358945
2025,0.9543921362
2026,0.904119086539
2027,0.654608749997
2028,0.833171093747
2029,0.0699753676503
2030,0.739816178626
2031,0.954524373782
2032,0.565683783495
2033,0.534473567517
2034,0.140809620186
2035,0.822536445377
2036,0.509993408396
2037,0.0699753676503
2038,0.387315358945
2039,0.740012181453
2040,0.153412430901
2041,0.786057022052
2042,0.481840121464
2043,0.604114519426
2044,0.731715745014
2045,0.821966644807
2046,0.670126399443
2047,0.691996990877
2048,0.900018557439
2049,0.598447823294
2050,0.953598447856
2051,0.713883515193
2052,0.881855613465
2053,0.683818155716
2054,0.815718263558
2055,0.109802981896
2056,0.845715332577
2057,0.416658307663
2058,0.810753120182
2059,0.631177437699
2060,0.278564944215
2061,0.668681277494
2062,0.348140426482
2063,0.165016661854
2064,0.188963409162
2065,0.111571033151
2066,0.175212740285
2067,0.441672547718
2068,0.140809620186
2069,0.476540570487
2070,0.853728454627
2071,0.152499705127
2072,0.140809620186
2073,0.454020960907
2074,0.838059185146
2075,0.771672429291
2076,0.424616974592
2077,0.799407866912
2078,0.163621852744
2079,1.0
2080,0.273438520871
2081,0.547846085803
2082,0.522909721857
2083,0.959071261747
2084,0.059524616545
2085,0.738913095271
2086,0.412097868103
2087,0.854205171303
2088,0.785779298429
2089,0.686916513611
2090,0.889477246898
2091,0.165595847012
2092,0.907147426167
2093,0.53397218146
2094,0.886491987391
2095,0.767579450785
2096,0.373426164806
2097,0.419728820484
2098,0.224966247251
2099,0.863821530017
2100,0.155721900887
2101,0.976625688304
2102,0.904119086539
2103,0.200352644373
2104,0.948335289961
2105,0.447073955301
2106,0.979360270543
2107,0.801459489925
2108,0.769707333385
2109,0.836744599907
2110,0.17597976581
2111,0.20926517634
2112,0.700224789622
2113,0.0699753676503
2114,0.297188520871
2115,0.355759949443
2116,0.90457158652
2117,0.445093004282
2118,0.897717242402
2119,0.109802981896
2120,0.0763764303022
2121,0.742908847472
2122,0.456282652617
2123,0.65332627487
2124,0.560583854219
2125,0.582573328847
2126,0.712779826005
2127,0.143717960555
2128,0.946191040449
2129,0.206254621259
2130,0.749989483861
2131,0.858417385414
2132,0.567026649176
2133,0.936513621094
2134,0.223610762254
2135,0.602899089093
2136,0.656784023097
2137,0.340381293011
2138,0.706270973133
2139,0.348222761887
2140,0.93722417885
2141,0.371559056424
2142,0.741951493129
2143,0.441288199709
2144,0.55939370485
2145,0.793910182588
2146,0.676888551684
2147,0.103464726031
2148,0.944238416328
2149,0.854194049058
2150,0.626108139841
2151,0.867255024675
2152,0.625664478066
2153,0.206827783765
2154,0.399555395211
2155,0.645607311033
2156,0.134143481882
2157,0.326227832226
2158,0.526135233831
2159,0.269891393752
2160,0.735250276691
2161,0.90154377828
2162,0.619552307444
2163,0.767857114298
2164,0.93280991739
2165,0.214998274539
2166,0.638317176047
2167,0.497958993333
2168,0.830667955313
2169,0.417211452597
2170,0.93722417885
2171,0.785761268967
2172,0.559907980351
2173,0.8656913813
2174,0.359996677627
2175,0.912452419873
2176,0.563228966746
2177,0.758869536458
2178,0.153111899949
2179,0.164564465147
2180,0.494310925465
2181,0.832048974359
2182,0.821414325988
2183,0.336631293011
2184,0.407354121917
2185,0.782603246804
2186,0.917005448954
2187,0.81719487458
2188,0.20829547937
2189,0.74141832509
2190,0.847379248278
2191,0.0776676753426
2192,0.126842608936
2193,0.254025207681
2194,0.493618456187
2195,0.0628702007025
2196,0.449694021949
2197,0.352345548239
2198,0.321079488494
2199,0.82288456135
2200,0.943523839312
2201,0.655698089507
2202,0.28769197921
2203,1.0
2204,0.0694212791319
2205,0.867255024675
2206,0.472168367793
2207,0.916685224106
2208,0.132571047165
2209,0.946191040449
2210,0.845916968757
2211,0.560051599587
2212,0.741482769688
2213,0.343414352704
2214,0.364359180643
2215,0.340376013898
2216,0.756708897245
2217,0.854205171303
2218,0.657379261192
2219,0.867255024675
2220,0.286782441555
2221,0.706497389571
2222,0.981738544474
2223,0.75261901906
2224,0.157440904278
2225,0.596531490999
2226,0.940927882554
2227,0.280739291125
2228,0.870586917601
2229,0.944623596459
2230,0.890249182772
2231,0.387315358945
2232,0.784835343041
2233,0.53314171123
2234,0.940927882554
2235,0.0699753676503
2236,0.387315358945
2237,0.473466915722
2238,0.206836773885
2239,0.332366100818
2240,0.940927882554
2241,0.922129839228
2242,0.853728454627
2243,0.332262251167
2244,0.588966129409
2245,0.673130895179
2246,0.713174127266
2247,0.981738544474
2248,0.799931373535
2249,0.145536142374
2250,0.25863505269
2251,0.683769685587
2252,0.678840007653
2253,0.76821732013
2254,0.733723207664
2255,0.13619423557
2256,0.461526791147
2257,0.738003187095
2258,0.470831840573
2259,0.787276420482
2260,0.656287460836
2261,0.834329394905
2262,0.132571047165
2263,0.0141317499705
2264,0.857204946338
2265,0.384907391912
2266,0.634449968263
2267,0.823124945965
2268,0.13718643178
2269,0.586159973971
2270,0.82847310488
2271,0.37594025273
2272,0.782071912463
2273,0.778835362609
2274,0.904119086539
2275,0.313812489225
2276,0.52225182712
2277,0.855393315969
2278,0.33650661077
2279,0.155590227405
2280,0.799570063247
2281,0.906355838636
2282,0.34851041541
2283,0.800968749021
2284,0.0674722810017
2285,0.528623902101
2286,0.129261438816
2287,0.877796335217
2288,0.853728454627
2289,0.856620376305
2290,0.953598447856
2291,0.309389973238
2292,0.799000262678
2293,0.163781756409
2294,0.127668660886
2295,0.864269765168
2296,0.505549904972
2297,0.724294093598
2298,0.780018440853
2299,0.799570063247
2300,0.340381293011
2301,0.197473441912
2302,0.796906162241
2303,0.663768150081
2304,0.834329394905
2305,0.912452419873
2306,0.867255024675
2307,1.0
2308,0.900018557439
2309,0.283330618196
2310,0.738306217398
2311,0.626844070577
2312,0.621486927719
2313,0.822536445377
2314,0.409132344536
2315,0.350015938074
2316,0.472303282962
2317,0.512126451535
2318,0.821966644807
2319,0.903413788002
2320,0.799810447863
2321,0.940927882554
2322,0.764721839003
2323,0.639018349605
2324,0.328770141222
2325,0.637524834573
2326,0.106758584433
2327,0.273010579749
2328,0.745642399583
2329,0.665672911986
2330,0.789981388034
2331,0.637060520793
2332,0.446784374986
2333,0.656784023097
2334,0.637461790203
2335,0.71894273834
2336,0.79466440287
2337,0.545533303744
2338,0.692857573488
2339,0.953598447856
2340,0.589668745901
2341,0.443453179458
2342,0.9730428923
2343,0.821259616246
2344,0.800158563836
2345,0.800380248433
2346,0.602571552664
2347,0.123480138074
2348,0.582790990014
2349,0.411033307663
2350,0.680968859194
2351,0.545570016963
2352,0.302545908946
2353,0.130679718975
2354,0.76821732013
2355,0.303672995342
2356,0.132571047165
2357,0.764630006144
2358,0.645828027796
2359,0.382453953306
2360,0.728763592662
2361,0.21518332034
2362,0.458099169433
2363,0.138151773288
2364,0.176585183587
2365,0.393873757999
2366,0.649560520793
2367,0.526206425154
2368,0.120595522689
2369,0.312584170846
2370,0.0958494935244
2371,0.497179997678
2372,0.972388345472
2373,0.761399138312
2374,0.442173804092
2375,0.925350935667
2376,0.769707333385
2377,0.790666929344
2378,0.424941274696
2379,0.686439537602
2380,0.86202108792
2381,0.812747469582
2382,0.261522622291
2383,0.737209536301
2384,0.255898666869
2385,0.312757830897
2386,0.856236371848
2387,0.449703179458
2388,0.546718266254
2389,0.877796335217
2390,0.473088127843
2391,0.387315358945
2392,0.16415757576
2393,0.867255024675
2394,0.900018557439
2395,0.560600010999
2396,0.109802981896
2397,0.769795695609
2398,0.480106291142
2399,0.489640873343
2400,0.962745819872
2401,0.927546759495
2402,0.677649531463
2403,0.0410840588011
2404,0.315618527111
2405,0.809345108097
2406,0.462418546366
2407,0.174886925749
2408,0.867255024675
2409,0.441970447007
2410,0.367612977993
2411,0.34812119955
2412,0.877796335217
2413,0.778085229998
2414,0.219418310425
2415,0.546718266254
2416,0.927546759495
2417,0.70890536713
2418,0.9730428923
2419,0.552387742976
2420,0.7962224849
2421,0.395648692279
2422,0.726653343566
2423,0.136846311749
2424,0.525677654569
2425,0.867161686846
2426,0.272254508805
2427,0.072850923228
2428,0.761399138312
2429,0.660693553463
2430,0.329737229725
2431,0.207267332294
2432,0.711438157726
2433,0.508884571828
2434,0.789484667076
2435,0.654804832697
2436,0.823124945965
2437,0.570447543939
2438,0.673130895179
2439,0.296993505484
2440,0.9730428923
2441,0.122517079393
2442,0.853728454627
2443,0.278765445468
2444,0.11564936727
2445,0.953598447856
2446,0.659036809423
2447,0.783244530074
2448,0.471357341472
2449,0.776518289122
2450,0.825038823355
2451,0.495953364605
2452,0.46228246861
2453,0.430944021949
2454,0.935331847419
2455,0.166062973379
2456,0.813392926858
2457,0.764031445605
2458,0.0197247212808
2459,0.828235689301
2460,0.796719754323
2461,0.863504525941
2462,0.165016661854
2463,0.904659741747
2464,0.849685382773
2465,0.62491395024
2466,0.796719754323
2467,0.132571047165
2468,0.85690936384
2469,0.335944790139
2470,0.199946365288
2471,0.959401291863
2472,0.88799307508
2473,0.763010120596
2474,0.222340580079
2475,0.242576000057
2476,0.165016661854
2477,0.997346666107
2478,0.913750650838
2479,0.518393051601
2480,0.327259476985
2481,0.416887680961
2482,0.900018557439
2483,0.750286562513
2484,0.430803940045
2485,0.133402879102
2486,0.717610349836
2487,0.565881363362
2488,0.884659741747
2489,0.793614164261
2490,0.134360376578
2491,0.88799307508
2492,0.753533888924
2493,0.343023467056
2494,0.556060371517
2495,0.141281438673
2496,0.827186451149
2497,0.902125262876
2498,0.519726118747
2499,0.451945269156
2500,0.700215556479
2501,0.462653874017
2502,0.402226643493
2503,0.746083724289
2504,0.709513090639
2505,0.248945061174
2506,0.797005468609
2507,0.623052986745
2508,0.297183389604
2509,0.826776643354
2510,0.84096316055
2511,0.873359303605
2512,0.59711185884
2513,0.713187616477
2514,0.785842466159
2515,0.557544258373
2516,0.857866454126
2517,0.49126703921
2518,0.904659741747
2519,0.754143909718
2520,0.708227764159
2521,0.112271905287
2522,0.26912049977
2523,0.621266680131
2524,0.653704355226
2525,0.304533344177
2526,0.456390263363
2527,0.882352049439
2528,0.789126984774
2529,0.807600178247
2530,0.576040709746
2531,0.569226190476
2532,0.178583320082
2533,0.137587424425
2534,0.789261172952
2535,0.883935277983
2536,0.879771921234
2537,0.121661956255
2538,0.14220280904
2539,0.854964228926
2540,0.593660566109
2541,0.104258692618
2542,0.827186451149
2543,0.93544295853
2544,0.682406441985
2545,0.793614164261
2546,0.604373355018
2547,0.202739923815
2548,0.0612034378257
2549,0.662141165954
2550,0.760830030013
2551,0.857268191997
2552,0.520183138096
2553,0.487438947018
2554,0.810991482595
2555,0.608965311005
2556,0.793614164261
2557,0.251722838952
2558,0.20829547937
2559,0.704397180919
2560,0.849074112541
2561,0.79234145543
2562,0.657026325026
2563,0.373673311338
2564,0.793614164261
2565,0.0776676753426
2566,0.205705226507
2567,0.229695289686
2568,0.488464561754
2569,0.853690416592
2570,0.530028305028
2571,0.882352049439
2572,0.789126984774
2573,0.751989859216
2574,0.3664458832
2575,0.84356740353
2576,0.624986462928
2577,0.904659741747
2578,0.341741696056
2579,0.304640648664
2580,0.1770003825
2581,0.322514154076
2582,0.793614164261
2583,0.131959872268
2584,0.167016115213
2585,0.135038729285
2586,0.810991482595
2587,0.169879170379
2588,0.47875883395
2589,0.771700096347
2590,0.904659741747
2591,0.143895872142
2592,0.689629813911
2593,0.827186451149
2594,0.371401845434
2595,0.254038563049
2596,0.153106398458
2597,0.143895872142
2598,0.285680908346
2599,0.616353782183
2600,0.197463702964
2601,0.546240635605
2602,0.6451214867
2603,0.765845956116
2604,0.700568569505
2605,0.338697735571
2606,0.163854649347
2607,0.716182074419
2608,0.387656309208
2609,0.187048841259
2610,0.198417777114
2611,0.177824595217
2612,0.790508574199
2613,0.169879170379
2614,0.913750650838
2615,0.325272774766
2616,0.16963886599
2617,0.721283927721
2618,0.499628917532
2619,0.877464228926
2620,0.477896610668
2621,0.884659741747
2622,0.406211230942
2623,0.609417989418
2624,0.740407049992
2625,0.778128673398
2626,0.108986097706
2627,0.747069616972
2628,0.781005468609
2629,0.220405114405
2630,0.107224124556
2631,0.245692220563
2632,0.240088924588
2633,0.217363039134
2634,0.337091187337
2635,0.779830918522
2636,0.322514154076
2637,0.437483968846
2638,0.980898876404
2639,0.920685382773
2640,0.389894569798
2641,0.153482338307
2642,0.410148944193
2643,0.15707429233
2644,0.624889496468
2645,0.888740938328
2646,0.246047754668
2647,0.168802816606
2648,0.294635366197
2649,0.163819564602
2650,0.685864661654
2651,0.793614164261
2652,0.797384863327
2653,0.207220486656
2654,0.929776291863
2655,0.335415886012
2656,0.882352049439
2657,0.194730362517
2658,0.773438725665
2659,0.879771921234
2660,0.904659741747
2661,0.453331987209
2662,0.713870811597
2663,0.849686451149
2664,0.904659741747
2665,0.634508544087
2666,0.536672077922
2667,0.210448472849
2668,0.807600178247
2669,0.929776291863
2670,0.390821165794
2671,0.322514154076
2672,0.661968861548
2673,0.776754985035
2674,0.726045832482
2675,0.964956847419
2676,0.217588497709
2677,0.639270448849
2678,0.0874460275445
2679,0.875770852858
2680,0.336758483029
2681,0.174016933023
2682,0.203957367781
2683,0.586550449767
2684,0.871240938328
2685,0.884659741747
2686,0.253783420438
2687,0.295917464307
2688,0.517328947368
2689,0.721283927721
2690,0.509978021978
2691,0.827186451149
2692,0.0931537181514
2693,0.796900219594
2694,0.323050069107
2695,0.36918152264
2696,0.62907450487
2697,0.238040025232
2698,0.198966276966
2699,0.789454797058
2700,0.321804328108
2701,0.503451993719
2702,0.913750650838
2703,0.850816153424
2704,0.215800582869
2705,0.88079756226
2706,0.827186451149
2707,0.569150133443
2708,0.720323557001
2709,0.217053311019
2710,0.588436012502
2711,0.322514154076
2712,0.870600271773
2713,0.559962756542
2714,0.0900596223321
2715,0.793614164261
2716,0.713780065865
2717,0.775209820067
2718,0.146172332524
2719,0.750777597319
2720,0.758351945544
2721,0.822729186191
2722,0.247615297486
2723,0.41819713348
2724,0.81338642099
2725,0.561343130554
2726,0.242255800999
2727,0.797005468609
2728,0.600470862691
2729,0.950956847419
2730,0.796962755491
2731,0.81248799876
2732,0.810705768309
2733,0.67950102529
2734,0.189352962618
2735,0.346369087532
2736,0.285343701604
2737,0.304227117039
2738,0.386561923379
2739,0.153106398458
2740,0.782366763014
2741,0.0912346930916
2742,0.91009531255
2743,0.726045832482
2744,0.872074271661
2745,0.264777073839
2746,0.527860275689
2747,0.389086839077
2748,0.793614164261
2749,0.480072063127
2750,0.703932720228
2751,0.4768484546
2752,0.667706956786
2753,0.410153566159
2754,0.745799383025
2755,0.108986097706
2756,0.728735890962
2757,0.42832460521
2758,0.814696953328
2759,0.792366763014
2760,0.323961904264
2761,0.935331847419
2762,0.113986097706
2763,0.315584023364
2764,0.323529855376
2765,0.159711654968
2766,0.67723076631
2767,0.76151366874
2768,0.725640732517
2769,0.882352049439
2770,0.269304601726
2771,0.590303030303
2772,0.833482570488
2773,0.294551160811
2774,0.337753819115
2775,0.153231527213
2776,0.810991482595
2777,0.195507858086
2778,0.207600424397
2779,0.385565379269
2780,0.729446024543
2781,0.429625185372
2782,0.765845956116
2783,0.108986097706
2784,0.130038729285
2785,0.713358359284
2786,0.14462519545
2787,0.667270448849
2788,0.92144295853
2789,0.160482500895
2790,0.872074271661
2791,0.393499737223
2792,0.856509525286
2793,0.705358909685
2794,0.274203016614
2795,0.327228565666
2796,0.949331847419
2797,0.325272774766
2798,0.0917447183956
2799,0.810991482595
2800,0.929776291863
2801,0.852074271661
2802,0.827186451149
2803,0.448144018867
2804,0.321800559143
2805,0.169879170379
2806,0.346524867616
2807,0.804794773602
2808,0.793614164261
2809,0.294635366197
2810,0.374394808257
2811,0.483030017126
2812,0.865685382773
2813,0.40881117485
2814,0.105852764965
2815,0.547711014177
2816,0.352575351308
2817,0.830283057734
2818,0.243116337685
2819,0.883905819999
2820,0.213281884782
2821,0.460297527639
2822,0.827186451149
2823,0.539230959483
2824,0.418532412236
2825,0.135012646717
2826,0.843853117815
2827,0.832010437
2828,0.870760318938
2829,0.177412730939
2830,0.793614164261
2831,0.724875307101
2832,0.164533850316
2833,0.88799307508
2834,0.849193410506
2835,0.83829756226
2836,0.586650266134
2837,0.123196624022
2838,0.0973624993448
2839,0.663079972659
2840,0.156698352481
2841,0.912109625197
2842,0.187655506137
2843,0.734714776721
2844,0.709270078349
2845,0.712986415071
2846,0.88799307508
2847,0.92144295853
2848,0.849758563929
2849,0.638538684186
2850,0.575294117647
2851,0.676518708273
2852,0.380887171483
2853,0.393622877703
2854,0.790924105782
2855,0.292892446807
2856,0.1770003825
2857,0.145724223912
2858,0.735117894702
2859,0.325272774766
2860,0.611525295785
2861,0.214007820611
2862,0.500626529356
2863,0.320771234686
2864,0.1770003825
2865,0.1770003825
2866,0.542937921727
2867,0.723828080305
2868,0.838013579701
2869,0.897083984171
2870,0.793614164261
2871,0.39898470812
2872,0.224033435684
2873,0.7556303009
2874,0.250211991867
2875,0.321716708279
2876,0.733967910405
2877,0.113800967615
2878,0.77707914493
2879,0.827186451149
2880,0.71951403924
2881,0.153106398458
2882,0.34753547168
2883,0.739857634715
2884,0.334480233973
2885,0.298682985245
2886,0.789261172952
2887,0.712478896274
2888,0.588079972659
2889,0.779781663175
2890,0.212040325618
2891,0.639447520743
2892,0.368522074941
2893,0.904659741747
2894,0.153634219178
2895,0.778583517274
2896,0.902352049439
2897,0.769366401624
2898,0.174461456494
2899,0.419826088114
2900,0.196452312768
2901,0.753392152575
2902,0.827186451149
2903,0.88799307508
2904,0.0760151838393
2905,0.22347907335
2906,0.929776291863
2907,0.438203578096
2908,0.70611525991
2909,0.153106398458
2910,0.469239326581
2911,0.285680908346
2912,0.264784827875
2913,0.196397002291
2914,0.53052810408
2915,0.254362784231
2916,0.156698352481
2917,0.751989859216
2918,0.285680908346
2919,0.236832330453
2920,0.410481850883
2921,0.405726665264
2922,0.270559526345
2923,0.433883998342
2924,0.285680908346
2925,0.13861171388
2926,0.15707429233
2927,0.836075340037
2928,0.179700598951
2929,0.108986097706
2930,0.885154788598
2931,0.178890519726
2932,0.594043437755
2933,0.632318485608
2934,0.128485132455
2935,0.684613806512
2936,0.77831541013
2937,0.807777124819
2938,0.868818418876
2939,0.33113743642
2940,0.78781851572
2941,0.459224702193
2942,0.884401291863
2943,0.303842825405
2944,0.368723274006
2945,0.192334014386
2946,0.980898876404
2947,0.153106398458
2948,0.810991482595
2949,0.666982099944
2950,0.490037545788
2951,0.340959465151
2952,0.744681196897
2953,0.584529220779
2954,0.148106398458
2955,0.749083554195
2956,0.836075340037
2957,0.313603736283
2958,0.520979431363
2959,0.807600178247
2960,0.0909250888321
2961,0.964956847419
2962,0.441757536657
2963,0.38581189836
2964,0.194133160217
2965,0.730164462391
2966,0.554950866471
2967,0.927384987516
2968,0.980898876404
2969,0.745481327251
2970,0.810751859969
2971,0.279240724823
2972,0.889623880846
2973,0.644508544087
2974,0.164195504452
2975,0.796719754323
2976,0.130317836143
2977,0.775270887875
2978,0.786021394712
2979,0.627784261534
2980,0.135038729285
2981,0.546335946566
2982,0.296279276109
2983,0.567386363636
2984,0.301370506359
2985,0.153106398458
2986,0.8754589781
2987,0.122713246168
2988,0.264323982817
2989,0.322514154076
2990,0.091581823635
2991,0.836075340037
2992,0.511978021978
2993,0.371577284031
2994,0.7766524773
2995,0.198251991252
2996,0.781005468609
2997,0.630634085213
2998,0.534053500808
2999,0.88799307508
3000,0.460281665703
3001,0.21905848361
3002,0.604405651977
3003,0.810991482595
3004,0.0725272441291
3005,0.907534188901
3006,0.431463257867
3007,0.0917447183956
3008,0.439826200444
3009,0.558112135566
3010,0.847186451149
3011,0.789126984774
3012,0.663357750437
3013,0.810990266862
3014,0.218882980952
3015,0.61546092504
3016,0.16950323053
3017,0.345925530013
3018,0.252011710774
3019,0.153106398458
3020,0.363500520853
3021,0.391745351258
3022,0.980898876404
3023,0.516449725327
3024,0.70683887527
3025,0.796719754323
3026,0.797005468609
3027,0.634032353611
3028,0.246418156392
3029,0.126435194586
3030,0.874748026536
3031,0.868740938328
3032,0.913750650838
3033,0.92144295853
3034,0.865685382773
3035,0.320771234686
3036,0.154446624022
3037,0.153106398458
3038,0.351072166304
3039,0.935331847419
3040,0.635646904583
3041,0.781005468609
3042,0.608080447367
3043,0.697705587932
3044,0.868740938328
3045,0.63522035176
3046,0.718011617732
3047,0.410426669939
3048,0.295198618492
3049,0.202537705538
3050,0.749672347315
3051,0.882352049439
3052,0.902352049439
3053,0.929692679823
3054,0.508363429942
3055,0.281688695102
3056,0.884659741747
3057,0.545860275689
3058,0.285680908346
3059,0.385905589573
3060,0.739910318578
3061,0.725627638917
3062,0.156698352481
3063,0.59896969697
3064,0.121790975755
3065,0.523338744589
3066,0.844020328749
3067,0.588706539075
3068,0.79692252257
3069,0.343246727121
3070,0.857464228926
3071,0.784826510941
3072,0.741232867669
3073,0.460297527639
3074,0.114193622019
3075,0.448454865428
3076,0.156698352481
3077,0.190541672431
3078,0.781005468609
3079,0.879730012632
3080,0.422033812796
3081,0.747596504033
3082,0.913750650838
3083,0.198177988678
3084,0.619088645411
3085,0.980898876404
3086,0.108986097706
3087,0.222280982086
3088,0.549411707077
3089,0.762850171249
3090,0.509978021978
3091,0.135968658305
3092,0.715385051316
3093,0.746418795096
3094,0.882352049439
3095,0.807600178247
3096,0.885942851839
3097,0.139551240864
3098,0.661686591407
3099,0.0724340739188
3100,0.733153518485
3101,0.860575176554
3102,0.779758067362
3103,0.828764475352
3104,0.913750650838
3105,0.499613844659
3106,0.340344895627
3107,0.153114622571
3108,0.766340262449
3109,0.0721649326536
3110,0.768428180434
3111,0.764926367152
3112,0.641320118905
3113,0.259126713487
3114,0.132053766879
3115,0.391442302606
3116,0.276303394552
3117,0.753237260463
3118,0.849686451149
3119,0.473556969346
3120,0.797005468609
3121,0.187536096786
3122,0.376357920061
3123,0.624571690748
3124,0.882352049439
3125,0.597064935065
3126,0.252180323058
3127,0.661175210754
3128,0.321894558333
3129,0.703237210011
3130,0.857629827217
3131,0.0605045502101
3132,0.745799383025
3133,0.405752484475
3134,0.471049166339
3135,0.155873964317
3136,0.160668644063
3137,0.644226273947
3138,0.491393210753
3139,0.28218310121
3140,0.118196624022
3141,0.852742006704
3142,0.781005468609
3143,0.779758067362
3144,0.238492332216
3145,0.295397981857
3146,0.913750650838
3147,0.153106398458
3148,0.242621427782
3149,0.748726001712
3150,0.712478896274
3151,0.37943826799
3152,0.285680908346
3153,0.717610349836
3154,0.675360219155
3155,0.0601601250418
3156,0.827186451149
3157,0.810991482595
3158,0.521510623883
3159,0.392757265901
3160,0.216347118399
3161,0.815879303108
3162,0.379700717615
3163,0.489618377841
3164,0.515511904762
3165,0.7661737684
3166,0.172156578289
3167,0.827186451149
3168,0.8871117517
3169,0.793614164261
3170,0.399066779829
3171,0.793614164261
3172,0.836269351654
3173,0.323529855376
3174,0.510811317159
3175,0.414833731568
3176,0.793614164261
3177,0.269136790699
3178,0.222662500283
3179,0.641485123064
3180,0.250863959874
3181,0.681229551371
3182,0.750252212478
3183,0.442495635456
3184,0.143879170379
3185,0.659664814186
3186,0.789126984774
3187,0.128760544669
3188,0.605167446604
3189,0.807600178247
3190,0.819880371484
3191,0.320771234686
3192,0.678623517055
3193,0.708227764159
3194,0.92144295853
3195,0.063032214683
3196,0.644461342751
3197,0.913750650838
3198,0.239615470736
3199,0.184658824915
3200,0.827186451149
3201,0.063032214683
3202,0.895378917214
3203,0.867877607717
3204,0.117843240563
3205,0.153106398458
3206,0.532607202347
3207,0.50970840778
3208,0.913750650838
3209,0.337158805402
3210,0.187536096786
3211,0.776518289122
3212,0.664295330874
3213,0.307584070885
3214,0.602042121621
3215,0.143895872142
3216,0.441616208957
3217,0.342270498576
3218,0.593611411416
3219,0.53175
3220,0.792232574836
3221,0.893750650838
3222,0.564662004662
3223,0.716054119497
3224,0.882352049439
3225,0.882352049439
3226,0.619990284572
3227,0.463154670496
3228,0.542386363636
3229,0.88230770074
3230,0.980898876404
3231,0.781005468609
3232,0.365121358844
3233,0.843853117815
3234,0.796719754323
3235,0.0588024471391
3236,0.348072975875
3237,0.495216266583
3238,0.810778537439
3239,0.93544295853
3240,0.634032353611
3241,0.781005468609
3242,0.413332407562
3243,0.661220832226
3244,0.827186451149
3245,0.153106398458
3246,0.153106398458
3247,0.185321412348
3248,0.335570393813
3249,0.716686220907
3250,0.476565526696
3251,0.740407049992
3252,0.0917447183956
3253,0.254204982836
3254,0.655593211055
3255,0.509895283203
3256,0.583434066581
3257,0.31661630453
3258,0.518035714286
3259,0.714920291357
3260,0.197463702964
3261,0.704675257965
3262,0.177714668215
3263,0.789309063355
3264,0.784621531316
3265,0.323529855376
3266,0.793614164261
3267,0.282109479774
3268,0.33389469028
3269,0.730643921235
3270,0.705967200409
3271,0.857169447126
3272,0.811186451149
3273,0.23010197388
3274,0.291063937626
3275,0.913750650838
3276,0.320771234686
3277,0.121107309827
3278,0.827186451149
3279,0.793614164261
3280,0.0714546198753
3281,0.810991482595
3282,0.793614164261
3283,0.523925438596
3284,0.673046900109
3285,0.745799383025
3286,0.792518289122
3287,0.313559696225
3288,0.144249255601
3289,0.793614164261
3290,0.738462389356
3291,0.203091204552
3292,0.325272774766
3293,0.882352049439
3294,0.13962519545
3295,0.220278964279
3296,0.611794065265
3297,0.686788790584
3298,0.84096316055
3299,0.501294464425
3300,0.555387214137
3301,0.0918454654956
3302,0.149384440127
3303,0.183395943056
3304,0.620127591707
3305,0.751178260763
3306,0.610906607411
3307,0.153106398458
3308,0.108986097706
3309,0.399031807612
3310,0.321167277269
3311,0.77216093957
3312,0.793431021392
3313,0.401578535282
3314,0.875140459197
3315,0.163819564602
3316,0.567386363636
3317,0.65243019073
3318,0.413641478004
3319,0.593862971823
3320,0.153106398458
3321,0.796719754323
3322,0.740407049992
3323,0.319424357879
3324,0.773828230642
3325,0.648699020278
3326,0.729850054576
3327,0.365695786787
3328,0.105969324464
3329,0.300916511137
3330,0.562078272356
3331,0.522039351599
3332,0.205864960472
3333,0.793614164261
3334,0.535028723118
3335,0.334700748664
3336,0.852074271661
3337,0.219772769324
3338,0.523035714286
3339,0.796719754323
3340,0.964956847419
3341,0.88799307508
3342,0.0917447183956
3343,0.827186451149
3344,0.232165300217
3345,0.176212830292
3346,0.58428417741
3347,0.745799383025
3348,0.320771234686
3349,0.285680908346
3350,0.0614753017454
3351,0.74147138282
3352,0.797005468609
3353,0.807600178247
3354,0.683001680081
3355,0.716157968884
3356,0.285680908346
3357,0.135038729285
3358,0.793614164261
3359,0.636588744589
3360,0.760830030013
3361,0.868740938328
3362,0.0598169147753
3363,0.606092149411
3364,0.682406441985
3365,0.743021605248
3366,0.767321117906
3367,0.622127591707
3368,0.793614164261
3369,0.929776291863
3370,0.810991482595
3371,0.869639178447
3372,0.821079763877
3373,0.762074506309
3374,0.315113674265
3375,0.865165180752
3376,0.668454896455
3377,0.430044632959
3378,0.153106398458
3379,0.736469718284
3380,0.707948175533
3381,0.153106398458
3382,0.302997387843
3383,0.212270128987
3384,0.485223636013
3385,0.295262622344
3386,0.764926367152
3387,0.434154499127
3388,0.876619952182
3389,0.0540144391205
3390,0.49671858027
3391,0.156755232298
3392,0.640874458874
3393,0.520387576175
3394,0.232165300217
3395,0.167716184222
3396,0.282109479774
3397,0.765006786987
3398,0.297015578577
3399,0.528848724619
3400,0.756477038703
3401,0.130602228023
3402,0.559053030303
3403,0.533238017429
3404,0.18817223828
3405,0.911994890032
3406,0.861104073956
3407,0.398430015939
3408,0.153106398458
3409,0.378359558852
3410,0.662564099643
3411,0.964956847419
3412,0.332737314583
3413,0.351121076075
3414,0.773438725665
3415,0.760588353594
3416,0.313559696225
3417,0.722731481746
3418,0.882352049439
3419,0.153482338307
3420,0.796765535722
3421,0.153106398458
3422,0.269136790699
3423,0.84096316055
3424,0.202141554518
3425,0.0917447183956
3426,0.622047212604
3427,0.882352049439
3428,0.935331847419
3429,0.913750650838
3430,0.935331847419
3431,0.591192183052
3432,0.161103840965
3433,0.362744362785
3434,0.2533764481
3435,0.153106398458
3436,0.0615720059589
3437,0.769085734355
3438,0.533046746683
3439,0.760419664514
3440,0.827186451149
3441,0.17963774642
3442,0.781005468609
3443,0.921991517231
3444,0.743021605248
3445,0.530641418339
3446,0.230416493416
3447,0.517914831052
3448,0.744356725793
3449,0.551361039187
3450,0.64800456651
3451,0.108986097706
3452,0.179121948697
3453,0.879771921234
3454,0.410495351258
3455,0.772493110097
3456,0.680565036022
3457,0.48108306514
3458,0.108986097706
3459,0.827186451149
3460,0.793614164261
3461,0.887748409097
3462,0.836075340037
3463,0.128778969219
3464,0.153106398458
3465,0.757412161585
3466,0.292892446807
3467,0.41014497267
3468,0.0977035610818
3469,0.91998049608
3470,0.827186451149
3471,0.920276349096
3472,0.90926032787
3473,0.904659741747
3474,0.64165140123
3475,0.827186451149
3476,0.573967418546
3477,0.29917778774
3478,0.650653932147
3479,0.84079756226
3480,0.153408824915
3481,0.815879303108
3482,0.111680271888
3483,0.516419976591
3484,0.063032214683
3485,0.208001671102
3486,0.251873383488
3487,0.678308662491
3488,0.727474403911
3489,0.153106398458
3490,0.411731768181
3491,0.320771234686
3492,0.829776291863
3493,0.743021605248
3494,0.18050053682
3495,0.828682967314
3496,0.146014625893
3497,0.13462407588
3498,0.0915218361615
3499,0.183078919887
3500,0.764598554868
3501,0.371401845434
3502,0.529903008624
3503,0.338504121306
3504,0.614378459466
3505,0.8340732583
3506,0.703279106122
3507,0.327525738374
3508,0.175957707766
3509,0.322514154076
3510,0.298329638925
3511,0.690161806457
3512,0.88799307508
3513,0.184794691942
3514,0.787731210737
3515,0.108986097706
3516,0.88799307508
3517,0.1962221438
3518,0.806487600899
3519,0.611115686945
3520,0.108986097706
3521,0.160227610579
3522,0.621591877421
3523,0.745311001798
3524,0.90425709365
3525,0.623255495153
3526,0.854648848255
3527,0.806218588822
3528,0.775270887875
3529,0.0822899936572
3530,0.869244602246
3531,0.843105254567
3532,0.92144295853
3533,0.664912009263
3534,0.907267466829
3535,0.885685382773
3536,0.603445767196
3537,0.156698352481
3538,0.959401291863
3539,0.786328864511
3540,0.882352049439
3541,0.696387472824
3542,0.520058830059
3543,0.908089754278
3544,0.252801020961
3545,0.167832834657
3546,0.790157080886
3547,0.797005468609
3548,0.402257345876
3549,0.38253789205
3550,0.706580019869
3551,0.354735178768
3552,0.528494051824
3553,0.826970445018
3554,0.681612791192
3555,0.739050999579
3556,0.740331546768
3557,0.476951597253
3558,0.284633865574
3559,0.130038729285
3560,0.108986097706
3561,0.623589625669
3562,0.355255920297
3563,0.904659741747
3564,0.420287488535
3565,0.776352049439
3566,0.719682196119
3567,0.285680908346
3568,0.292892446807
3569,0.130038729285
3570,0.353454784663
3571,0.282109479774
3572,0.840677446265
3573,0.108986097706
3574,0.536168498168
3575,0.166569664826
3576,0.720490276927
3577,0.886243189375
3578,0.135038729285
3579,0.132053766879
3580,0.935331847419
3581,0.108986097706
3582,0.360344895627
3583,0.108986097706
3584,0.696594476821
3585,0.836075340037
3586,0.904776291863
3587,0.265577012242
3588,0.827186451149
3589,0.335305705024
3590,0.859852049439
3591,0.484541931752
3592,0.743109324546
3593,0.980898876404
3594,0.790508574199
3595,0.904659741747
3596,0.144249255601
3597,0.282109479774
3598,0.323019607349
3599,0.884659741747
3600,0.736745688182
3601,0.734216573801
3602,0.447366977281
3603,0.505669436406
3604,0.237239302791
3605,0.153106398458
3606,0.16374829035
3607,0.231297553802
3608,0.747046784273
3609,0.805793651441
3610,0.460281665703
3611,0.269136790699
3612,0.722585097311
3613,0.377079165743
3614,0.193720811779
3615,0.810991482595
3616,0.21238131523
3617,0.446646860453
3618,0.386114329778
3619,0.750459482686
3620,0.685336039131
3621,0.91144295853
3622,0.166895720902
3623,0.832074271661
3624,0.320771234686
3625,0.220219124995
3626,0.218984481036
3627,0.164394463613
3628,0.73793259661
3629,0.634032353611
3630,0.059559683637
3631,0.790157080886
3632,0.701089399379
3633,0.84079756226
3634,0.708742564674
3635,0.962567204618
3636,0.92144295853
3637,0.705018578814
3638,0.316238267653
3639,0.235602601257
3640,0.793614164261
3641,0.865685382773
3642,0.852670333565
3643,0.108986097706
3644,0.176624442651
3645,0.633454982579
3646,0.793614164261
3647,0.153482338307
3648,0.222752826624
3649,0.118196624022
3650,0.92144295853
3651,0.169879170379
3652,0.344440041592
3653,0.351821929736
3654,0.27634832916
3655,0.980898876404
3656,0.453006720231
3657,0.950956847419
3658,0.719264002553
3659,0.16950323053
3660,0.320771234686
3661,0.213719950071
3662,0.235590951143
3663,0.292892446807
3664,0.904659741747
3665,0.113986097706
3666,0.652603782183
3667,0.523589920937
3668,0.671110275689
3669,0.699231296648
3670,0.789126984774
3671,0.412838382889
3672,0.556076790392
3673,0.815879303108
3674,0.297182022133
3675,0.898252507204
3676,0.198521161855
3677,0.701739254115
3678,0.624380340027
3679,0.832074271661
3680,0.186821811072
3681,0.207313978116
3682,0.219800956992
3683,0.292892446807
3684,0.575643542785
3685,0.1962221438
3686,0.322514154076
3687,0.55521969697
3688,0.668760070986
3689,0.797005468609
3690,0.321858183218
3691,0.661175210754
3692,0.248764194566
3693,0.88478654099
3694,0.793614164261
3695,0.165911276507
3696,0.902352049439
3697,0.859852049439
3698,0.509050526297
3699,0.723774960792
3700,0.404174050646
3701,0.681267970807
3702,0.88799307508
3703,0.522578644491
3704,0.331721613283
3705,0.728069034
3706,0.123739786455
3707,0.77341269906
3708,0.809819214121
3709,0.508924357475
3710,0.400997013911
3711,0.206864035692
3712,0.669413376998
3713,0.448519276132
3714,0.885685382773
3715,0.646312600108
3716,0.776518289122
3717,0.258601076413
3718,0.130038729285
3719,0.466937750359
3720,0.793614164261
3721,0.570333333333
3722,0.796719754323
3723,0.84735954387
3724,0.285880466336
3725,0.181475136422
3726,0.845786783667
3727,0.135038729285
3728,0.320771234686
3729,0.455212297281
3730,0.166287216356
3731,0.243167501423
3732,0.827186451149
3733,0.686605272395
3734,0.317960428957
3735,0.76784163494
3736,0.853228000003
3737,0.23366787422
3738,0.431956072025
3739,0.743165881597
3740,0.509978021978
3741,0.819880371484
3742,0.325272774766
3743,0.294930898552
3744,0.428672083939
3745,0.310225747995
3746,0.88164096385
3747,0.810976280556
3748,0.87968007092
3749,0.458037261589
3750,0.882352049439
3751,0.11381645764
