MoleculeId,et-PredictedProbability
1,0.715538772186
2,0.937092497764
3,0.20860581537
4,0.359638698385
5,0.142199072284
6,0.340985405906
7,0.777415789184
8,0.66791180968
9,0.687885528531
10,0.192165545869
11,0.741108498043
12,0.273476421781
13,0.643965224584
14,0.799510742273
15,0.783334155675
16,0.658108687638
17,0.760152539681
18,0.24479975324
19,0.292150170331
20,0.379146255896
21,0.604594265712
22,0.591217472131
23,0.233699304508
24,0.205459434251
25,0.146962939022
26,0.918546131849
27,0.557227553943
28,0.344889090351
29,0.688454434878
30,0.774450756629
31,0.102663159854
32,0.645575599581
33,0.097981591422
34,0.685505714886
35,0.701976744493
36,0.334036188835
37,0.662833305829
38,0.457915759929
39,0.441622071231
40,0.808032637621
41,0.874530049156
42,0.172782428986
43,0.097981591422
44,0.662213616261
45,0.315366059062
46,0.901329642005
47,0.570623099876
48,0.168867944452
49,0.0928096800001
50,0.579025755742
51,0.80665308707
52,0.679062434653
53,0.284946943394
54,0.802669162678
55,0.391636149348
56,0.648411488588
57,0.221054776619
58,0.195333752491
59,0.903653549018
60,0.352574014448
61,0.195979310078
62,0.437250940562
63,0.537714000045
64,0.446761253172
65,0.239651823165
66,0.585708402805
67,0.73703174207
68,0.791097862234
69,0.201741284458
70,0.511514379674
71,0.177188805633
72,0.367356664443
73,0.884339874249
74,0.462227088437
75,0.834775888398
76,0.937092497764
77,0.823612835213
78,0.847806576011
79,0.856758187271
80,0.199841598746
81,0.724986494255
82,0.207051357602
83,0.771472552481
84,0.901937226582
85,0.718361354907
86,0.651951043481
87,0.529233762634
88,0.340710800818
89,0.733705730554
90,0.258140985156
91,0.889798858682
92,0.863020959197
93,0.77838975953
94,0.344115326418
95,0.388451899732
96,0.434104611568
97,0.70966195951
98,0.606021544599
99,0.490480720688
100,0.448863410566
101,0.122133952219
102,0.42160028155
103,0.731489118875
104,0.862461437891
105,0.183550833802
106,0.695144317965
107,0.710433932956
108,0.926629143957
109,0.107835071275
110,0.927384795054
111,0.316417803571
112,0.221351115617
113,0.123710543269
114,0.756268279464
115,0.761741440024
116,0.384105110643
117,0.354871368684
118,0.285818348937
119,0.552860886906
120,0.840898704675
121,0.338535666072
122,0.228115278252
123,0.385805714955
124,0.488281190811
125,0.749858221605
126,0.859997285407
127,0.733114959708
128,0.268640914897
129,0.811698353971
130,0.647496333122
131,0.268962448937
132,0.882269480874
133,0.286462585002
134,0.863978688752
135,0.329280425699
136,0.152606059255
137,0.2510851382
138,0.26876734107
139,0.594464156456
140,0.886432844442
141,0.832927509449
142,0.389162840506
143,0.937092497764
144,0.806570615337
145,0.842714569882
146,0.937092497764
147,0.315430947427
148,0.817309286363
149,0.396608057555
150,0.28238754695
151,0.250708967961
152,0.790536495676
153,0.84795358749
154,0.267014058882
155,0.747210105134
156,0.246484825321
157,0.755590404868
158,0.318812062163
159,0.665401046127
160,0.686586978384
161,0.52575013667
162,0.0969763466667
163,0.3389952756
164,0.201990176041
165,0.310365558777
166,0.606251544888
167,0.540502606273
168,0.636186616927
169,0.863594531281
170,0.148429184764
171,0.452781739305
172,0.310217588532
173,0.767554944386
174,0.307535526869
175,0.839068517644
176,0.93191202817
177,0.635227341644
178,0.5328946896
179,0.324365456218
180,0.149150821945
181,0.527789902477
182,0.613291580666
183,0.415042343445
184,0.652822086223
185,0.842516815297
186,0.329466541912
187,0.862257780184
188,0.713472718817
189,0.418408946147
190,0.650046423899
191,0.705392955985
192,0.936208324466
193,0.812720090335
194,0.38563819404
195,0.359546432905
196,0.313268962388
197,0.727911444852
198,0.66716387324
199,0.690000879045
200,0.519891839615
201,0.922940432237
202,0.65557693039
203,0.360386370848
204,0.937092497764
205,0.838495517445
206,0.283097340276
207,0.237002013722
208,0.23388021301
209,0.891405917284
210,0.225305906564
211,0.338459676855
212,0.499821877225
213,0.614073558459
214,0.322052379264
215,0.937092497764
216,0.180416036772
217,0.548118243162
218,0.121116558307
219,0.853638127997
220,0.866620003983
221,0.126968222123
222,0.139484455889
223,0.669810473223
224,0.508742729272
225,0.366868155368
226,0.355597633244
227,0.671873768818
228,0.336830324372
229,0.717841272192
230,0.267669436369
231,0.11694989164
232,0.554726922136
233,0.840272798413
234,0.843326585633
235,0.787688778102
236,0.467377109724
237,0.301666168353
238,0.17315138021
239,0.252322886808
240,0.130004082161
241,0.895080050538
242,0.252553700113
243,0.556554069119
244,0.171487299537
245,0.597512691182
246,0.740017761325
247,0.382116541451
248,0.645901682297
249,0.435722830672
250,0.36019394434
251,0.757099053738
252,0.595145703237
253,0.210114541318
254,0.153827408009
255,0.4801539656
256,0.745593680355
257,0.203259203267
258,0.369225917712
259,0.880932045592
260,0.925351155093
261,0.8602625871
262,0.884154597458
263,0.439619006011
264,0.420296303307
265,0.0928096800001
266,0.166390623684
267,0.688243840471
268,0.171240567411
269,0.905849751414
270,0.130523263573
271,0.69631546627
272,0.730758181648
273,0.238188282392
274,0.477162967176
275,0.679383852536
276,0.241595800427
277,0.623038338808
278,0.388559005685
279,0.877198462083
280,0.231064777548
281,0.424166108727
282,0.426482496586
283,0.793442670578
284,0.709816521719
285,0.702320716563
286,0.287690562646
287,0.556636648098
288,0.374921663983
289,0.778666598213
290,0.654641267365
291,0.320854434472
292,0.781830166287
293,0.865677015168
294,0.597342354863
295,0.699726253993
296,0.60289178384
297,0.357288931574
298,0.548966902735
299,0.142199072284
300,0.789997656081
301,0.788065160858
302,0.333063718578
303,0.862938133006
304,0.786469695892
305,0.917737659054
306,0.246665056318
307,0.586141695342
308,0.678178215064
309,0.190920070055
310,0.927513317255
311,0.477931428815
312,0.900182297893
313,0.779908831614
314,0.382552903272
315,0.610783722288
316,0.898160552891
317,0.316772901485
318,0.842934243307
319,0.827257935148
320,0.89479881951
321,0.904032240041
322,0.166453776115
323,0.133728873752
324,0.637020233756
325,0.333604125838
326,0.692167785895
327,0.799600227308
328,0.704321394224
329,0.3228562574
330,0.825425228382
331,0.296880221066
332,0.494706878697
333,0.854699322018
334,0.676631332478
335,0.109689379248
336,0.897276379593
337,0.682962959305
338,0.355937593362
339,0.740063073948
340,0.796075240072
341,0.692836155487
342,0.548099454729
343,0.832307817957
344,0.0928096800001
345,0.756612269684
346,0.365008698817
347,0.89795191966
348,0.679835178651
349,0.100957781898
350,0.898160552891
351,0.155690045249
352,0.744250462815
353,0.139484455889
354,0.594556831325
355,0.494095957516
356,0.479153821417
357,0.115376192435
358,0.134005431689
359,0.811668857026
360,0.937092497764
361,0.300599985326
362,0.367083266133
363,0.444032013438
364,0.77921928679
365,0.856518073189
366,0.8708410452
367,0.469265477178
368,0.792236216635
369,0.390052312908
370,0.820930216526
371,0.69906903461
372,0.172724260017
373,0.634716510878
374,0.902579784839
375,0.536073873691
376,0.157078440852
377,0.797968235804
378,0.73288208963
379,0.298998131588
380,0.561593124103
381,0.128882454691
382,0.207876921434
383,0.673380719547
384,0.155769391714
385,0.232847665458
386,0.666860772446
387,0.17246742045
388,0.802081352097
389,0.822991536207
390,0.937092497764
391,0.744700374859
392,0.892624116909
393,0.850424283642
394,0.207051357602
395,0.439655277455
396,0.463599561242
397,0.0928096800001
398,0.796063067367
399,0.746853288827
400,0.427044641844
401,0.923217020958
402,0.89125440029
403,0.793884900255
404,0.917657548024
405,0.458595079214
406,0.730776474282
407,0.286430443376
408,0.24501304316
409,0.899298124595
410,0.143540199481
411,0.907936211091
412,0.917657548024
413,0.766287176211
414,0.120127547318
415,0.892373998369
416,0.408566817368
417,0.287141801104
418,0.781140865402
419,0.614455843731
420,0.895029073557
421,0.345882558367
422,0.531643386491
423,0.771780210893
424,0.692688621739
425,0.646875236169
426,0.855729516703
427,0.937092497764
428,0.820084882233
429,0.813464754952
430,0.926527021574
431,0.78647437837
432,0.477734507607
433,0.403326474223
434,0.551509266084
435,0.569427096137
436,0.767360839317
437,0.637418985649
438,0.199724960998
439,0.916251036959
440,0.881408798418
441,0.494161404699
442,0.888346085491
443,0.903694712958
444,0.229081735251
445,0.118553848113
446,0.927236728533
447,0.196131817372
448,0.550183634207
449,0.366705129546
450,0.304607496334
451,0.252163019675
452,0.196779888341
453,0.276019042271
454,0.100957781898
455,0.895029073557
456,0.169532309223
457,0.899108523405
458,0.819033421642
459,0.270813889941
460,0.785634576964
461,0.485242070954
462,0.575826930901
463,0.798132931006
464,0.52149282932
465,0.706478232125
466,0.276457341535
467,0.207911901323
468,0.166997362041
469,0.862790718798
470,0.656564105587
471,0.42829529444
472,0.707673236256
473,0.530284437911
474,0.615788477977
475,0.854116802567
476,0.907959620701
477,0.793491912047
478,0.62889373193
479,0.788340158931
480,0.195107142841
481,0.677636854734
482,0.316106034345
483,0.131760904214
484,0.800489752439
485,0.714005330425
486,0.124294213985
487,0.21754882142
488,0.178942208735
489,0.851315150298
490,0.583300278518
491,0.499250857009
492,0.760412057329
493,0.926527021574
494,0.804272288137
495,0.27192287401
496,0.908158478545
497,0.629055546475
498,0.705557622387
499,0.194941429068
500,0.329952788289
501,0.526624971643
502,0.265562927198
503,0.281839917751
504,0.352670817587
505,0.885285500331
506,0.805679177329
507,0.828195766996
508,0.129213333107
509,0.818024670541
510,0.831906326295
511,0.336261830817
512,0.859170769844
513,0.649525588801
514,0.214255351339
515,0.251532444679
516,0.881665551376
517,0.830945389395
518,0.462149281341
519,0.224589311717
520,0.0928096800001
521,0.519415899768
522,0.0928096800001
523,0.450082376405
524,0.53953793861
525,0.660959734642
526,0.179100762771
527,0.621665139683
528,0.541273049318
529,0.222311397852
530,0.746813628168
531,0.910153171417
532,0.697262626339
533,0.870155264478
534,0.374000275471
535,0.345728886969
536,0.789188700719
537,0.937092497764
538,0.334638242161
539,0.845146810641
540,0.133349819685
541,0.693887493045
542,0.558687685878
543,0.343135988195
544,0.614746229934
545,0.629360565067
546,0.199785826775
547,0.487608554225
548,0.62487163334
549,0.539187804634
550,0.5499715851
551,0.259016181993
552,0.206210331087
553,0.409074482155
554,0.134963622549
555,0.726260503629
556,0.492631562591
557,0.123992031647
558,0.888475355875
559,0.353039069476
560,0.641915962986
561,0.45817144643
562,0.313185492977
563,0.790894192393
564,0.115154002344
565,0.852140874317
566,0.827747039855
567,0.282947485626
568,0.733004171098
569,0.86041863263
570,0.867482663351
571,0.912988158485
572,0.386052307452
573,0.255185865333
574,0.48221655726
575,0.199215395557
576,0.480058041746
577,0.81765340086
578,0.255639256067
579,0.110811261752
580,0.237398808707
581,0.500420933224
582,0.86105139126
583,0.70347450454
584,0.194697488471
585,0.544117741175
586,0.821547496918
587,0.876583615795
588,0.504804174507
589,0.222210084664
590,0.758552941908
591,0.839270412198
592,0.838870665553
593,0.639834206998
594,0.278175661078
595,0.294486919872
596,0.131245031199
597,0.302901881347
598,0.728133901174
599,0.773874428076
600,0.729705249554
601,0.478162812133
602,0.803180073838
603,0.883829194239
604,0.82725705565
605,0.878928649833
606,0.554410770225
607,0.235758318695
608,0.832297304826
609,0.199889435756
610,0.571942267032
611,0.883224946129
612,0.355673848088
613,0.803361659636
614,0.871939771038
615,0.610144864065
616,0.591517411447
617,0.806466925611
618,0.761364665845
619,0.507499505413
620,0.315605061519
621,0.784156214565
622,0.634899212102
623,0.876489628218
624,0.452432075227
625,0.786491698131
626,0.452332655029
627,0.62782020724
628,0.760406198325
629,0.378349144608
630,0.334037082401
631,0.812255629703
632,0.211252448804
633,0.418429430089
634,0.708889953738
635,0.575412331133
636,0.488611808932
637,0.761083877202
638,0.345334610028
639,0.247720446134
640,0.830241531881
641,0.554958164457
642,0.515891550796
643,0.385857053188
644,0.414509898393
645,0.600258634323
646,0.866084917578
647,0.916658270433
648,0.166863350356
649,0.731196852953
650,0.830889491371
651,0.549118871488
652,0.71321037535
653,0.708938400937
654,0.589863032143
655,0.601950281314
656,0.937092497764
657,0.580753560199
658,0.773840688702
659,0.927384795054
660,0.285868724342
661,0.907004713573
662,0.584688220728
663,0.489796818894
664,0.589011969625
665,0.255587486023
666,0.202056397178
667,0.588141635095
668,0.689121352944
669,0.527454273114
670,0.362907819976
671,0.592208389273
672,0.827589778707
673,0.807364597005
674,0.869840755627
675,0.879996106524
676,0.466930675943
677,0.521719144095
678,0.73454787337
679,0.480805547632
680,0.202868187778
681,0.936208324466
682,0.85964041293
683,0.185088369519
684,0.298975927065
685,0.220553250393
686,0.6928999203
687,0.828188293948
688,0.912851257408
689,0.87895498734
690,0.773217668746
691,0.842920705919
692,0.191221266649
693,0.751772177534
694,0.900051653141
695,0.818744890631
696,0.43857890915
697,0.788514666399
698,0.665437275473
699,0.514537464348
700,0.153937399746
701,0.6839250288
702,0.112400001959
703,0.110694624003
704,0.816589188589
705,0.35220174217
706,0.714046871442
707,0.891553983805
708,0.87660474282
709,0.147865971175
710,0.8584126972
711,0.902213815303
712,0.102546522105
713,0.937092497764
714,0.483136909858
715,0.841633451451
716,0.14686072642
717,0.796266018713
718,0.247482108066
719,0.714425454248
720,0.841633451451
721,0.573988866681
722,0.287202821838
723,0.0989635261539
724,0.883266013632
725,0.0969763466667
726,0.155302985914
727,0.786071490004
728,0.770611843877
729,0.341723004417
730,0.837040597837
731,0.879604826406
732,0.57889098995
733,0.650249486371
734,0.471484862991
735,0.792336077141
736,0.0928096800001
737,0.821441555075
738,0.369415676049
739,0.868509231225
740,0.474862722707
741,0.889387186473
742,0.48141446262
743,0.353868523715
744,0.901261686514
745,0.700758377706
746,0.709140947983
747,0.283708322257
748,0.257995236045
749,0.148367224308
750,0.185203063907
751,0.586164770941
752,0.85485222073
753,0.832272565935
754,0.887934046079
755,0.483807147101
756,0.673938454133
757,0.760243395029
758,0.616578984775
759,0.814109898896
760,0.188132883236
761,0.239046526982
762,0.622380792429
763,0.529539211042
764,0.46651933131
765,0.757747010173
766,0.89606634622
767,0.163773189158
768,0.73230191957
769,0.277909834931
770,0.259841359893
771,0.41234914745
772,0.385759736266
773,0.392254347575
774,0.92610680619
775,0.494049114413
776,0.905787683152
777,0.175923470091
778,0.34530221402
779,0.755771192302
780,0.581910635349
781,0.914393491547
782,0.774603325027
783,0.263605047944
784,0.897993083601
785,0.156230392401
786,0.521678506209
787,0.731219006913
788,0.167782758464
789,0.220940627999
790,0.752477354358
791,0.522100019618
792,0.128111724447
793,0.264168736593
794,0.875368278316
795,0.730923053966
796,0.937092497764
797,0.368982418391
798,0.810530615017
799,0.222093661685
800,0.478831751458
801,0.278836359776
802,0.111857299048
803,0.249177801572
804,0.631331559721
805,0.752557813656
806,0.826735363113
807,0.353824577709
808,0.164118958813
809,0.377866013376
810,0.521003448883
811,0.544013832898
812,0.605102950523
813,0.787285004458
814,0.723232266077
815,0.204824660633
816,0.296556646166
817,0.339873379624
818,0.870462416283
819,0.365272740745
820,0.804402721866
821,0.82780871423
822,0.880827459184
823,0.697794644973
824,0.828133615433
825,0.40269898577
826,0.657970995345
827,0.231406527182
828,0.456479529857
829,0.825915469189
830,0.32913848953
831,0.784619141166
832,0.852659932217
833,0.870971319224
834,0.22466832843
835,0.0928096800001
836,0.777994972728
837,0.418542514982
838,0.190458541372
839,0.811971120223
840,0.559140686111
841,0.920616525224
842,0.728839302925
843,0.71473817389
844,0.705751225995
845,0.82096905095
846,0.214802371963
847,0.710288400262
848,0.699081465126
849,0.120127547318
850,0.240709232803
851,0.189653902064
852,0.763980407268
853,0.291447616997
854,0.624434977303
855,0.541921305147
856,0.637465738292
857,0.304865968927
858,0.661133983755
859,0.159540295875
860,0.172340111142
861,0.477786463483
862,0.34962778702
863,0.328605335688
864,0.46468166296
865,0.265284298055
866,0.914158066766
867,0.900966258743
868,0.313345431515
869,0.180273092763
870,0.200110932549
871,0.934046162304
872,0.345575646079
873,0.827501664322
874,0.25554917547
875,0.733089360681
876,0.506853694082
877,0.146098089933
878,0.29906634884
879,0.428302694416
880,0.766138187937
881,0.488179479637
882,0.937092497764
883,0.455570102934
884,0.168368228882
885,0.384627020824
886,0.713362790265
887,0.890284993993
888,0.457212980242
889,0.710727756423
890,0.734668599103
891,0.373646994696
892,0.685097024875
893,0.380291631229
894,0.176087409269
895,0.449416095195
896,0.423122347568
897,0.589757018831
898,0.744123075051
899,0.11320297092
900,0.881896626086
901,0.319595302629
902,0.217113752104
903,0.556950677509
904,0.123036536477
905,0.798697998268
906,0.851137396094
907,0.86185781613
908,0.934930335602
909,0.810130730131
910,0.603114368088
911,0.883754555752
912,0.39256569697
913,0.602180625786
914,0.542533601818
915,0.305266194361
916,0.317676269363
917,0.206113599983
918,0.566436034106
919,0.672534277418
920,0.705433662612
921,0.288048883468
922,0.61082379284
923,0.164673615285
924,0.606128472103
925,0.157813334364
926,0.342293223762
927,0.495481658825
928,0.934930335602
929,0.512714643525
930,0.209038590695
931,0.213111617341
932,0.917737659054
933,0.90963083365
934,0.858828209917
935,0.359613862727
936,0.856316761391
937,0.555390344847
938,0.395739870706
939,0.8250284082
940,0.557997181427
941,0.79293244704
942,0.537676741049
943,0.842736160146
944,0.237825433726
945,0.897172786971
946,0.184826856852
947,0.84980556015
948,0.618385485961
949,0.923292723443
950,0.17566189601
951,0.849072915659
952,0.756845857596
953,0.240804422472
954,0.357977203924
955,0.689689208302
956,0.542902391338
957,0.42513807202
958,0.502423337852
959,0.937092497764
960,0.569135148922
961,0.448619436646
962,0.934930335602
963,0.866633858987
964,0.631531535589
965,0.168520915749
966,0.876322232667
967,0.131858645167
968,0.274848175802
969,0.937092497764
970,0.871029306522
971,0.735950134549
972,0.463986987644
973,0.153144223624
974,0.30624313794
975,0.417873813615
976,0.776740162418
977,0.332449774273
978,0.783550611283
979,0.47864590876
980,0.111676558735
981,0.936208324466
982,0.560298390491
983,0.824926599273
984,0.937092497764
985,0.288078591358
986,0.826415548355
987,0.489595729957
988,0.52733633148
989,0.645263636461
990,0.238100199867
991,0.102663159854
992,0.102546522105
993,0.208143966986
994,0.85697632958
995,0.524594944964
996,0.215648417337
997,0.0928096800001
998,0.714666817897
999,0.468205797607
1000,0.375938034847
1001,0.218748907935
1002,0.195854788773
1003,0.611080640849
1004,0.798645937351
1005,0.855882720159
1006,0.473108129636
1007,0.248883643001
1008,0.381569279313
1009,0.586788117933
1010,0.139367818141
1011,0.855378110978
1012,0.529673485368
1013,0.343537792211
1014,0.870872977075
1015,0.545434799573
1016,0.874465890422
1017,0.66026443536
1018,0.771149641013
1019,0.27668896191
1020,0.874987561313
1021,0.393309129753
1022,0.889709432537
1023,0.113973701164
1024,0.149171091748
1025,0.370598476164
1026,0.112400001959
1027,0.17373461576
1028,0.79136937743
1029,0.618374135544
1030,0.842238228075
1031,0.657657749942
1032,0.843797505998
1033,0.420119366953
1034,0.215739062995
1035,0.293224351222
1036,0.366605018611
1037,0.418493346421
1038,0.809159960283
1039,0.0928096800001
1040,0.838854269294
1041,0.332904134995
1042,0.837894343665
1043,0.641666288614
1044,0.848435235861
1045,0.937092497764
1046,0.375907345179
1047,0.311792309677
1048,0.210919566224
1049,0.6476332986
1050,0.521527780329
1051,0.720038640967
1052,0.453040050877
1053,0.341514173163
1054,0.269398123082
1055,0.891844250856
1056,0.388902534326
1057,0.624920820034
1058,0.343843818083
1059,0.7660921647
1060,0.584305796128
1061,0.358352455457
1062,0.80208498367
1063,0.406153227923
1064,0.774583484059
1065,0.587134353917
1066,0.545624609345
1067,0.84501868538
1068,0.107049124766
1069,0.920068563115
1070,0.469474741136
1071,0.462651042952
1072,0.271606202191
1073,0.428554935017
1074,0.226128693168
1075,0.618588216606
1076,0.845506631202
1077,0.918689787843
1078,0.499683590022
1079,0.390246046635
1080,0.20696035741
1081,0.69662899775
1082,0.23380250274
1083,0.190773604477
1084,0.131858645167
1085,0.765108207458
1086,0.169324111847
1087,0.506157403355
1088,0.846300506667
1089,0.845433843393
1090,0.111793196484
1091,0.851371726887
1092,0.619142151927
1093,0.477194331781
1094,0.89795191966
1095,0.856371506238
1096,0.819077555708
1097,0.11480261696
1098,0.326077564656
1099,0.452632220083
1100,0.179903327704
1101,0.684717915304
1102,0.899830684226
1103,0.664879997302
1104,0.338237271538
1105,0.900182297893
1106,0.78618994125
1107,0.817461087785
1108,0.513837371888
1109,0.897097086468
1110,0.7816450647
1111,0.65187707947
1112,0.740903658254
1113,0.652235456657
1114,0.306558908738
1115,0.448475515864
1116,0.89879823269
1117,0.840088384609
1118,0.743279344313
1119,0.154248770522
1120,0.792048497491
1121,0.454738901591
1122,0.824142514428
1123,0.897399315244
1124,0.799544554326
1125,0.25355327699
1126,0.88948617695
1127,0.864815145573
1128,0.8023112027
1129,0.774366869252
1130,0.927236728533
1131,0.913188988992
1132,0.285722804441
1133,0.831835163909
1134,0.528969748797
1135,0.453252814243
1136,0.391172600892
1137,0.658452900471
1138,0.777092131972
1139,0.376773671917
1140,0.262476781143
1141,0.30404221309
1142,0.356115752961
1143,0.471074790707
1144,0.455765481724
1145,0.169591198262
1146,0.230397610059
1147,0.529937684432
1148,0.874199110759
1149,0.378744374177
1150,0.448616353589
1151,0.89463333809
1152,0.908029956345
1153,0.338548132799
1154,0.82160544861
1155,0.884077548876
1156,0.798181340868
1157,0.914116902825
1158,0.683402606358
1159,0.161274492478
1160,0.78302729338
1161,0.40164709438
1162,0.550186100204
1163,0.151343414784
1164,0.764197054158
1165,0.651476881769
1166,0.792609315878
1167,0.451363029515
1168,0.676824975153
1169,0.201147466068
1170,0.903264143979
1171,0.712540014808
1172,0.770854860643
1173,0.87092178092
1174,0.791625891209
1175,0.806015029015
1176,0.744765004613
1177,0.606648689871
1178,0.855226506558
1179,0.588706073151
1180,0.17563153894
1181,0.937092497764
1182,0.200337763318
1183,0.447426176513
1184,0.241936118632
1185,0.454815577805
1186,0.838277552227
1187,0.117571913381
1188,0.149108982549
1189,0.864275629426
1190,0.391234451093
1191,0.825210339355
1192,0.112400001959
1193,0.172461916165
1194,0.152032637841
1195,0.937092497764
1196,0.381330639915
1197,0.871238996435
1198,0.906804789178
1199,0.375855522497
1200,0.851067289754
1201,0.187002755443
1202,0.854550929067
1203,0.272482334599
1204,0.780952038238
1205,0.75649388916
1206,0.568546417723
1207,0.154125200851
1208,0.836324156056
1209,0.872843751774
1210,0.287297431631
1211,0.782504929094
1212,0.305534975287
1213,0.0928096800001
1214,0.170780943629
1215,0.542355547449
1216,0.389630536582
1217,0.920061374355
1218,0.771500641303
1219,0.886140674366
1220,0.461876346462
1221,0.848976837977
1222,0.200382679613
1223,0.919193670952
1224,0.711455160948
1225,0.887194891954
1226,0.915913247672
1227,0.673301946993
1228,0.206515252424
1229,0.32703658461
1230,0.764217627344
1231,0.841967852641
1232,0.123827181018
1233,0.12743525509
1234,0.851633063536
1235,0.568026396825
1236,0.851734750417
1237,0.898721423983
1238,0.847681144072
1239,0.310088508685
1240,0.603252848684
1241,0.630109740158
1242,0.386067298924
1243,0.724298716102
1244,0.732829332853
1245,0.173042515433
1246,0.654860934885
1247,0.402471746312
1248,0.799224810003
1249,0.167005945342
1250,0.204261701881
1251,0.577696708
1252,0.193831124443
1253,0.810068949228
1254,0.917198961958
1255,0.149421248256
1256,0.764777726383
1257,0.146171503362
1258,0.700484097143
1259,0.904352401111
1260,0.767700534404
1261,0.87448286786
1262,0.813469920498
1263,0.177628871043
1264,0.77639560251
1265,0.816002164465
1266,0.746932070956
1267,0.602109310067
1268,0.899784215414
1269,0.713828450586
1270,0.824265687992
1271,0.539421321552
1272,0.853317663814
1273,0.347660742892
1274,0.72116170686
1275,0.128158698313
1276,0.544168629616
1277,0.340818470347
1278,0.836341462459
1279,0.186031979702
1280,0.701539262091
1281,0.778749909188
1282,0.830454109915
1283,0.3717360139
1284,0.696414645895
1285,0.405262600327
1286,0.183320521011
1287,0.476919340743
1288,0.184826856852
1289,0.29471864726
1290,0.208222075926
1291,0.845150797072
1292,0.42417970701
1293,0.376312766652
1294,0.798866002632
1295,0.142874800065
1296,0.272520411285
1297,0.528732380196
1298,0.862344848837
1299,0.648808872385
1300,0.258334124167
1301,0.862423886606
1302,0.863028280028
1303,0.247528943908
1304,0.251367953478
1305,0.36960342953
1306,0.328650247892
1307,0.578445502856
1308,0.859870294682
1309,0.175469348932
1310,0.330114598664
1311,0.255884778347
1312,0.824801616528
1313,0.886728041022
1314,0.536568139752
1315,0.668523129045
1316,0.152940408322
1317,0.913590789982
1318,0.456514546728
1319,0.469258928947
1320,0.0622701666486
1321,0.523956123656
1322,0.814990011184
1323,0.361704269866
1324,0.272449904397
1325,0.589700458719
1326,0.92197144873
1327,0.717026690835
1328,0.567584668847
1329,0.590853214298
1330,0.930304782063
1331,0.907913247672
1332,0.207499740434
1333,0.911878447223
1334,0.188947647168
1335,0.933532295291
1336,0.0812109702491
1337,0.851261104995
1338,0.177507515746
1339,0.898755738514
1340,0.350950572933
1341,0.427026437808
1342,0.311111632246
1343,0.588881294876
1344,0.918623279575
1345,0.869115876795
1346,0.873785397599
1347,0.335643009709
1348,0.323881122611
1349,0.60458860368
1350,0.451166311717
1351,0.813618077889
1352,0.827850331314
1353,0.413312960448
1354,0.841273136586
1355,0.875692326736
1356,0.920061374355
1357,0.0907544366511
1358,0.876555073572
1359,0.292009738698
1360,0.235486650957
1361,0.796172905704
1362,0.235756999575
1363,0.718553747058
1364,0.461881323838
1365,0.375050745103
1366,0.18662013017
1367,0.38392887931
1368,0.300307378594
1369,0.771488301773
1370,0.242958548631
1371,0.817774654871
1372,0.860513980769
1373,0.198260877909
1374,0.287890721507
1375,0.526270857154
1376,0.614721589878
1377,0.181914088545
1378,0.799928920016
1379,0.603256207799
1380,0.910830202934
1381,0.553870571969
1382,0.427895716716
1383,0.265601000994
1384,0.854327425263
1385,0.189112570048
1386,0.0782074441699
1387,0.0989887480269
1388,0.872740676133
1389,0.731586901723
1390,0.409141585861
1391,0.730567486501
1392,0.584636711101
1393,0.0812109702491
1394,0.420560045663
1395,0.273025496483
1396,0.874309164811
1397,0.774042466168
1398,0.482720945635
1399,0.874252165643
1400,0.879338661339
1401,0.589112851903
1402,0.793985040523
1403,0.178958688682
1404,0.153404033365
1405,0.471313459508
1406,0.289322244561
1407,0.72986953265
1408,0.34404143919
1409,0.523668896907
1410,0.862618611
1411,0.222433441672
1412,0.259446286815
1413,0.895163246496
1414,0.301356952909
1415,0.828834375395
1416,0.18476683029
1417,0.102766799477
1418,0.702183399916
1419,0.480778488485
1420,0.834516917346
1421,0.907159855325
1422,0.644120083906
1423,0.302183318816
1424,0.537433582005
1425,0.215747122256
1426,0.761650331747
1427,0.507249713914
1428,0.516732678681
1429,0.620516031622
1430,0.213966301021
1431,0.118143182522
1432,0.682694836103
1433,0.885468413234
1434,0.802748019375
1435,0.930754517513
1436,0.834035140785
1437,0.675441024792
1438,0.858529764238
1439,0.566813146703
1440,0.818330442675
1441,0.921056419912
1442,0.350206352278
1443,0.270979332243
1444,0.533558532224
1445,0.5576200935
1446,0.730630508446
1447,0.443012368265
1448,0.369996618384
1449,0.0604465592215
1450,0.0689368333152
1451,0.640940472926
1452,0.661231772986
1453,0.360945541122
1454,0.387557370572
1455,0.842158195253
1456,0.652181007053
1457,0.11570744417
1458,0.384985050447
1459,0.930754517513
1460,0.561271525729
1461,0.559370959245
1462,0.557201652867
1463,0.385106105454
1464,0.150332191071
1465,0.911810595091
1466,0.410138195627
1467,0.263468507885
1468,0.902747648865
1469,0.364710627672
1470,0.788168039223
1471,0.792132072229
1472,0.874099735529
1473,0.774841209096
1474,0.526659719709
1475,0.87438628763
1476,0.123241880393
1477,0.223003045829
1478,0.876720147936
1479,0.12050077105
1480,0.453217003724
1481,0.0769752627221
1482,0.509333709837
1483,0.616729524518
1484,0.503314560474
1485,0.44100057875
1486,0.90437522327
1487,0.433657855201
1488,0.840973421437
1489,0.386265390736
1490,0.495559903624
1491,0.361941824467
1492,0.531468654271
1493,0.914676688532
1494,0.172139050352
1495,0.7504181382
1496,0.674151907391
1497,0.866072623417
1498,0.920061444262
1499,0.520648157828
1500,0.88655812251
1501,0.398217839983
1502,0.519648130218
1503,0.925198961958
1504,0.701632750283
1505,0.762973245237
1506,0.627113081207
1507,0.237469154648
1508,0.173719921761
1509,0.696247222636
1510,0.786834571108
1511,0.296711139759
1512,0.128642162708
1513,0.16740801024
1514,0.129094095832
1515,0.405495634505
1516,0.538548395554
1517,0.431326232569
1518,0.151665311561
1519,0.0622701666486
1520,0.590097760729
1521,0.113454098495
1522,0.426001390901
1523,0.35574702616
1524,0.471465709729
1525,0.305538398972
1526,0.62625186692
1527,0.643387116933
1528,0.812208711186
1529,0.260681326199
1530,0.47962444836
1531,0.485418725903
1532,0.75235334403
1533,0.441085335147
1534,0.929301437582
1535,0.767862917257
1536,0.863883266104
1537,0.180499992961
1538,0.490945982319
1539,0.661641370048
1540,0.215837736723
1541,0.675675695421
1542,0.91270091234
1543,0.536070398847
1544,0.889540807706
1545,0.619659025868
1546,0.225594746199
1547,0.306706512383
1548,0.256827201807
1549,0.581489438871
1550,0.803083531967
1551,0.833682173064
1552,0.258322594701
1553,0.369517509323
1554,0.885972794684
1555,0.542517711468
1556,0.801529343939
1557,0.712498933344
1558,0.243208472957
1559,0.653318740289
1560,0.839633691479
1561,0.598855054957
1562,0.174510505446
1563,0.610355134637
1564,0.495991305527
1565,0.501786267976
1566,0.738497456247
1567,0.442610827146
1568,0.891052888124
1569,0.902702329558
1570,0.0716846544596
1571,0.62015941725
1572,0.364733789967
1573,0.664846240377
1574,0.554347390992
1575,0.895147566538
1576,0.888512330806
1577,0.410677178869
1578,0.317604851869
1579,0.703894345425
1580,0.200186574465
1581,0.542464087028
1582,0.924374786133
1583,0.449873236273
1584,0.908245753875
1585,0.929389753245
1586,0.907913247672
1587,0.776795312493
1588,0.250754868568
1589,0.884456368847
1590,0.755540218095
1591,0.71916415784
1592,0.390694545801
1593,0.4749348334
1594,0.791806759902
1595,0.847686905562
1596,0.58043090889
1597,0.298170258255
1598,0.402016045573
1599,0.82767169457
1600,0.558427632417
1601,0.176958892031
1602,0.334819457009
1603,0.333371902436
1604,0.320952703188
1605,0.730545159039
1606,0.542906658381
1607,0.142850341666
1608,0.251612192917
1609,0.242923785178
1610,0.220725904111
1611,0.0820402815911
1612,0.786890227999
1613,0.517783898521
1614,0.080216674164
1615,0.831903893001
1616,0.252119031538
1617,0.134760604237
1618,0.318841486349
1619,0.597714724307
1620,0.662649084469
1621,0.901044280338
1622,0.267965457632
1623,0.711841748637
1624,0.762750013553
1625,0.610372667624
1626,0.856606684462
1627,0.134294836058
1628,0.581669405335
1629,0.499434312162
1630,0.923288887583
1631,0.226108182774
1632,0.853844404322
1633,0.906400995709
1634,0.649570440908
1635,0.339347211533
1636,0.876331962612
1637,0.680551594919
1638,0.0687109702491
1639,0.43887501082
1640,0.630732439603
1641,0.190012735823
1642,0.861390230015
1643,0.262923132647
1644,0.917403263033
1645,0.290926295518
1646,0.895020267314
1647,0.385440980459
1648,0.658664270436
1649,0.349041932204
1650,0.854622882082
1651,0.92197144873
1652,0.325754560686
1653,0.891038072137
1654,0.399215148988
1655,0.911763269676
1656,0.574494912725
1657,0.494814326744
1658,0.0729465592215
1659,0.640383118156
1660,0.56888919115
1661,0.302485014061
1662,0.337686293776
1663,0.330355107999
1664,0.526968698877
1665,0.639933151791
1666,0.313191767942
1667,0.382246145388
1668,0.842549624612
1669,0.622473752646
1670,0.287345780803
1671,0.728079467248
1672,0.181941806236
1673,0.544424030218
1674,0.909744304384
1675,0.180855489438
1676,0.287959433475
1677,0.889623361775
1678,0.460597367233
1679,0.789314854109
1680,0.861037606585
1681,0.821768334559
1682,0.871446752413
1683,0.832605570268
1684,0.922830853208
1685,0.227669587592
1686,0.830259371453
1687,0.183939264103
1688,0.464371321016
1689,0.175022156105
1690,0.803906230423
1691,0.363159597132
1692,0.683114983949
1693,0.835770538461
1694,0.842774572046
1695,0.730629709521
1696,0.186969571621
1697,0.1423989109
1698,0.118929940065
1699,0.125261836894
1700,0.436388867668
1701,0.628531612219
1702,0.761209570522
1703,0.765735848545
1704,0.406034924856
1705,0.276705802776
1706,0.888005738514
1707,0.389920387812
1708,0.910350256166
1709,0.121639532914
1710,0.372719982063
1711,0.933532295291
1712,0.489712006636
1713,0.834704879648
1714,0.39534352118
1715,0.421788334848
1716,0.685881316631
1717,0.840886041495
1718,0.390320537306
1719,0.478989529863
1720,0.0816456887872
1721,0.417760182359
1722,0.92383419769
1723,0.39041181089
1724,0.202131819355
1725,0.432412132533
1726,0.333738391117
1727,0.931277653381
1728,0.710740082274
1729,0.147880945342
1730,0.836237278186
1731,0.220290588873
1732,0.585686680872
1733,0.256401730449
1734,0.104249632975
1735,0.889726252942
1736,0.846745525385
1737,0.905477554333
1738,0.550146281296
1739,0.922754517513
1740,0.504653144671
1741,0.912813939573
1742,0.709650401471
1743,0.324997814556
1744,0.0992447107448
1745,0.388281848721
1746,0.307071676328
1747,0.828690372753
1748,0.561723824857
1749,0.255914386681
1750,0.528874830331
1751,0.128986759883
1752,0.898299784691
1753,0.355289749762
1754,0.890154612185
1755,0.48055806593
1756,0.295008304355
1757,0.131594989332
1758,0.397461542768
1759,0.859020295117
1760,0.372235978858
1761,0.724805004778
1762,0.887465150071
1763,0.711258418212
1764,0.64036634557
1765,0.328742967322
1766,0.72764449608
1767,0.91270091234
1768,0.255990964409
1769,0.679016796116
1770,0.212466992487
1771,0.242881491944
1772,0.437752129879
1773,0.30954220623
1774,0.73587945759
1775,0.590080811714
1776,0.405200586249
1777,0.421556049493
1778,0.763801202592
1779,0.765735738331
1780,0.515164785325
1781,0.167236710163
1782,0.26981772287
1783,0.413922681147
1784,0.825101339237
1785,0.650256715013
1786,0.245965087371
1787,0.913952209768
1788,0.922754517513
1789,0.833583783331
1790,0.730563293502
1791,0.134072290216
1792,0.504110609162
1793,0.858992517797
1794,0.0937109702491
1795,0.735243781069
1796,0.449609781226
1797,0.665910297865
1798,0.0816456887872
1799,0.865184309943
1800,0.589103468158
1801,0.701756538938
1802,0.338435903908
1803,0.125795462625
1804,0.832375911865
1805,0.458575471377
1806,0.863540616763
1807,0.913056419912
1808,0.279371356311
1809,0.756266168725
1810,0.40161276351
1811,0.415067497916
1812,0.433087316499
1813,0.537761556634
1814,0.138923740238
1815,0.808133377053
1816,0.393503310415
1817,0.854744329517
1818,0.837686493134
1819,0.34952348098
1820,0.759494249983
1821,0.883878595781
1822,0.67693427128
1823,0.433394976218
1824,0.871944867207
1825,0.255140505957
1826,0.119846419372
1827,0.359293897418
1828,0.267077691184
1829,0.257497723365
1830,0.426177250821
1831,0.463616060293
1832,0.126705048681
1833,0.796062581136
1834,0.318744872151
1835,0.933532295291
1836,0.851869907515
1837,0.21153730762
1838,0.389547873695
1839,0.896120939919
1840,0.412308990502
1841,0.0848741108366
1842,0.613633053038
1843,0.165556044429
1844,0.705294089549
1845,0.891516846548
1846,0.752515905645
1847,0.921301437582
1848,0.710278134739
1849,0.103642162708
1850,0.910903865198
1851,0.303869804022
1852,0.66776493673
1853,0.246913760115
1854,0.19510881884
1855,0.756161613936
1856,0.231995202946
1857,0.184724983396
1858,0.757429072383
1859,0.199940456758
1860,0.174357453089
1861,0.796019936212
1862,0.322630198142
1863,0.246675574576
1864,0.349099134494
1865,0.885401219695
1866,0.130427876994
1867,0.877108815389
1868,0.467298123316
1869,0.484629435945
1870,0.0729465592215
1871,0.739795888707
1872,0.212841674164
1873,0.29246731719
1874,0.313555310322
1875,0.602712120734
1876,0.389662772685
1877,0.927936673314
1878,0.71589908683
1879,0.616050595797
1880,0.514617679099
1881,0.629169726087
1882,0.843054444776
1883,0.310631491944
1884,0.668524221795
1885,0.776318458418
1886,0.0604465592215
1887,0.284549579441
1888,0.405053249586
1889,0.309829044543
1890,0.417202203369
1891,0.59331295636
1892,0.287264803164
1893,0.320676325787
1894,0.670240304408
1895,0.46748853054
1896,0.61544354451
1897,0.845855420168
1898,0.742534953058
1899,0.339331641748
1900,0.390542581107
1901,0.904685734444
1902,0.394891377398
1903,0.925198961958
1904,0.877331413867
1905,0.382314631109
1906,0.396766514756
1907,0.876999568988
1908,0.792371024583
1909,0.839664017293
1910,0.341681602904
1911,0.765397305414
1912,0.342021524958
1913,0.281286775988
1914,0.463113440745
1915,0.226744147686
1916,0.562378018632
1917,0.298486259935
1918,0.434440876031
1919,0.244100934444
1920,0.430471190789
1921,0.138944559948
1922,0.789935909865
1923,0.650792635449
1924,0.680427182214
1925,0.79943761362
1926,0.188478271992
1927,0.0923220813602
1928,0.173922049517
1929,0.302513602777
1930,0.836192074573
1931,0.117382804565
1932,0.461951559848
1933,0.080216674164
1934,0.228758868446
1935,0.0733812777597
1936,0.912132125412
1937,0.10751514911
1938,0.525148912652
1939,0.609932458748
1940,0.207226667847
1941,0.275061747034
1942,0.904464631616
1943,0.387517948281
1944,0.919058029874
1945,0.75493549417
1946,0.136566740399
1947,0.10731462738
1948,0.181377717576
1949,0.236086379163
1950,0.904766614158
1951,0.262668215326
1952,0.300635330614
1953,0.505515843505
1954,0.342902581487
1955,0.318655251296
1956,0.922304782063
1957,0.804331361441
1958,0.863580371365
1959,0.786070562802
1960,0.0622701666486
1961,0.265128031476
1962,0.793759394782
1963,0.841779693255
1964,0.46968884635
1965,0.780380699348
1966,0.436774120132
1967,0.49335481827
1968,0.688982036381
1969,0.638011873008
1970,0.0870170083328
1971,0.895977960737
1972,0.608896274855
1973,0.877064114103
1974,0.895147566538
1975,0.147704401639
1976,0.816790334492
1977,0.715480278616
1978,0.870826075529
1979,0.838390617748
1980,0.41978988143
1981,0.922754517513
1982,0.703462191791
1983,0.855989845771
1984,0.809591807667
1985,0.354885419598
1986,0.909283596578
1987,0.915288887583
1988,0.777956176972
1989,0.90695555425
1990,0.645140995
1991,0.535897596781
1992,0.456451171657
1993,0.630307992329
1994,0.765471953092
1995,0.640004684526
1996,0.262060740757
1997,0.888301939399
1998,0.490018148926
1999,0.591007524782
2000,0.925198961958
2001,0.119192681268
2002,0.892826783204
2003,0.706818520308
2004,0.414388408171
2005,0.365812692312
2006,0.253182881001
2007,0.406597899327
2008,0.713096557889
2009,0.45906869819
2010,0.242168074766
2011,0.732165597968
2012,0.642844279004
2013,0.930754517513
2014,0.886294953773
2015,0.822993915758
2016,0.722528514157
2017,0.932528950809
2018,0.481627328962
2019,0.136124719288
2020,0.766337898377
2021,0.351162410652
2022,0.737559161596
2023,0.375558369799
2024,0.417806899714
2025,0.531966649045
2026,0.889261941988
2027,0.49526743533
2028,0.739550961709
2029,0.444345376308
2030,0.517499042123
2031,0.769806183748
2032,0.89286002886
2033,0.576383622249
2034,0.0937109702491
2035,0.898880989607
2036,0.405071880068
2037,0.218454800215
2038,0.594231796603
2039,0.459521459621
2040,0.16096720664
2041,0.668015569924
2042,0.865989103409
2043,0.367245761942
2044,0.714098239602
2045,0.921597008356
2046,0.808594518063
2047,0.858220212829
2048,0.752193367348
2049,0.515347272019
2050,0.912177776472
2051,0.790752078729
2052,0.71577422104
2053,0.63381314756
2054,0.895610824905
2055,0.0604465592215
2056,0.702335258297
2057,0.842998527613
2058,0.829459093912
2059,0.432602409378
2060,0.080031051597
2061,0.348297118618
2062,0.26731179771
2063,0.102676111861
2064,0.407274908083
2065,0.0887069482578
2066,0.0945402815911
2067,0.361528032425
2068,0.120248445679
2069,0.660066029967
2070,0.895748090619
2071,0.260578446567
2072,0.182602022847
2073,0.236674151698
2074,0.407290106952
2075,0.624692643874
2076,0.766121901396
2077,0.92383419769
2078,0.51270780822
2079,0.538749009987
2080,0.246439031909
2081,0.59374909348
2082,0.636196460527
2083,0.897669839964
2084,0.296172926929
2085,0.35717058031
2086,0.289459325397
2087,0.753594868306
2088,0.734384290996
2089,0.381728117084
2090,0.560636525362
2091,0.447080744419
2092,0.820199185505
2093,0.674264719846
2094,0.880152563911
2095,0.815674130985
2096,0.188987063966
2097,0.378341575306
2098,0.208376155327
2099,0.883238195546
2100,0.18383158498
2101,0.865930497002
2102,0.858489111704
2103,0.240560689939
2104,0.914515201274
2105,0.527098760813
2106,0.483606181039
2107,0.470181159627
2108,0.777278127739
2109,0.491013201636
2110,0.331825572933
2111,0.324812518428
2112,0.563909679784
2113,0.0604465592215
2114,0.438474933155
2115,0.263086301147
2116,0.923288887583
2117,0.306850723736
2118,0.839378564738
2119,0.297439010686
2120,0.25719164232
2121,0.634488463065
2122,0.24845121223
2123,0.769353686183
2124,0.403085381488
2125,0.369030465722
2126,0.808674535663
2127,0.202179737559
2128,0.923288887583
2129,0.149385708664
2130,0.892571278852
2131,0.904750453847
2132,0.540831221357
2133,0.630806707448
2134,0.126247395749
2135,0.363066951206
2136,0.529085450763
2137,0.33478646075
2138,0.830735270627
2139,0.143504870243
2140,0.930304782063
2141,0.420311932532
2142,0.864892440851
2143,0.424883984136
2144,0.367019969265
2145,0.525006146236
2146,0.420361021595
2147,0.300170598736
2148,0.891060875452
2149,0.823935663878
2150,0.795193354538
2151,0.807135883233
2152,0.194100163624
2153,0.149776807514
2154,0.602496551027
2155,0.737011226607
2156,0.201935470281
2157,0.125408636807
2158,0.501432191583
2159,0.080216674164
2160,0.645743091381
2161,0.933532295291
2162,0.470496841876
2163,0.654241269382
2164,0.587614437996
2165,0.0604465592215
2166,0.670263470295
2167,0.699671406656
2168,0.587646586605
2169,0.12834844209
2170,0.634279998058
2171,0.891924236683
2172,0.464512042975
2173,0.518647183451
2174,0.559585977254
2175,0.440596754452
2176,0.796364624663
2177,0.932167531023
2178,0.788426860721
2179,0.84583597702
2180,0.151586880825
2181,0.583821914694
2182,0.648550568466
2183,0.24955127709
2184,0.812072406947
2185,0.857067093826
2186,0.883769040624
2187,0.883948139764
2188,0.370604957414
2189,0.885526470788
2190,0.629900957791
2191,0.182237330978
2192,0.264023243382
2193,0.173384729204
2194,0.380355435453
2195,0.0864718551975
2196,0.318975429606
2197,0.304583721657
2198,0.765682392876
2199,0.557851267248
2200,0.518674356958
2201,0.758030320357
2202,0.126926270967
2203,0.311994550326
2204,0.0782243369993
2205,0.799371439361
2206,0.74137929505
2207,0.482406550232
2208,0.0604465592215
2209,0.913128033944
2210,0.541933687626
2211,0.602373188174
2212,0.149054397656
2213,0.179557375243
2214,0.589865106809
2215,0.131560938405
2216,0.932167531023
2217,0.638621743594
2218,0.486216191022
2219,0.228675967823
2220,0.472020552649
2221,0.754641223993
2222,0.43603010674
2223,0.86088637799
2224,0.2822924575
2225,0.230474293372
2226,0.392840114625
2227,0.272779922097
2228,0.49071152296
2229,0.879749948605
2230,0.623639868031
2231,0.379253946309
2232,0.625412105934
2233,0.69036838185
2234,0.878521277227
2235,0.416170224679
2236,0.307696683053
2237,0.476913923561
2238,0.421885536033
2239,0.311442713682
2240,0.720984678251
2241,0.560595650504
2242,0.932528950809
2243,0.346506472931
2244,0.910813012204
2245,0.546010173029
2246,0.508962321435
2247,0.546792967103
2248,0.832054297025
2249,0.199410246711
2250,0.181751487397
2251,0.611111616973
2252,0.501953053145
2253,0.933532295291
2254,0.858558328278
2255,0.0729465592215
2256,0.364801225355
2257,0.770914045863
2258,0.685823902664
2259,0.752145036823
2260,0.80644543845
2261,0.640217989202
2262,0.18206985685
2263,0.353368140438
2264,0.738098550216
2265,0.513728409984
2266,0.583749433822
2267,0.674258650671
2268,0.14528979341
2269,0.613493829752
2270,0.540799551692
2271,0.488224940415
2272,0.328709390176
2273,0.884615126891
2274,0.933532295291
2275,0.131996864117
2276,0.505763570676
2277,0.895377644899
2278,0.478135939224
2279,0.0733812777597
2280,0.893821133115
2281,0.493251625331
2282,0.555935836525
2283,0.932528950809
2284,0.26403557348
2285,0.293876921512
2286,0.328227541728
2287,0.768008702039
2288,0.909403263033
2289,0.688601966106
2290,0.914131378425
2291,0.526133789148
2292,0.870632466467
2293,0.102030748453
2294,0.212562861136
2295,0.92242118418
2296,0.693756632358
2297,0.878116250143
2298,0.651911210813
2299,0.842662891173
2300,0.583981656053
2301,0.290748209371
2302,0.892369788761
2303,0.742715617405
2304,0.87297601318
2305,0.8893682575
2306,0.544597637796
2307,0.81708898623
2308,0.912685734444
2309,0.329607526803
2310,0.752464689907
2311,0.90672772731
2312,0.486047890073
2313,0.787208565107
2314,0.144601293376
2315,0.252973979338
2316,0.434326239977
2317,0.637311560763
2318,0.874584896585
2319,0.9160414528
2320,0.574090738722
2321,0.710164863297
2322,0.693030267018
2323,0.825030869472
2324,0.569302130382
2325,0.489464439381
2326,0.0961836749995
2327,0.303995747216
2328,0.737814260126
2329,0.737610925343
2330,0.878656373559
2331,0.816110935587
2332,0.188319889074
2333,0.679766768962
2334,0.173522735352
2335,0.766720973213
2336,0.680725821093
2337,0.457578905303
2338,0.582197851965
2339,0.810381841745
2340,0.757888413339
2341,0.282687921262
2342,0.904802136561
2343,0.810082556008
2344,0.529043115888
2345,0.930754517513
2346,0.591693282895
2347,0.138184625186
2348,0.0604465592215
2349,0.337633324177
2350,0.776866429167
2351,0.521013279259
2352,0.232902877845
2353,0.170934207475
2354,0.923288887583
2355,0.157511086765
2356,0.0848741108366
2357,0.930304782063
2358,0.767522050366
2359,0.207536253849
2360,0.765459874354
2361,0.363516908079
2362,0.241612462363
2363,0.372267588472
2364,0.0820402815911
2365,0.48167079109
2366,0.789710984811
2367,0.622498104774
2368,0.245302558816
2369,0.242543274128
2370,0.080031051597
2371,0.758964907604
2372,0.860978822607
2373,0.745505830978
2374,0.631451010913
2375,0.728476406226
2376,0.381761931959
2377,0.859797543359
2378,0.626063972254
2379,0.920061374355
2380,0.856615583431
2381,0.933532295291
2382,0.0671132258882
2383,0.747948538386
2384,0.181949976063
2385,0.130078944317
2386,0.933532295291
2387,0.160618557032
2388,0.676768524111
2389,0.933532295291
2390,0.359712015109
2391,0.797526580714
2392,0.127194351092
2393,0.661191833581
2394,0.843627631628
2395,0.484682948555
2396,0.36690747323
2397,0.657901477264
2398,0.357732502211
2399,0.522885299072
2400,0.907653314757
2401,0.929389753245
2402,0.831952039694
2403,0.230622653927
2404,0.258090241679
2405,0.827880799463
2406,0.352739072424
2407,0.138887608241
2408,0.795561051646
2409,0.343105486925
2410,0.413649422216
2411,0.407158556126
2412,0.806051495905
2413,0.614039826244
2414,0.203592405158
2415,0.533315489108
2416,0.905485691973
2417,0.224847904515
2418,0.832342653438
2419,0.556602755862
2420,0.571900873973
2421,0.39266629049
2422,0.869279863135
2423,0.337509235267
2424,0.733660042904
2425,0.823906687221
2426,0.578546796525
2427,0.140393415841
2428,0.562993450863
2429,0.705014561454
2430,0.523076827906
2431,0.226404152763
2432,0.22592458385
2433,0.454960572387
2434,0.645080413137
2435,0.79255737019
2436,0.74082956818
2437,0.592978044304
2438,0.748746245093
2439,0.119426400652
2440,0.497547924978
2441,0.0882954626245
2442,0.876951484246
2443,0.279602356606
2444,0.266891518682
2445,0.930754517513
2446,0.317055193609
2447,0.584164628213
2448,0.702802307313
2449,0.853872759229
2450,0.846373223312
2451,0.4227658571
2452,0.147877373013
2453,0.157431736832
2454,0.876675299165
2455,0.193789779056
2456,0.437786802417
2457,0.687979655346
2458,0.0985417973168
2459,0.91251897903
2460,0.894213864604
2461,0.692734215962
2462,0.354133994005
2463,0.881978329468
2464,0.574667654994
2465,0.399563503346
2466,0.798456129521
2467,0.193140930051
2468,0.674724901086
2469,0.253517725631
2470,0.196313214496
2471,0.906413446631
2472,0.873042294239
2473,0.894113246831
2474,0.185473681159
2475,0.277215407185
2476,0.222668014289
2477,0.537613383488
2478,0.827394525848
2479,0.697742375708
2480,0.250769015455
2481,0.433024457407
2482,0.838873881869
2483,0.359694481338
2484,0.873042294239
2485,0.17203132527
2486,0.900336104789
2487,0.51910970511
2488,0.558376028877
2489,0.789895699455
2490,0.119088670224
2491,0.884747457248
2492,0.637261365423
2493,0.37507264736
2494,0.758148412019
2495,0.142719041998
2496,0.912409293246
2497,0.839045600966
2498,0.767473915694
2499,0.649178650372
2500,0.482729920693
2501,0.239836128025
2502,0.140112937069
2503,0.694737135042
2504,0.695799152407
2505,0.0864718551975
2506,0.665670960029
2507,0.365062877434
2508,0.41799231267
2509,0.420554464649
2510,0.83233489479
2511,0.811923933203
2512,0.660806345439
2513,0.718372074527
2514,0.241340533542
2515,0.84401931475
2516,0.927361295267
2517,0.737530673751
2518,0.912409293246
2519,0.540720882059
2520,0.921778372443
2521,0.15509035017
2522,0.0827957655707
2523,0.686206848927
2524,0.416187204962
2525,0.613593869805
2526,0.415318675082
2527,0.906189724902
2528,0.83304478872
2529,0.810965469404
2530,0.168132832353
2531,0.566204483473
2532,0.231368620714
2533,0.224455359493
2534,0.927361295267
2535,0.867739263936
2536,0.613113936161
2537,0.142497244971
2538,0.11508117691
2539,0.865970486736
2540,0.244536044994
2541,0.0765558809343
2542,0.671118113975
2543,0.892417973007
2544,0.537428775351
2545,0.874355923139
2546,0.658628855938
2547,0.170180548517
2548,0.352334325397
2549,0.500747349378
2550,0.881907085615
2551,0.862604312681
2552,0.463235008032
2553,0.86087895239
2554,0.716007648801
2555,0.815036637304
2556,0.900606802078
2557,0.435492458365
2558,0.0733812777597
2559,0.470840354004
2560,0.732229641268
2561,0.878234114101
2562,0.883532818488
2563,0.370875543017
2564,0.817243064733
2565,0.166060265879
2566,0.270573385464
2567,0.212425574689
2568,0.248235400686
2569,0.924097748469
2570,0.446144701224
2571,0.750342621701
2572,0.786874683426
2573,0.793007210624
2574,0.086289524154
2575,0.862299671768
2576,0.578111657737
2577,0.907294462168
2578,0.348278167587
2579,0.122126724396
2580,0.201629036104
2581,0.489520892967
2582,0.384253522221
2583,0.650345629954
2584,0.39307449467
2585,0.508557073569
2586,0.888332582045
2587,0.220328845862
2588,0.446971912526
2589,0.721072619202
2590,0.867938466574
2591,0.0644407846582
2592,0.149920383159
2593,0.895732400515
2594,0.364517024113
2595,0.527167047378
2596,0.151609036728
2597,0.0644407846582
2598,0.66443671272
2599,0.550272038657
2600,0.181084356855
2601,0.515728995692
2602,0.764069759217
2603,0.802511260382
2604,0.756806095916
2605,0.253251748037
2606,0.168452956608
2607,0.581610185975
2608,0.401365005329
2609,0.138395573777
2610,0.217560988683
2611,0.582441675131
2612,0.927361295267
2613,0.353239876996
2614,0.781153445431
2615,0.514343799254
2616,0.627338659409
2617,0.446370814243
2618,0.275040574679
2619,0.91799221607
2620,0.595240228362
2621,0.906189724902
2622,0.370078735527
2623,0.852930592571
2624,0.916477571148
2625,0.380219291631
2626,0.149082189306
2627,0.739190216635
2628,0.40912283347
2629,0.131540277299
2630,0.368091948435
2631,0.252564998512
2632,0.198418316873
2633,0.182823382567
2634,0.263327488265
2635,0.875196244294
2636,0.340908903146
2637,0.504882880278
2638,0.860089783066
2639,0.585396991744
2640,0.327198947252
2641,0.138951129333
2642,0.484319112865
2643,0.119850748963
2644,0.226538296255
2645,0.576396825269
2646,0.797289402688
2647,0.0644407846582
2648,0.512717335296
2649,0.144418122047
2650,0.166228630009
2651,0.865870088487
2652,0.706271687795
2653,0.0744407846582
2654,0.902926178104
2655,0.61777088649
2656,0.91799221607
2657,0.129131108954
2658,0.609365392958
2659,0.874202424188
2660,0.594158517675
2661,0.31401685056
2662,0.284550395962
2663,0.906049644123
2664,0.737031528378
2665,0.816749707516
2666,0.521332315463
2667,0.582760648748
2668,0.91021631079
2669,0.913589543372
2670,0.815247349
2671,0.133250873152
2672,0.420763311186
2673,0.774264133945
2674,0.755659482287
2675,0.822176162828
2676,0.369680001951
2677,0.65331918389
2678,0.47418981342
2679,0.780504218724
2680,0.172622580571
2681,0.111801585651
2682,0.226695646666
2683,0.224577863943
2684,0.777974287533
2685,0.782864577958
2686,0.182661668307
2687,0.300539079793
2688,0.227914055694
2689,0.841625291702
2690,0.615700225753
2691,0.790211908941
2692,0.321379117142
2693,0.855541547859
2694,0.339311381378
2695,0.528347935055
2696,0.368924357742
2697,0.40167982691
2698,0.202730337454
2699,0.706732623865
2700,0.175138420303
2701,0.889154426209
2702,0.927361295267
2703,0.871109313427
2704,0.0918720947668
2705,0.709775990846
2706,0.747289363255
2707,0.504209159642
2708,0.686222371767
2709,0.102137657664
2710,0.610971160162
2711,0.0974968257505
2712,0.924097748469
2713,0.417514591561
2714,0.303034540423
2715,0.325656301237
2716,0.858293967853
2717,0.874052822131
2718,0.403750859241
2719,0.529455373467
2720,0.418438357937
2721,0.712897295906
2722,0.224362387641
2723,0.336852491351
2724,0.324185644213
2725,0.303262618165
2726,0.291467186079
2727,0.779969487896
2728,0.280493390921
2729,0.721925256366
2730,0.90950415241
2731,0.798045860638
2732,0.872587145939
2733,0.900506540826
2734,0.181036153905
2735,0.556431774604
2736,0.211651556128
2737,0.357324811555
2738,0.391690468643
2739,0.298611998561
2740,0.74482664989
2741,0.227566636344
2742,0.927361295267
2743,0.666299844118
2744,0.862513573467
2745,0.163855593509
2746,0.590600766108
2747,0.204963611519
2748,0.851984545717
2749,0.451851077403
2750,0.564115989359
2751,0.780881721902
2752,0.706072019378
2753,0.578611583171
2754,0.789881374699
2755,0.135538761433
2756,0.851033961125
2757,0.263892442754
2758,0.667940837652
2759,0.17564321765
2760,0.893587454166
2761,0.67762023162
2762,0.495943652203
2763,0.859826039785
2764,0.465573131877
2765,0.374213834175
2766,0.696859279163
2767,0.857513926611
2768,0.724883629392
2769,0.833771870613
2770,0.370200225944
2771,0.748480878635
2772,0.46904281347
2773,0.6418141632
2774,0.318399960155
2775,0.11735410788
2776,0.891347408665
2777,0.104695414288
2778,0.39322411022
2779,0.188281627295
2780,0.297328452214
2781,0.606394619079
2782,0.828375323279
2783,0.113827559677
2784,0.119782527414
2785,0.427013376469
2786,0.227993786364
2787,0.272529486316
2788,0.900606802078
2789,0.295901847579
2790,0.815075919535
2791,0.429056912837
2792,0.872145827623
2793,0.534505329401
2794,0.327281787328
2795,0.371610722575
2796,0.62425234062
2797,0.252445247942
2798,0.273969681462
2799,0.84417245718
2800,0.913589543372
2801,0.749028848176
2802,0.726803936811
2803,0.67432310211
2804,0.302701482685
2805,0.118153328153
2806,0.230835257493
2807,0.527798284984
2808,0.907311169954
2809,0.243139429735
2810,0.344604451993
2811,0.36109703594
2812,0.825833755651
2813,0.396706427524
2814,0.143903739535
2815,0.631754527983
2816,0.488578467608
2817,0.764684297905
2818,0.827197044067
2819,0.878862885075
2820,0.535345371081
2821,0.51114452466
2822,0.907123200029
2823,0.392012506435
2824,0.181269565681
2825,0.0873514704636
2826,0.244483620506
2827,0.798744067478
2828,0.737019330956
2829,0.237934429033
2830,0.652383655413
2831,0.671639637584
2832,0.374372152129
2833,0.769186978974
2834,0.471515941554
2835,0.864142904462
2836,0.29145502934
2837,0.106668734316
2838,0.143427218546
2839,0.919585389987
2840,0.264532916645
2841,0.559927780576
2842,0.187868550634
2843,0.796735398313
2844,0.271072099598
2845,0.839714533427
2846,0.607706002007
2847,0.927361295267
2848,0.759184242128
2849,0.440219453863
2850,0.55934463769
2851,0.347075508978
2852,0.564035270595
2853,0.372504319232
2854,0.439105789254
2855,0.267416154179
2856,0.171669908604
2857,0.205532772718
2858,0.832649397969
2859,0.0756848037969
2860,0.76125638413
2861,0.333370512493
2862,0.294602899014
2863,0.426248831606
2864,0.0914742774811
2865,0.152975995524
2866,0.370685723705
2867,0.913589543372
2868,0.918794718166
2869,0.924097748469
2870,0.701993454265
2871,0.248748352553
2872,0.343813819673
2873,0.592508580892
2874,0.732749425423
2875,0.341256464747
2876,0.91799221607
2877,0.0985635916757
2878,0.440472868311
2879,0.921778372443
2880,0.291842709698
2881,0.0644407846582
2882,0.324964685834
2883,0.529169872557
2884,0.311833933331
2885,0.369937459079
2886,0.859327704232
2887,0.567021891001
2888,0.840156932475
2889,0.438260843603
2890,0.108349778876
2891,0.530369948087
2892,0.245622015619
2893,0.921778372443
2894,0.289787158683
2895,0.886139599589
2896,0.913290308782
2897,0.840841170037
2898,0.484204099989
2899,0.285978928171
2900,0.115336219919
2901,0.854533539265
2902,0.414164851766
2903,0.879990600362
2904,0.434921614921
2905,0.448960968812
2906,0.927361295267
2907,0.61117182878
2908,0.913290308782
2909,0.118024871137
2910,0.330744747706
2911,0.168774783939
2912,0.325678768049
2913,0.644762354951
2914,0.427510339314
2915,0.543172855161
2916,0.242208279852
2917,0.760691764444
2918,0.143639771535
2919,0.131114872023
2920,0.870419660802
2921,0.422311516476
2922,0.710222271333
2923,0.614683725671
2924,0.204104062053
2925,0.496847778307
2926,0.423912065083
2927,0.730087519914
2928,0.416365040169
2929,0.134228375361
2930,0.600011283789
2931,0.446875766057
2932,0.397525737706
2933,0.27506938404
2934,0.498254174372
2935,0.795127680118
2936,0.834297705495
2937,0.25991867059
2938,0.907294462168
2939,0.475576953183
2940,0.81754694309
2941,0.392751074712
2942,0.674113334121
2943,0.128639149772
2944,0.492714091993
2945,0.230451553105
2946,0.772657306449
2947,0.0644407846582
2948,0.8162575722
2949,0.28495657528
2950,0.341920162892
2951,0.263910070129
2952,0.68276019319
2953,0.450278293074
2954,0.156943374572
2955,0.463200006372
2956,0.86968641842
2957,0.310740039473
2958,0.319691889502
2959,0.726597814198
2960,0.354013409134
2961,0.798347905155
2962,0.396594442559
2963,0.285517508771
2964,0.430124828301
2965,0.577984707765
2966,0.561167814201
2967,0.880666362548
2968,0.798995273949
2969,0.648707220334
2970,0.924097748469
2971,0.476451862401
2972,0.794959920591
2973,0.795606293619
2974,0.145736072976
2975,0.874202424188
2976,0.265817857867
2977,0.588893039813
2978,0.612580873098
2979,0.788804262156
2980,0.109216038591
2981,0.589344191064
2982,0.300168332427
2983,0.774125277945
2984,0.0927741179915
2985,0.186924512801
2986,0.827080225899
2987,0.309373571762
2988,0.166828322315
2989,0.128942801838
2990,0.0961878290368
2991,0.927361295267
2992,0.429123782522
2993,0.416712674314
2994,0.889028032639
2995,0.224109096853
2996,0.282282170229
2997,0.763765189744
2998,0.247262096027
2999,0.841776796721
3000,0.298270990133
3001,0.164303504731
3002,0.441324382538
3003,0.723488254484
3004,0.331856838094
3005,0.755685773357
3006,0.636238064834
3007,0.466203560064
3008,0.160554243694
3009,0.425004922959
3010,0.549771311957
3011,0.849386112978
3012,0.673711162568
3013,0.869384667788
3014,0.252316738975
3015,0.410937731912
3016,0.307128328786
3017,0.357072624764
3018,0.240089685834
3019,0.0644407846582
3020,0.681509669264
3021,0.256265996151
3022,0.864492654224
3023,0.874520135768
3024,0.797606423839
3025,0.921778372443
3026,0.815851055795
3027,0.511732109308
3028,0.38395366452
3029,0.103294310518
3030,0.900606802078
3031,0.796909123451
3032,0.615972059909
3033,0.719872264306
3034,0.761850357353
3035,0.0944407846582
3036,0.132087299936
3037,0.184211174872
3038,0.380511310019
3039,0.909425638969
3040,0.558891390709
3041,0.846573188632
3042,0.518971536599
3043,0.694407798864
3044,0.903269617468
3045,0.321785473013
3046,0.486639793929
3047,0.112425645801
3048,0.423232724686
3049,0.254161255132
3050,0.676183430955
3051,0.906189724902
3052,0.927361295267
3053,0.865603443367
3054,0.596568321322
3055,0.23161742892
3056,0.848810861727
3057,0.208516244505
3058,0.0706280756281
3059,0.680453115918
3060,0.727039924398
3061,0.220296528055
3062,0.195964133576
3063,0.355592688003
3064,0.342923052847
3065,0.75032107436
3066,0.513993708635
3067,0.439182700806
3068,0.519589694614
3069,0.332574896676
3070,0.623751183743
3071,0.767249032021
3072,0.912409293246
3073,0.445587798167
3074,0.240754922158
3075,0.736732407363
3076,0.165135339859
3077,0.170199366602
3078,0.530740808457
3079,0.899573065699
3080,0.256194757448
3081,0.710958877731
3082,0.927361295267
3083,0.27228391178
3084,0.725961152145
3085,0.897921277881
3086,0.341669627801
3087,0.120470990997
3088,0.351968910304
3089,0.894610955463
3090,0.873490265808
3091,0.262594959779
3092,0.614869825844
3093,0.677677025483
3094,0.910199603004
3095,0.834804531593
3096,0.894213864604
3097,0.378178862581
3098,0.894627663249
3099,0.148815020227
3100,0.672315481259
3101,0.813084197587
3102,0.893557098907
3103,0.674665477922
3104,0.649730802402
3105,0.659256976303
3106,0.450474009336
3107,0.132598426237
3108,0.594095945192
3109,0.344239921607
3110,0.925168312811
3111,0.89554443059
3112,0.849442272455
3113,0.0644407846582
3114,0.269868726754
3115,0.399290838992
3116,0.262908991042
3117,0.751131069188
3118,0.618146746612
3119,0.724840859096
3120,0.663329024624
3121,0.307272337763
3122,0.457080553366
3123,0.46134099179
3124,0.790421585363
3125,0.427558052049
3126,0.615931016419
3127,0.759428480204
3128,0.756865770399
3129,0.443208804232
3130,0.910539898273
3131,0.253392140024
3132,0.88705636693
3133,0.372246451849
3134,0.471651308643
3135,0.194202228814
3136,0.415001246239
3137,0.830862143779
3138,0.207151988055
3139,0.148602813609
3140,0.289485930493
3141,0.875058492873
3142,0.89095238506
3143,0.848278778868
3144,0.297106696845
3145,0.439952714712
3146,0.921778372443
3147,0.134208364735
3148,0.354524202731
3149,0.367266101596
3150,0.759362945311
3151,0.707016372524
3152,0.432398120226
3153,0.921778372443
3154,0.352538507266
3155,0.509104372119
3156,0.819328801474
3157,0.90950415241
3158,0.367071091696
3159,0.223778506853
3160,0.182091481618
3161,0.85247461817
3162,0.404717155079
3163,0.37842898299
3164,0.360983739708
3165,0.247381512214
3166,0.119326838176
3167,0.686224300327
3168,0.868187235505
3169,0.871126021213
3170,0.438790015102
3171,0.892118738417
3172,0.91251897903
3173,0.76237011483
3174,0.13810492748
3175,0.445604328384
3176,0.798114441122
3177,0.274788827072
3178,0.187308121784
3179,0.819349941967
3180,0.575767002455
3181,0.768552223646
3182,0.421962337349
3183,0.268516901227
3184,0.571842385095
3185,0.776019849494
3186,0.924097748469
3187,0.421668031974
3188,0.559136355847
3189,0.886122891803
3190,0.895732400515
3191,0.211368957245
3192,0.763124443162
3193,0.873296899337
3194,0.903582943801
3195,0.423496309468
3196,0.604637654929
3197,0.860743960389
3198,0.101703122836
3199,0.261153121224
3200,0.708791483822
3201,0.138395573777
3202,0.851427117665
3203,0.841987862074
3204,0.418147227042
3205,0.237354971783
3206,0.746611514283
3207,0.495792567589
3208,0.689902310055
3209,0.262308662299
3210,0.277971653862
3211,0.814125131498
3212,0.787787024313
3213,0.33785348488
3214,0.533108029863
3215,0.0968969250091
3216,0.45692694642
3217,0.418097799646
3218,0.769139277625
3219,0.677840251147
3220,0.769746359255
3221,0.494987383919
3222,0.846554955982
3223,0.494602212951
3224,0.853921095432
3225,0.906189724902
3226,0.51470922089
3227,0.321660062869
3228,0.321988359353
3229,0.783156157261
3230,0.621969693128
3231,0.632265518861
3232,0.33843469003
3233,0.927361295267
3234,0.880013254314
3235,0.436226120858
3236,0.395153191114
3237,0.359719531521
3238,0.812733282764
3239,0.830307956587
3240,0.606781833259
3241,0.88304889381
3242,0.157460810957
3243,0.406571102215
3244,0.846379385158
3245,0.0644407846582
3246,0.0802302583424
3247,0.231570792669
3248,0.2506575231
3249,0.457981449948
3250,0.479795771946
3251,0.882259414389
3252,0.0994407846582
3253,0.384089873376
3254,0.298758990437
3255,0.361866277205
3256,0.440448412701
3257,0.339228340824
3258,0.0952993705168
3259,0.790789116383
3260,0.336743813606
3261,0.852087817681
3262,0.0912828899213
3263,0.853348565403
3264,0.671930780216
3265,0.121289524154
3266,0.91647534214
3267,0.432993225122
3268,0.256464133576
3269,0.892398630938
3270,0.306967909576
3271,0.915782525828
3272,0.557037898155
3273,0.239841552725
3274,0.546285528305
3275,0.782714852918
3276,0.280698415584
3277,0.322672099794
3278,0.896820645705
3279,0.906936056206
3280,0.197831833092
3281,0.628121798102
3282,0.609256690782
3283,0.185754922158
3284,0.482301760151
3285,0.88156736641
3286,0.680961580371
3287,0.232850438727
3288,0.211098236368
3289,0.780296887028
3290,0.63579071305
3291,0.267492066377
3292,0.515067687079
3293,0.838658995338
3294,0.408163836128
3295,0.335612746866
3296,0.265075991468
3297,0.789366422961
3298,0.845828786332
3299,0.497438588108
3300,0.37528149798
3301,0.390761884822
3302,0.12049582124
3303,0.244672343459
3304,0.785362861915
3305,0.485678507152
3306,0.361486090643
3307,0.0761074513248
3308,0.128082621083
3309,0.349333557195
3310,0.434174221404
3311,0.85462041208
3312,0.88267114578
3313,0.710641378417
3314,0.743291907334
3315,0.132598426237
3316,0.638834312267
3317,0.461291352303
3318,0.358886702414
3319,0.808949171693
3320,0.104695414288
3321,0.879926108374
3322,0.836959656656
3323,0.283871041397
3324,0.883727231344
3325,0.322167117532
3326,0.760044440234
3327,0.736903012512
3328,0.323142776376
3329,0.808294187377
3330,0.196303504731
3331,0.800346764984
3332,0.524355390978
3333,0.730873721905
3334,0.429140429618
3335,0.44454498044
3336,0.728792989063
3337,0.0924768151239
3338,0.794756575563
3339,0.89734325528
3340,0.811822575151
3341,0.819217096448
3342,0.0756848037969
3343,0.927361295267
3344,0.331860971122
3345,0.325391864206
3346,0.591334052785
3347,0.835700915555
3348,0.0959222661397
3349,0.447127212943
3350,0.110052318052
3351,0.895467984404
3352,0.791957998034
3353,0.688566349292
3354,0.0859222661397
3355,0.718733807699
3356,0.206732354634
3357,0.309263627633
3358,0.863681685492
3359,0.424171979515
3360,0.845078162578
3361,0.921778372443
3362,0.309363371944
3363,0.8648341231
3364,0.593808562396
3365,0.774342380572
3366,0.592059874095
3367,0.41161807296
3368,0.91251897903
3369,0.888011004046
3370,0.847949140267
3371,0.890954208794
3372,0.895303771775
3373,0.591407560377
3374,0.308063494949
3375,0.810060304964
3376,0.838072580401
3377,0.845791958368
3378,0.144844802794
3379,0.751872828488
3380,0.407758123006
3381,0.0802302583424
3382,0.332930259491
3383,0.316095987303
3384,0.762797911296
3385,0.534951450194
3386,0.792588957833
3387,0.131537519551
3388,0.880556676764
3389,0.539133385556
3390,0.349155105623
3391,0.134851270984
3392,0.768363387578
3393,0.474043065612
3394,0.261461923364
3395,0.143161655649
3396,0.212126987012
3397,0.668571619395
3398,0.239037054256
3399,0.413200517634
3400,0.879522940386
3401,0.288048411835
3402,0.144328334973
3403,0.64113297174
3404,0.55227146232
3405,0.927361295267
3406,0.731397766991
3407,0.527911485267
3408,0.246232781838
3409,0.697010727071
3410,0.786548915055
3411,0.842138977166
3412,0.195653407265
3413,0.256580815656
3414,0.853505485762
3415,0.781351667047
3416,0.36337799648
3417,0.842653066056
3418,0.746526813184
3419,0.128016254149
3420,0.86375406203
3421,0.0914742774811
3422,0.175094176227
3423,0.62306213666
3424,0.231192010718
3425,0.356865675683
3426,0.357329727226
3427,0.906597365147
3428,0.701803790632
3429,0.692621962765
3430,0.864386859428
3431,0.473601936784
3432,0.500977256907
3433,0.503162002764
3434,0.391584665736
3435,0.234280540949
3436,0.716308027027
3437,0.880804894902
3438,0.579229636901
3439,0.28936611126
3440,0.915782525828
3441,0.142527065527
3442,0.672757585689
3443,0.760480265239
3444,0.658499499894
3445,0.645296900366
3446,0.276755075542
3447,0.631095160979
3448,0.906189724902
3449,0.540779518478
3450,0.758190530027
3451,0.253037399778
3452,0.400773044143
3453,0.879658953442
3454,0.30666606392
3455,0.834942437687
3456,0.60630938759
3457,0.745182730506
3458,0.270500798844
3459,0.912409293246
3460,0.859251200276
3461,0.787024888704
3462,0.927361295267
3463,0.127151554639
3464,0.124009632506
3465,0.398460589626
3466,0.183640281015
3467,0.830175247493
3468,0.188619189859
3469,0.912409293246
3470,0.909145746448
3471,0.915799233614
3472,0.788632450093
3473,0.91021631079
3474,0.446211362223
3475,0.912409293246
3476,0.6056090924
3477,0.61621901497
3478,0.511248453681
3479,0.85857098666
3480,0.200907693456
3481,0.79243122576
3482,0.0644407846582
3483,0.562254749572
3484,0.422345284632
3485,0.134528250798
3486,0.564991234254
3487,0.874179563573
3488,0.36205927337
3489,0.0959503666941
3490,0.388208477131
3491,0.338537578975
3492,0.630526195462
3493,0.891364116451
3494,0.282816121465
3495,0.713922985772
3496,0.15158673033
3497,0.253177682049
3498,0.149143049933
3499,0.268851158588
3500,0.480088233224
3501,0.26743839685
3502,0.74593090662
3503,0.372679034415
3504,0.447457240689
3505,0.914728669272
3506,0.490912945106
3507,0.332410466247
3508,0.262085037218
3509,0.494174692693
3510,0.311393748615
3511,0.762087618647
3512,0.704601705859
3513,0.118407957783
3514,0.91799221607
3515,0.221942915723
3516,0.838177995232
3517,0.0669660371834
3518,0.852816865134
3519,0.814764438239
3520,0.203091117703
3521,0.176037242449
3522,0.814764438239
3523,0.812224634887
3524,0.836324490407
3525,0.452624285537
3526,0.927361295267
3527,0.898637541351
3528,0.399527436125
3529,0.144940775165
3530,0.841231692956
3531,0.836082706573
3532,0.803064366843
3533,0.458000367502
3534,0.904898801709
3535,0.918873231606
3536,0.834945062212
3537,0.195507292351
3538,0.880539968978
3539,0.231891185046
3540,0.888332582045
3541,0.89554443059
3542,0.58544955562
3543,0.927361295267
3544,0.348255782938
3545,0.107231600081
3546,0.783881412893
3547,0.60202540944
3548,0.590910903191
3549,0.336164891553
3550,0.85206493524
3551,0.203701214506
3552,0.458761687079
3553,0.418385318809
3554,0.689493722416
3555,0.907123200029
3556,0.847706075709
3557,0.744086987169
3558,0.162354917986
3559,0.326955243551
3560,0.14999045894
3561,0.360109571185
3562,0.339896299163
3563,0.872007036749
3564,0.42035075088
3565,0.490748311565
3566,0.921778372443
3567,0.298893792618
3568,0.311401019725
3569,0.222204695581
3570,0.491033999139
3571,0.281603661181
3572,0.732680899005
3573,0.216827225614
3574,0.302420678944
3575,0.331960256082
3576,0.856111430985
3577,0.660227077423
3578,0.464236803072
3579,0.368972561287
3580,0.360694806591
3581,0.244176142356
3582,0.862816128513
3583,0.337384212487
3584,0.806209835303
3585,0.540940462206
3586,0.91251897903
3587,0.404353701818
3588,0.924097748469
3589,0.616462356095
3590,0.42462659957
3591,0.403354345882
3592,0.566442624089
3593,0.864477946146
3594,0.859547251774
3595,0.515515496689
3596,0.225336393411
3597,0.182207102108
3598,0.855987653478
3599,0.67534788093
3600,0.892020882148
3601,0.780525291521
3602,0.832202218156
3603,0.498109364387
3604,0.138895154391
3605,0.123028747621
3606,0.238482789656
3607,0.172939752921
3608,0.873490265808
3609,0.738509542533
3610,0.397026832008
3611,0.309905488524
3612,0.769217507074
3613,0.376422433585
3614,0.0852993705168
3615,0.927361295267
3616,0.0761074513248
3617,0.34331264954
3618,0.40995457314
3619,0.647478949305
3620,0.820559395349
3621,0.519202004537
3622,0.112375120007
3623,0.857650620328
3624,0.086289524154
3625,0.387793220847
3626,0.735165717742
3627,0.540721484786
3628,0.865806283124
3629,0.652579915999
3630,0.385784057496
3631,0.848527947899
3632,0.431113462339
3633,0.790151697682
3634,0.834400332752
3635,0.470050865821
3636,0.907123200029
3637,0.891347408665
3638,0.210924294569
3639,0.321408953068
3640,0.915609684808
3641,0.352188426032
3642,0.719696280738
3643,0.468386783284
3644,0.338190861977
3645,0.42822350579
3646,0.895561138376
3647,0.38123966673
3648,0.274369726213
3649,0.332572823827
3650,0.883775883046
3651,0.269374280891
3652,0.812817030997
3653,0.153927131348
3654,0.166000572527
3655,0.91251897903
3656,0.506253009841
3657,0.626110192885
3658,0.772409497354
3659,0.116289524154
3660,0.157785084311
3661,0.507759319119
3662,0.335126078807
3663,0.0856848037969
3664,0.61540152905
3665,0.426155692133
3666,0.606352436188
3667,0.44478863386
3668,0.399489575842
3669,0.473988836699
3670,0.817660354978
3671,0.63978015369
3672,0.335290913541
3673,0.830552753317
3674,0.277565230757
3675,0.705823058386
3676,0.328195724827
3677,0.816086395169
3678,0.822906569803
3679,0.605772031088
3680,0.253536321586
3681,0.188909831153
3682,0.41559853821
3683,0.493436098856
3684,0.406994838781
3685,0.132950686189
3686,0.180005320882
3687,0.812446708639
3688,0.388488273152
3689,0.83094384671
3690,0.397960619725
3691,0.136770162278
3692,0.339891154654
3693,0.821817756867
3694,0.904896572701
3695,0.0870285039564
3696,0.374297147541
3697,0.906189724902
3698,0.298414237594
3699,0.915764415136
3700,0.777857596602
3701,0.821519104785
3702,0.8138105331
3703,0.715644715304
3704,0.849012715179
3705,0.609757687109
3706,0.107684803797
3707,0.617607946041
3708,0.863101975404
3709,0.221074217721
3710,0.504032857731
3711,0.0886327038501
3712,0.44592788133
3713,0.240892806268
3714,0.387192040951
3715,0.762487495514
3716,0.618825312671
3717,0.288370783707
3718,0.0927741179915
3719,0.680043870865
3720,0.373310377939
3721,0.485320891033
3722,0.881687894594
3723,0.827633588432
3724,0.312674055878
3725,0.807564383254
3726,0.915782525828
3727,0.227017662191
3728,0.151732451325
3729,0.718101255578
3730,0.301066349744
3731,0.0933296735471
3732,0.921904766013
3733,0.643124983685
3734,0.369255954773
3735,0.549673789596
3736,0.715808161538
3737,0.0782100563222
3738,0.375798760742
3739,0.455876750378
3740,0.421723468461
3741,0.7719276867
3742,0.461179616191
3743,0.364623328877
3744,0.646193600313
3745,0.0864175493123
3746,0.886122891803
3747,0.668976046303
3748,0.453604057228
3749,0.304485540295
3750,0.778324484037
3751,0.103039680889
