MoleculeId,tfidf_xgb-PredictedProbability
1,0.818915605545
2,0.834465503693
3,0.136949464679
4,0.203273192048
5,0.0814278125763
6,0.404690057039
7,0.654944598675
8,0.872594058514
9,0.700615525246
10,0.212062522769
11,0.472218900919
12,0.19345214963
13,0.826582491398
14,0.70952963829
15,0.781309366226
16,0.675288021564
17,0.606473147869
18,0.0977666154504
19,0.300144463778
20,0.188773974776
21,0.829588234425
22,0.524772763252
23,0.244751185179
24,0.141311466694
25,0.129196077585
26,0.910449445248
27,0.780581176281
28,0.642691075802
29,0.697045087814
30,0.778777182102
31,0.0969632863998
32,0.739639699459
33,0.0686310380697
34,0.854203641415
35,0.783265531063
36,0.370465070009
37,0.518509030342
38,0.855128228664
39,0.61753565073
40,0.909389197826
41,0.850459039211
42,0.121926508844
43,0.174213245511
44,0.71548807621
45,0.651541352272
46,0.88881957531
47,0.189762324095
48,0.24231530726
49,0.412654608488
50,0.464342653751
51,0.881274342537
52,0.771505236626
53,0.236972272396
54,0.829540729523
55,0.625998973846
56,0.743343949318
57,0.152455449104
58,0.127995327115
59,0.877432405949
60,0.463895320892
61,0.274951040745
62,0.543636083603
63,0.619755148888
64,0.578184783459
65,0.206486105919
66,0.223624229431
67,0.796907007694
68,0.843757987022
69,0.183727234602
70,0.8129555583
71,0.0985372960567
72,0.318963378668
73,0.893749058247
74,0.465332895517
75,0.901449918747
76,0.936875402927
77,0.370727300644
78,0.774087667465
79,0.838389933109
80,0.115110829473
81,0.825010299683
82,0.546542823315
83,0.478153049946
84,0.902247071266
85,0.850381970406
86,0.668759703636
87,0.470791757107
88,0.109900571406
89,0.854476869106
90,0.56948029995
91,0.896562695503
92,0.809637248516
93,0.743403673172
94,0.208971977234
95,0.449901223183
96,0.376625865698
97,0.700369596481
98,0.355945378542
99,0.812540650368
100,0.289013445377
101,0.141621723771
102,0.752515792847
103,0.70645993948
104,0.845238208771
105,0.173298999667
106,0.785049676895
107,0.724375665188
108,0.899501204491
109,0.0722758919001
110,0.796887159348
111,0.549984514713
112,0.101833425462
113,0.110033139586
114,0.810907661915
115,0.874587059021
116,0.687790930271
117,0.258163005114
118,0.426942199469
119,0.729195415974
120,0.843976199627
121,0.335635125637
122,0.118113093078
123,0.628704190254
124,0.319037586451
125,0.922353863716
126,0.889871537685
127,0.876101076603
128,0.146268934011
129,0.692152380943
130,0.833765149117
131,0.20326089859
132,0.82462733984
133,0.863476276398
134,0.793380737305
135,0.275037705898
136,0.102848634124
137,0.119540221989
138,0.149313122034
139,0.50411683321
140,0.654187500477
141,0.914932966232
142,0.335944771767
143,0.915212392807
144,0.86436098814
145,0.783926308155
146,0.720231354237
147,0.303626388311
148,0.581953346729
149,0.206166654825
150,0.172988250852
151,0.203715875745
152,0.828530132771
153,0.830130457878
154,0.17960357666
155,0.436957925558
156,0.283667743206
157,0.338416963816
158,0.366734206676
159,0.827059149742
160,0.760621130466
161,0.226527780294
162,0.134354323149
163,0.285139679909
164,0.102790430188
165,0.282716274261
166,0.709239184856
167,0.410354107618
168,0.805752873421
169,0.853099703789
170,0.254135519266
171,0.442942589521
172,0.534998238087
173,0.817509651184
174,0.553240776062
175,0.840829610825
176,0.760966956615
177,0.459212720394
178,0.744964063168
179,0.534422814846
180,0.20511958003
181,0.328631788492
182,0.890108644962
183,0.510339736938
184,0.645462930202
185,0.593472421169
186,0.533086955547
187,0.945062160492
188,0.764270722866
189,0.493921637535
190,0.703070104122
191,0.771721661091
192,0.903207957745
193,0.899867236614
194,0.433559417725
195,0.509452283382
196,0.156223878264
197,0.813973426819
198,0.82828950882
199,0.882950305939
200,0.260624706745
201,0.906621992588
202,0.496387302876
203,0.467702239752
204,0.895370483398
205,0.741624116898
206,0.339559227228
207,0.0784955471754
208,0.241518393159
209,0.919220745564
210,0.382465898991
211,0.26790201664
212,0.741864025593
213,0.459205001593
214,0.233172178268
215,0.914739668369
216,0.280774384737
217,0.641847491264
218,0.0863929688931
219,0.907283961773
220,0.634107232094
221,0.0588185153902
222,0.279727071524
223,0.901244401932
224,0.764596700668
225,0.298398345709
226,0.235278338194
227,0.353803396225
228,0.389066487551
229,0.867748558521
230,0.606108188629
231,0.100533895195
232,0.753597557545
233,0.726255953312
234,0.833201050758
235,0.852029144764
236,0.428598642349
237,0.428916037083
238,0.273314535618
239,0.293304204941
240,0.163743555546
241,0.871592342854
242,0.491006582975
243,0.364786684513
244,0.239050626755
245,0.560210466385
246,0.680384337902
247,0.18767298758
248,0.859535753727
249,0.486109673977
250,0.410363167524
251,0.834974348545
252,0.624532103539
253,0.117634147406
254,0.751990258694
255,0.673437893391
256,0.816201090813
257,0.151814624667
258,0.36175647378
259,0.842699229717
260,0.900097489357
261,0.526321947575
262,0.891659140587
263,0.439399391413
264,0.712420523167
265,0.147978618741
266,0.418553978205
267,0.172492399812
268,0.0971065759659
269,0.810013711452
270,0.210137158632
271,0.847244799137
272,0.943624436855
273,0.297614395618
274,0.23373401165
275,0.826231598854
276,0.220821604133
277,0.726765334606
278,0.511501550674
279,0.71330922842
280,0.233900204301
281,0.448132485151
282,0.542658269405
283,0.925257444382
284,0.875765919685
285,0.864091515541
286,0.124913066626
287,0.684590756893
288,0.245491564274
289,0.62373316288
290,0.840471327305
291,0.677780091763
292,0.86654984951
293,0.736628890038
294,0.589729785919
295,0.746981620789
296,0.580203175545
297,0.593050777912
298,0.430053412914
299,0.084855876863
300,0.553810656071
301,0.82777929306
302,0.291037797928
303,0.854216635227
304,0.910114884377
305,0.881468355656
306,0.0750686079264
307,0.679861366749
308,0.641257822514
309,0.118448443711
310,0.908892631531
311,0.777219116688
312,0.930683732033
313,0.763711154461
314,0.34930819273
315,0.810273468494
316,0.933174490929
317,0.326602518559
318,0.351938217878
319,0.863448560238
320,0.831811130047
321,0.815548062325
322,0.236957922578
323,0.109989561141
324,0.792335271835
325,0.434981524944
326,0.797199189663
327,0.700428545475
328,0.843825936317
329,0.581988096237
330,0.801182985306
331,0.394400775433
332,0.840404093266
333,0.53076094389
334,0.779422998428
335,0.169087558985
336,0.874593913555
337,0.686220824718
338,0.201195001602
339,0.754461228848
340,0.737699151039
341,0.841988265514
342,0.585503101349
343,0.874465823174
344,0.140389084816
345,0.656036615372
346,0.207690522075
347,0.946276843548
348,0.831572592258
349,0.157776519656
350,0.88192731142
351,0.307147592306
352,0.523293614388
353,0.225200280547
354,0.88073182106
355,0.7072712183
356,0.63615578413
357,0.101126603782
358,0.177013367414
359,0.722045481205
360,0.916820704937
361,0.31786224246
362,0.563773214817
363,0.46307849884
364,0.823945879936
365,0.795462787151
366,0.810808360577
367,0.261180341244
368,0.52939260006
369,0.298877090216
370,0.64920848608
371,0.916632056236
372,0.206485778093
373,0.705819427967
374,0.715719997883
375,0.833049297333
376,0.110413253307
377,0.787284433842
378,0.709136962891
379,0.255500286818
380,0.794668257236
381,0.0819292068481
382,0.11052172631
383,0.716985344887
384,0.217226818204
385,0.585167765617
386,0.900254547596
387,0.113667070866
388,0.870264530182
389,0.746951401234
390,0.856506705284
391,0.844461202621
392,0.922831058502
393,0.52652066946
394,0.264495760202
395,0.757713913918
396,0.338865250349
397,0.129108592868
398,0.489439755678
399,0.445925116539
400,0.174721285701
401,0.888652920723
402,0.936017870903
403,0.713876783848
404,0.835884034634
405,0.328631788492
406,0.853219270706
407,0.557894349098
408,0.769895076752
409,0.732327759266
410,0.128459364176
411,0.946276843548
412,0.843645453453
413,0.813631892204
414,0.0937606841326
415,0.881348669529
416,0.576692402363
417,0.644240677357
418,0.65849006176
419,0.564670145512
420,0.93200057745
421,0.562054157257
422,0.668054521084
423,0.540419280529
424,0.657465338707
425,0.418898403645
426,0.859532654285
427,0.821625173092
428,0.869140267372
429,0.731223285198
430,0.92188757658
431,0.903668165207
432,0.660811185837
433,0.416062295437
434,0.31953176856
435,0.693993330002
436,0.770974040031
437,0.794165253639
438,0.151438251138
439,0.905533909798
440,0.81692224741
441,0.179310187697
442,0.662978649139
443,0.868312060833
444,0.289480686188
445,0.189759269357
446,0.899698674679
447,0.471224784851
448,0.49433863163
449,0.77486872673
450,0.494137704372
451,0.177768841386
452,0.280274003744
453,0.455113172531
454,0.09078707546
455,0.93200057745
456,0.726475596428
457,0.859016776085
458,0.795061290264
459,0.298113793135
460,0.841219246387
461,0.868058264256
462,0.581127583981
463,0.829908251762
464,0.675527632236
465,0.583030104637
466,0.136170461774
467,0.128782182932
468,0.286946028471
469,0.88752579689
470,0.630606591702
471,0.54894310236
472,0.702210068703
473,0.679079294205
474,0.644819498062
475,0.879566252232
476,0.877432405949
477,0.894682049751
478,0.515285253525
479,0.816393792629
480,0.352402895689
481,0.673512339592
482,0.731814205647
483,0.0996146351099
484,0.588173806667
485,0.57373726368
486,0.210999846458
487,0.230737060308
488,0.183170214295
489,0.933012604713
490,0.17355504632
491,0.32833892107
492,0.785470604897
493,0.91438549757
494,0.886747658253
495,0.234218850732
496,0.924291312695
497,0.293285369873
498,0.816594660282
499,0.0779215693474
500,0.209896042943
501,0.595852732658
502,0.265838712454
503,0.174291118979
504,0.170382529497
505,0.904278099537
506,0.72875648737
507,0.853764951229
508,0.329638242722
509,0.805395662785
510,0.881003439426
511,0.37572824955
512,0.795061290264
513,0.690187513828
514,0.502216517925
515,0.236635521054
516,0.841581046581
517,0.920670688152
518,0.779259800911
519,0.312530219555
520,0.0954995155334
521,0.802589833736
522,0.103506669402
523,0.533840656281
524,0.51509553194
525,0.804043710232
526,0.234604120255
527,0.705248355865
528,0.30234926939
529,0.335939139128
530,0.429284900427
531,0.77753162384
532,0.333573043346
533,0.902087688446
534,0.492456823587
535,0.235852524638
536,0.855240285397
537,0.886436760426
538,0.277916520834
539,0.885175287724
540,0.18683770299
541,0.436191231012
542,0.638171672821
543,0.332025080919
544,0.824231505394
545,0.780948936939
546,0.28086578846
547,0.227834269404
548,0.737610638142
549,0.794677615166
550,0.573728263378
551,0.149191200733
552,0.488529652357
553,0.307017177343
554,0.105700820684
555,0.896317064762
556,0.700436353683
557,0.103819012642
558,0.801403164864
559,0.184910446405
560,0.656663060188
561,0.614362955093
562,0.172963395715
563,0.781877040863
564,0.13640922308
565,0.852722942829
566,0.867248237133
567,0.360625445843
568,0.513371050358
569,0.897025644779
570,0.841621220112
571,0.902087688446
572,0.30907908082
573,0.0952914878726
574,0.802549064159
575,0.0643529444933
576,0.376442879438
577,0.946706771851
578,0.130859702826
579,0.0969452336431
580,0.17823395133
581,0.695020675659
582,0.871820688248
583,0.793016135693
584,0.355040937662
585,0.639448046684
586,0.899231731892
587,0.906562030315
588,0.808585703373
589,0.0935562551022
590,0.895322501659
591,0.890569865704
592,0.820138573647
593,0.619964778423
594,0.176667034626
595,0.228063583374
596,0.0844812989235
597,0.276409029961
598,0.904030144215
599,0.937441587448
600,0.842766404152
601,0.248219385743
602,0.867400705814
603,0.893883049488
604,0.893638432026
605,0.883611381054
606,0.613131701946
607,0.264958977699
608,0.907997667789
609,0.294935941696
610,0.738633811474
611,0.718063950539
612,0.365019112825
613,0.743398785591
614,0.863312840462
615,0.860204696655
616,0.328052341938
617,0.783615708351
618,0.575932502747
619,0.274119049311
620,0.313448518515
621,0.468688488007
622,0.631295442581
623,0.914608299732
624,0.30793723464
625,0.787521660328
626,0.279847234488
627,0.815333545208
628,0.917652130127
629,0.532845497131
630,0.208866924047
631,0.737311601639
632,0.0953510254622
633,0.452284425497
634,0.477568119764
635,0.477502763271
636,0.636726677418
637,0.846078336239
638,0.456134259701
639,0.15563736856
640,0.726739764214
641,0.495909810066
642,0.487894713879
643,0.281000316143
644,0.208861500025
645,0.824421465397
646,0.932797014713
647,0.921469509602
648,0.154684871435
649,0.889322757721
650,0.755582153797
651,0.6646296978
652,0.66641497612
653,0.747455537319
654,0.459205001593
655,0.467338681221
656,0.93064892292
657,0.219744056463
658,0.341993778944
659,0.931561410427
660,0.248065620661
661,0.896410226822
662,0.74047511816
663,0.439308434725
664,0.799110889435
665,0.14920167625
666,0.159742772579
667,0.493224650621
668,0.276801645756
669,0.464786797762
670,0.245620891452
671,0.767923951149
672,0.868303775787
673,0.833515524864
674,0.754420042038
675,0.896806061268
676,0.306662470102
677,0.255520582199
678,0.764696955681
679,0.606929659843
680,0.298716366291
681,0.928185582161
682,0.829394161701
683,0.305384874344
684,0.309685081244
685,0.180410593748
686,0.845905900002
687,0.826653778553
688,0.90399479866
689,0.886340558529
690,0.753932535648
691,0.888806223869
692,0.289480686188
693,0.915437221527
694,0.851116120815
695,0.84331882
696,0.325204908848
697,0.770803809166
698,0.385441958904
699,0.744444608688
700,0.168286949396
701,0.646609425545
702,0.0630892962217
703,0.2547082901
704,0.870045661926
705,0.300395876169
706,0.665646731853
707,0.894024431705
708,0.904547572136
709,0.241218447685
710,0.813460946083
711,0.790138781071
712,0.0740371569991
713,0.880167126656
714,0.770496070385
715,0.90422809124
716,0.186223953962
717,0.855377793312
718,0.191827341914
719,0.778534054756
720,0.798040151596
721,0.774432122707
722,0.2423568964
723,0.0817354992032
724,0.915622353554
725,0.0707645118237
726,0.381749659777
727,0.842790961266
728,0.569957852364
729,0.725256145
730,0.7469394207
731,0.833245813847
732,0.586443185806
733,0.754804313183
734,0.624651551247
735,0.799240589142
736,0.0824064835906
737,0.908694148064
738,0.364998698235
739,0.884141027927
740,0.606645703316
741,0.685944378376
742,0.541782438755
743,0.432878822088
744,0.904185473919
745,0.461590617895
746,0.650730371475
747,0.135607302189
748,0.228126570582
749,0.0736379250884
750,0.1199773103
751,0.641117095947
752,0.713701963425
753,0.743307173252
754,0.887831449509
755,0.10696105659
756,0.634398400784
757,0.850498318672
758,0.813755691051
759,0.951761484146
760,0.164993435144
761,0.0704869106412
762,0.774924039841
763,0.687424182892
764,0.154137700796
765,0.872004747391
766,0.822148025036
767,0.266811490059
768,0.87589854002
769,0.193893522024
770,0.296020746231
771,0.824849188328
772,0.32100045681
773,0.830326557159
774,0.863830685616
775,0.448971271515
776,0.652724146843
777,0.298716366291
778,0.184323936701
779,0.597121596336
780,0.654900848866
781,0.900803267956
782,0.778725445271
783,0.303063809872
784,0.808562994003
785,0.216693148017
786,0.456141978502
787,0.60824328661
788,0.102946609259
789,0.785667419434
790,0.76911687851
791,0.327720850706
792,0.139495119452
793,0.18823415041
794,0.912699878216
795,0.657857477665
796,0.913904488087
797,0.553670942783
798,0.87762093544
799,0.123843118548
800,0.349237561226
801,0.672600746155
802,0.0641710162163
803,0.313870728016
804,0.872895419598
805,0.889805555344
806,0.915587484837
807,0.267086744308
808,0.315186738968
809,0.267020702362
810,0.742085695267
811,0.806876480579
812,0.369130015373
813,0.791052818298
814,0.832584917545
815,0.522406160831
816,0.282733619213
817,0.12639836967
818,0.602302074432
819,0.35664716363
820,0.838117539883
821,0.684351801872
822,0.881401121616
823,0.49982470274
824,0.881113290787
825,0.194573581219
826,0.644006490707
827,0.277971059084
828,0.415087133646
829,0.746963143349
830,0.395474165678
831,0.868156850338
832,0.804786086082
833,0.593340456486
834,0.150135278702
835,0.147099941969
836,0.819968402386
837,0.637301027775
838,0.133099928498
839,0.875238120556
840,0.586518228054
841,0.872922122478
842,0.867914199829
843,0.740780055523
844,0.384388685226
845,0.846303701401
846,0.1467127949
847,0.462541431189
848,0.790603935719
849,0.0900814831257
850,0.147157132626
851,0.193990141153
852,0.770052611828
853,0.275412112474
854,0.712003469467
855,0.120266295969
856,0.628057479858
857,0.224225670099
858,0.764504313469
859,0.144199296832
860,0.378562361002
861,0.364663898945
862,0.557603955269
863,0.452303886414
864,0.424327552319
865,0.215702474117
866,0.88243073225
867,0.894481658936
868,0.294188797474
869,0.533419668674
870,0.206919789314
871,0.871472418308
872,0.295740455389
873,0.868377268314
874,0.225963711739
875,0.411886692047
876,0.157683432102
877,0.218655452132
878,0.244493380189
879,0.227134659886
880,0.562210738659
881,0.470502346754
882,0.939298689365
883,0.578578293324
884,0.176506474614
885,0.431248992682
886,0.84175401926
887,0.790193855762
888,0.241677701473
889,0.88003128767
890,0.756476700306
891,0.178595393896
892,0.886650443077
893,0.710480690002
894,0.31455385685
895,0.459390580654
896,0.254167258739
897,0.368595153093
898,0.787415087223
899,0.163547620177
900,0.843348264694
901,0.242382526398
902,0.450969785452
903,0.636670768261
904,0.466659247875
905,0.876778006554
906,0.880344033241
907,0.745183110237
908,0.921469509602
909,0.863891780376
910,0.55399620533
911,0.907047629356
912,0.63260602951
913,0.35580933094
914,0.511197984219
915,0.233091846108
916,0.65387314558
917,0.293186545372
918,0.571803092957
919,0.673210799694
920,0.734465658665
921,0.796945750713
922,0.626998841763
923,0.293434381485
924,0.382394373417
925,0.139866411686
926,0.192227885127
927,0.454472005367
928,0.894227325916
929,0.333034873009
930,0.178084641695
931,0.260501384735
932,0.941832363605
933,0.649375915527
934,0.867785394192
935,0.323868155479
936,0.593340456486
937,0.917639195919
938,0.22397351265
939,0.857301592827
940,0.592319846153
941,0.884232640266
942,0.78681486845
943,0.838406324387
944,0.23019887507
945,0.707068920135
946,0.134654670954
947,0.908267199993
948,0.617060005665
949,0.870045661926
950,0.587851822376
951,0.554098308086
952,0.752719044685
953,0.440560787916
954,0.340260148048
955,0.54979622364
956,0.685661256313
957,0.46307554841
958,0.639175117016
959,0.932365298271
960,0.675903618336
961,0.377098381519
962,0.939877390862
963,0.903758108616
964,0.783603847027
965,0.190424323082
966,0.949541330338
967,0.425209522247
968,0.220144957304
969,0.927885651588
970,0.821780323982
971,0.821665227413
972,0.323440670967
973,0.134293943644
974,0.125349313021
975,0.749443471432
976,0.901349067688
977,0.332519263029
978,0.64715051651
979,0.686036646366
980,0.159433722496
981,0.913963735104
982,0.786820650101
983,0.858053922653
984,0.914282619953
985,0.717172145844
986,0.879715204239
987,0.468856304884
988,0.350624591112
989,0.830631375313
990,0.551750183105
991,0.118046618998
992,0.0866669714451
993,0.712694108486
994,0.816690921783
995,0.288761436939
996,0.0956231951714
997,0.0649451687932
998,0.781324982643
999,0.371211975813
1000,0.194825202227
1001,0.2089060992
1002,0.154231622815
1003,0.671534061432
1004,0.847161948681
1005,0.615147233009
1006,0.354847162962
1007,0.186628729105
1008,0.488256722689
1009,0.850435197353
1010,0.271256476641
1011,0.8684014678
1012,0.837773025036
1013,0.259767651558
1014,0.8177947402
1015,0.616585373878
1016,0.894197583199
1017,0.847658813
1018,0.452855378389
1019,0.233045935631
1020,0.676603555679
1021,0.243773385882
1022,0.54512655735
1023,0.138774573803
1024,0.286946028471
1025,0.274366289377
1026,0.0599603131413
1027,0.142503872514
1028,0.869537770748
1029,0.588463664055
1030,0.665371000767
1031,0.778119802475
1032,0.716947078705
1033,0.261838406324
1034,0.379010111094
1035,0.369861483574
1036,0.255095213652
1037,0.349283874035
1038,0.891377925873
1039,0.0474200919271
1040,0.786991894245
1041,0.612088322639
1042,0.833352863789
1043,0.488229095936
1044,0.736122131348
1045,0.912449300289
1046,0.323794275522
1047,0.23004822433
1048,0.37478107214
1049,0.808938860893
1050,0.432113319635
1051,0.282593101263
1052,0.374881774187
1053,0.252436846495
1054,0.119136802852
1055,0.918370068073
1056,0.100676782429
1057,0.630270004272
1058,0.402170538902
1059,0.842727422714
1060,0.787593603134
1061,0.325204908848
1062,0.682938754559
1063,0.29998549819
1064,0.896205604076
1065,0.641745746136
1066,0.920018792152
1067,0.309431374073
1068,0.175360187888
1069,0.882835447788
1070,0.190380811691
1071,0.317410260439
1072,0.0788574367762
1073,0.197290182114
1074,0.814676463604
1075,0.49408647418
1076,0.922182679176
1077,0.897142887115
1078,0.156242668629
1079,0.675923526287
1080,0.218288660049
1081,0.616305589676
1082,0.785404384136
1083,0.271113246679
1084,0.08108856529
1085,0.812605857849
1086,0.322134792805
1087,0.563841342926
1088,0.920077085495
1089,0.430892139673
1090,0.136870086193
1091,0.834644913673
1092,0.790083169937
1093,0.312824726105
1094,0.886979818344
1095,0.818896889687
1096,0.881327211857
1097,0.106374174356
1098,0.11059269309
1099,0.419918417931
1100,0.123917922378
1101,0.6185349226
1102,0.897875189781
1103,0.395299017429
1104,0.386594742537
1105,0.897369921207
1106,0.901646912098
1107,0.889493048191
1108,0.451431334019
1109,0.7963732481
1110,0.73877042532
1111,0.800034165382
1112,0.583305478096
1113,0.594333946705
1114,0.312951147556
1115,0.304395258427
1116,0.891955316067
1117,0.841462254524
1118,0.748214304447
1119,0.127443060279
1120,0.807806313038
1121,0.809557199478
1122,0.78095048666
1123,0.827526390553
1124,0.714972138405
1125,0.188183739781
1126,0.787189662457
1127,0.759489774704
1128,0.822383284569
1129,0.875445008278
1130,0.899698674679
1131,0.883313179016
1132,0.17012090981
1133,0.908909380436
1134,0.578472495079
1135,0.344063282013
1136,0.273272782564
1137,0.888679265976
1138,0.796204984188
1139,0.425027191639
1140,0.212897509336
1141,0.14479675889
1142,0.698400437832
1143,0.748446941376
1144,0.685955703259
1145,0.123941622674
1146,0.162866726518
1147,0.740793406963
1148,0.879036188126
1149,0.641374409199
1150,0.841461181641
1151,0.777016401291
1152,0.824606597424
1153,0.405618131161
1154,0.871574938297
1155,0.875239491463
1156,0.500915229321
1157,0.925642669201
1158,0.436268121004
1159,0.272211253643
1160,0.842053592205
1161,0.304106742144
1162,0.628052175045
1163,0.22940659523
1164,0.766360640526
1165,0.81052005291
1166,0.923240363598
1167,0.716121792793
1168,0.787274181843
1169,0.068228751421
1170,0.922831058502
1171,0.426158756018
1172,0.897062659264
1173,0.699149012566
1174,0.910160005093
1175,0.64726793766
1176,0.833214342594
1177,0.796224236488
1178,0.919887602329
1179,0.593870341778
1180,0.377397358418
1181,0.895179986954
1182,0.135967031121
1183,0.477483838797
1184,0.323030292988
1185,0.363293290138
1186,0.948773264885
1187,0.139864742756
1188,0.072317391634
1189,0.727140665054
1190,0.425070762634
1191,0.694890737534
1192,0.076427154243
1193,0.170866712928
1194,0.397881299257
1195,0.943873226643
1196,0.329375803471
1197,0.908420145512
1198,0.876636385918
1199,0.180359691381
1200,0.869012117386
1201,0.154498890042
1202,0.910072803497
1203,0.791356623173
1204,0.816288948059
1205,0.790828347206
1206,0.459205001593
1207,0.16366134584
1208,0.461852073669
1209,0.887344896793
1210,0.149671241641
1211,0.679516851902
1212,0.409772962332
1213,0.0866669714451
1214,0.13048812747
1215,0.645699203014
1216,0.255391508341
1217,0.919510543346
1218,0.811413109303
1219,0.760067880154
1220,0.712219357491
1221,0.933445036411
1222,0.233946442604
1223,0.96081161499
1224,0.857544481754
1225,0.886001110077
1226,0.922576189041
1227,0.774190068245
1228,0.548966109753
1229,0.685250580311
1230,0.595405519009
1231,0.783503174782
1232,0.0916853398085
1233,0.15728110075
1234,0.886626541615
1235,0.705330789089
1236,0.895097255707
1237,0.488849580288
1238,0.595123946667
1239,0.618913531303
1240,0.603501737118
1241,0.850477099419
1242,0.370313048363
1243,0.812679111958
1244,0.874995112419
1245,0.131687790155
1246,0.675694406033
1247,0.362824529409
1248,0.879271030426
1249,0.0661842152476
1250,0.311180531979
1251,0.435706943274
1252,0.199425145984
1253,0.885102450848
1254,0.854885220528
1255,0.0898647233844
1256,0.424528986216
1257,0.185007274151
1258,0.819688200951
1259,0.899678647518
1260,0.779949784279
1261,0.401671648026
1262,0.885340452194
1263,0.237960547209
1264,0.864612877369
1265,0.826507985592
1266,0.681319415569
1267,0.649546742439
1268,0.789022564888
1269,0.831093728542
1270,0.706098020077
1271,0.636124074459
1272,0.793123066425
1273,0.18584497273
1274,0.703032553196
1275,0.512832224369
1276,0.754347085953
1277,0.694918334484
1278,0.837424516678
1279,0.197543144226
1280,0.586228787899
1281,0.800648868084
1282,0.891072571278
1283,0.419814944267
1284,0.758402407169
1285,0.249496728182
1286,0.11103811115
1287,0.257807552814
1288,0.101401217282
1289,0.219681188464
1290,0.193726629019
1291,0.488084405661
1292,0.494321852922
1293,0.350453913212
1294,0.775614500046
1295,0.077544786036
1296,0.595394790173
1297,0.200508564711
1298,0.828787386417
1299,0.612832784653
1300,0.249370083213
1301,0.920150279999
1302,0.872247457504
1303,0.59965467453
1304,0.274030208588
1305,0.496273368597
1306,0.210945367813
1307,0.417864382267
1308,0.865211129189
1309,0.34586802125
1310,0.287615835667
1311,0.784450232983
1312,0.87272721529
1313,0.879332125187
1314,0.416240632534
1315,0.329497277737
1316,0.075120344758
1317,0.934550762177
1318,0.836064100266
1319,0.248952388763
1320,0.256628572941
1321,0.675062894821
1322,0.739160001278
1323,0.75004696846
1324,0.776747107506
1325,0.563646316528
1326,0.889875233173
1327,0.88551223278
1328,0.616247534752
1329,0.464504271746
1330,0.92573928833
1331,0.911630213261
1332,0.165370509028
1333,0.492361664772
1334,0.0809543430805
1335,0.883797287941
1336,0.0429678224027
1337,0.791316926479
1338,0.19139175117
1339,0.912565410137
1340,0.157038554549
1341,0.432177752256
1342,0.213216498494
1343,0.654859125614
1344,0.886053979397
1345,0.682338297367
1346,0.793627917767
1347,0.396972715855
1348,0.233197018504
1349,0.676851153374
1350,0.463660806417
1351,0.809875190258
1352,0.948344647884
1353,0.659019231796
1354,0.939810335636
1355,0.856845498085
1356,0.780308187008
1357,0.0381363891065
1358,0.81922185421
1359,0.316015392542
1360,0.144748941064
1361,0.544250369072
1362,0.525230586529
1363,0.561935603619
1364,0.752515494823
1365,0.357489794493
1366,0.12308793515
1367,0.380487620831
1368,0.788040518761
1369,0.740998744965
1370,0.307929962873
1371,0.853760480881
1372,0.891990423203
1373,0.233133763075
1374,0.242537796497
1375,0.632732987404
1376,0.322302401066
1377,0.126102268696
1378,0.826274514198
1379,0.546129047871
1380,0.868720173836
1381,0.881236255169
1382,0.222271308303
1383,0.218282684684
1384,0.764055669308
1385,0.149089068174
1386,0.198992058635
1387,0.555893361568
1388,0.902204692364
1389,0.524196922779
1390,0.100257523358
1391,0.88299369812
1392,0.809639215469
1393,0.128339156508
1394,0.302815169096
1395,0.195100471377
1396,0.826800405979
1397,0.829113423824
1398,0.198236078024
1399,0.683313965797
1400,0.707412183285
1401,0.404609084129
1402,0.83026188612
1403,0.282805532217
1404,0.0875095054507
1405,0.262790709734
1406,0.385870814323
1407,0.789374470711
1408,0.0829487591982
1409,0.433957487345
1410,0.860036551952
1411,0.196628794074
1412,0.285977333784
1413,0.874759793282
1414,0.215507164598
1415,0.795103371143
1416,0.0935048907995
1417,0.150396615267
1418,0.697640120983
1419,0.800444483757
1420,0.763592541218
1421,0.878254711628
1422,0.757749915123
1423,0.297343999147
1424,0.251211106777
1425,0.146079003811
1426,0.513825416565
1427,0.557860136032
1428,0.318647444248
1429,0.839656054974
1430,0.0341962501407
1431,0.149676308036
1432,0.663179159164
1433,0.632591366768
1434,0.718240737915
1435,0.859873712063
1436,0.82272875309
1437,0.875393986702
1438,0.764297902584
1439,0.596341133118
1440,0.747396469116
1441,0.799193620682
1442,0.451299458742
1443,0.534701824188
1444,0.749192893505
1445,0.348893016577
1446,0.544072449207
1447,0.552083313465
1448,0.478638142347
1449,0.0497064515948
1450,0.174176231027
1451,0.834759771824
1452,0.335320740938
1453,0.536190986633
1454,0.292574167252
1455,0.870699107647
1456,0.811399161816
1457,0.0583849512041
1458,0.310229957104
1459,0.951120316982
1460,0.737959504128
1461,0.700263261795
1462,0.26423984766
1463,0.291102677584
1464,0.192513048649
1465,0.885629832745
1466,0.447464436293
1467,0.176234796643
1468,0.863639831543
1469,0.612392365932
1470,0.879817008972
1471,0.695447087288
1472,0.638032317162
1473,0.517857849598
1474,0.610488414764
1475,0.78639793396
1476,0.148648574948
1477,0.258593827486
1478,0.605737328529
1479,0.0999418795109
1480,0.457382529974
1481,0.168783992529
1482,0.535474658012
1483,0.334299772978
1484,0.826747477055
1485,0.278321236372
1486,0.694285511971
1487,0.254565685987
1488,0.912709712982
1489,0.457096278667
1490,0.719044089317
1491,0.450633138418
1492,0.378902435303
1493,0.851371705532
1494,0.124764561653
1495,0.766243219376
1496,0.600915908813
1497,0.873137831688
1498,0.856501281261
1499,0.361200034618
1500,0.857971966267
1501,0.441909402609
1502,0.346341997385
1503,0.905045211315
1504,0.639103889465
1505,0.669560372829
1506,0.757332146168
1507,0.129574090242
1508,0.226612523198
1509,0.768228709698
1510,0.756121098995
1511,0.0863749012351
1512,0.0632374286652
1513,0.202441871166
1514,0.096470952034
1515,0.255939722061
1516,0.722928166389
1517,0.267822682858
1518,0.0556191653013
1519,0.273680895567
1520,0.374722480774
1521,0.109437011182
1522,0.504071295261
1523,0.192510411143
1524,0.364899396896
1525,0.260076612234
1526,0.856089711189
1527,0.833170771599
1528,0.76732134819
1529,0.277905076742
1530,0.838376224041
1531,0.783938109875
1532,0.570385098457
1533,0.477784633636
1534,0.943267703056
1535,0.774192333221
1536,0.811595737934
1537,0.407473742962
1538,0.814727365971
1539,0.827045321465
1540,0.181616842747
1541,0.884753286839
1542,0.816598773003
1543,0.814402520657
1544,0.967403709888
1545,0.437196403742
1546,0.0574718900025
1547,0.215514451265
1548,0.211231902242
1549,0.792346000671
1550,0.812149763107
1551,0.7398827672
1552,0.096299059689
1553,0.197796985507
1554,0.926383852959
1555,0.372516930103
1556,0.926811099052
1557,0.730040669441
1558,0.337338864803
1559,0.866958558559
1560,0.852734029293
1561,0.755047261715
1562,0.542011082172
1563,0.733020246029
1564,0.51469296217
1565,0.374117612839
1566,0.881977677345
1567,0.564150810242
1568,0.811376154423
1569,0.76053416729
1570,0.121969081461
1571,0.798483490944
1572,0.118040718138
1573,0.912887394428
1574,0.646117806435
1575,0.856999278069
1576,0.750985980034
1577,0.534999847412
1578,0.314983695745
1579,0.813564300537
1580,0.529615223408
1581,0.440415322781
1582,0.848766386509
1583,0.387719959021
1584,0.861134648323
1585,0.773597180843
1586,0.84680467844
1587,0.688569188118
1588,0.228299379349
1589,0.9142588377
1590,0.888450443745
1591,0.829440116882
1592,0.386303275824
1593,0.565515935421
1594,0.74466574192
1595,0.634894192219
1596,0.540646731853
1597,0.369371861219
1598,0.24686409533
1599,0.516067147255
1600,0.800469458103
1601,0.178840458393
1602,0.544176340103
1603,0.157415032387
1604,0.34697163105
1605,0.287066370249
1606,0.498862653971
1607,0.147778972983
1608,0.274900257587
1609,0.0680404081941
1610,0.191909909248
1611,0.0768052116036
1612,0.794185340405
1613,0.854639470577
1614,0.0695646256208
1615,0.836212873459
1616,0.198238298297
1617,0.210234612226
1618,0.825849235058
1619,0.796759545803
1620,0.777083158493
1621,0.868694186211
1622,0.235998466611
1623,0.728829145432
1624,0.788966715336
1625,0.456355303526
1626,0.770546197891
1627,0.0665886700153
1628,0.737515628338
1629,0.590194523335
1630,0.786423504353
1631,0.174394309521
1632,0.871719777584
1633,0.53492629528
1634,0.512276947498
1635,0.454034745693
1636,0.88132673502
1637,0.251287281513
1638,0.042973857373
1639,0.676039159298
1640,0.726336956024
1641,0.308904737234
1642,0.72197920084
1643,0.244497165084
1644,0.898440599442
1645,0.627461314201
1646,0.878917634487
1647,0.40974676609
1648,0.3156670928
1649,0.412287205458
1650,0.85398453474
1651,0.874911427498
1652,0.765488922596
1653,0.874346494675
1654,0.209455221891
1655,0.775012493134
1656,0.682925999165
1657,0.722228944302
1658,0.0501568131149
1659,0.687093198299
1660,0.666723072529
1661,0.274737805128
1662,0.402384191751
1663,0.164641946554
1664,0.744307458401
1665,0.693361759186
1666,0.33756968379
1667,0.414720654488
1668,0.818514108658
1669,0.833970069885
1670,0.367166668177
1671,0.770302832127
1672,0.0888138115406
1673,0.661867797375
1674,0.899728238583
1675,0.224341601133
1676,0.231935709715
1677,0.904118955135
1678,0.368970960379
1679,0.945132553577
1680,0.578896403313
1681,0.893957912922
1682,0.849990487099
1683,0.683450341225
1684,0.925667583942
1685,0.201981320977
1686,0.832836568356
1687,0.113553650677
1688,0.610745131969
1689,0.173014909029
1690,0.803562223911
1691,0.436353623867
1692,0.800688505173
1693,0.92216271162
1694,0.853384196758
1695,0.695094347
1696,0.0564295649529
1697,0.0986095890403
1698,0.17158049345
1699,0.335906565189
1700,0.108078770339
1701,0.791493237019
1702,0.801344573498
1703,0.812961995602
1704,0.404241979122
1705,0.48486366868
1706,0.796276509762
1707,0.366973459721
1708,0.876121997833
1709,0.205423086882
1710,0.161066949368
1711,0.952661335468
1712,0.643048465252
1713,0.915080308914
1714,0.320823341608
1715,0.201037421823
1716,0.603946745396
1717,0.837129771709
1718,0.309092998505
1719,0.641581118107
1720,0.480479389429
1721,0.272632658482
1722,0.799193620682
1723,0.193679660559
1724,0.18357796967
1725,0.709714412689
1726,0.4527336061
1727,0.941102743149
1728,0.685307860374
1729,0.0609477609396
1730,0.895491421223
1731,0.520245611668
1732,0.821552097797
1733,0.408168435097
1734,0.480420023203
1735,0.846964716911
1736,0.736238718033
1737,0.85612654686
1738,0.826952815056
1739,0.808042287827
1740,0.325694769621
1741,0.857230305672
1742,0.86836540699
1743,0.442324876785
1744,0.155567973852
1745,0.25625577569
1746,0.211429029703
1747,0.531408131123
1748,0.367572039366
1749,0.485333651304
1750,0.337558925152
1751,0.337061196566
1752,0.937228262424
1753,0.124378569424
1754,0.439809769392
1755,0.745552659035
1756,0.115875095129
1757,0.359965115786
1758,0.275684893131
1759,0.952586293221
1760,0.255048722029
1761,0.861483871937
1762,0.781917631626
1763,0.660904765129
1764,0.886743724346
1765,0.212335765362
1766,0.494527935982
1767,0.765490233898
1768,0.287326961756
1769,0.725527822971
1770,0.145365461707
1771,0.121237069368
1772,0.190262392163
1773,0.247955486178
1774,0.695447087288
1775,0.811005115509
1776,0.762686550617
1777,0.418840408325
1778,0.470207959414
1779,0.726711452007
1780,0.510264694691
1781,0.175808802247
1782,0.410380363464
1783,0.213520646095
1784,0.898510754108
1785,0.836473941803
1786,0.421525627375
1787,0.84842902422
1788,0.902924001217
1789,0.752763569355
1790,0.771231949329
1791,0.301568835974
1792,0.358260929585
1793,0.872787714005
1794,0.0568514503539
1795,0.775548577309
1796,0.388023257256
1797,0.720289289951
1798,0.0484232567251
1799,0.742532372475
1800,0.625986516476
1801,0.603961884975
1802,0.333597034216
1803,0.0793009698391
1804,0.813440442085
1805,0.279625564814
1806,0.73127835989
1807,0.663858115673
1808,0.196452215314
1809,0.802674949169
1810,0.589966475964
1811,0.0912187919021
1812,0.666935384274
1813,0.814680337906
1814,0.273680895567
1815,0.758582353592
1816,0.271510392427
1817,0.791698098183
1818,0.783482313156
1819,0.333404809237
1820,0.821805357933
1821,0.837394177914
1822,0.387851446867
1823,0.495912462473
1824,0.966944158077
1825,0.195398584008
1826,0.206478327513
1827,0.121234573424
1828,0.142497092485
1829,0.617120683193
1830,0.53086400032
1831,0.511160612106
1832,0.166625052691
1833,0.85369092226
1834,0.276511728764
1835,0.97655493021
1836,0.53789293766
1837,0.167480871081
1838,0.517169654369
1839,0.816736578941
1840,0.471591919661
1841,0.482230007648
1842,0.497972160578
1843,0.111597985029
1844,0.619178533554
1845,0.93845385313
1846,0.634122133255
1847,0.625415325165
1848,0.86015444994
1849,0.105690971017
1850,0.913655996323
1851,0.705465137959
1852,0.832445800304
1853,0.0381505414844
1854,0.0930838435888
1855,0.668994009495
1856,0.296562284231
1857,0.0979756563902
1858,0.217413276434
1859,0.0877004638314
1860,0.16848783195
1861,0.428586274385
1862,0.205097705126
1863,0.128410220146
1864,0.0774066373706
1865,0.828566372395
1866,0.579825639725
1867,0.300472199917
1868,0.20451785624
1869,0.280114859343
1870,0.0649225264788
1871,0.719348013401
1872,0.13466347754
1873,0.277638286352
1874,0.648328661919
1875,0.80926835537
1876,0.295993953943
1877,0.825029432774
1878,0.873941719532
1879,0.482511311769
1880,0.730492711067
1881,0.383895486593
1882,0.903058707714
1883,0.085383310914
1884,0.869395196438
1885,0.78757506609
1886,0.170354172587
1887,0.261883080006
1888,0.167926505208
1889,0.387026816607
1890,0.190143376589
1891,0.923668324947
1892,0.157379597425
1893,0.309711575508
1894,0.866453528404
1895,0.145447611809
1896,0.889100313187
1897,0.85875749588
1898,0.780029475689
1899,0.33363583684
1900,0.36667111516
1901,0.808856070042
1902,0.612990021706
1903,0.900748848915
1904,0.935357928276
1905,0.409923166037
1906,0.105217136443
1907,0.916557490826
1908,0.721921026707
1909,0.930062353611
1910,0.493843525648
1911,0.771041750908
1912,0.441836744547
1913,0.715127170086
1914,0.383418083191
1915,0.234860226512
1916,0.412145286798
1917,0.769556581974
1918,0.667506933212
1919,0.184846043587
1920,0.325008094311
1921,0.141282171011
1922,0.814444720745
1923,0.622767627239
1924,0.370682805777
1925,0.885116279125
1926,0.103725686669
1927,0.0889624282718
1928,0.164883285761
1929,0.294437944889
1930,0.844388246536
1931,0.0617606192827
1932,0.681701481342
1933,0.108046963811
1934,0.318942755461
1935,0.0621731467545
1936,0.944493710995
1937,0.12809343636
1938,0.490188747644
1939,0.333046406507
1940,0.151449844241
1941,0.305033326149
1942,0.920444071293
1943,0.269161522388
1944,0.861728847027
1945,0.63286280632
1946,0.257550090551
1947,0.277916073799
1948,0.163718983531
1949,0.129027396441
1950,0.898790359497
1951,0.396731704473
1952,0.296299248934
1953,0.407520204782
1954,0.253692269325
1955,0.257539242506
1956,0.847901523113
1957,0.696883738041
1958,0.766197144985
1959,0.845653414726
1960,0.0711424201727
1961,0.209383875132
1962,0.904598712921
1963,0.872716605663
1964,0.294684350491
1965,0.92958432436
1966,0.396482288837
1967,0.348075300455
1968,0.740201056004
1969,0.515249431133
1970,0.13302847743
1971,0.87018674612
1972,0.642126917839
1973,0.792716920376
1974,0.851371705532
1975,0.388378232718
1976,0.674013495445
1977,0.794468522072
1978,0.758966684341
1979,0.781758785248
1980,0.1698063761
1981,0.905093431473
1982,0.572262346745
1983,0.832671284676
1984,0.761483848095
1985,0.436693966389
1986,0.732125878334
1987,0.858731746674
1988,0.829781591892
1989,0.955161213875
1990,0.779311478138
1991,0.505306065083
1992,0.221864357591
1993,0.801522135735
1994,0.875052332878
1995,0.751466989517
1996,0.194181159139
1997,0.824029743671
1998,0.646175324917
1999,0.361646652222
2000,0.939744114876
2001,0.0844288691878
2002,0.405817419291
2003,0.591395616531
2004,0.342725992203
2005,0.305816411972
2006,0.313650816679
2007,0.333198696375
2008,0.679662644863
2009,0.629799664021
2010,0.127562746406
2011,0.552777051926
2012,0.797297358513
2013,0.920160591602
2014,0.681999087334
2015,0.760700106621
2016,0.734824299812
2017,0.902567446232
2018,0.788849055767
2019,0.106740005314
2020,0.843666851521
2021,0.509471714497
2022,0.784272909164
2023,0.409779191017
2024,0.390638202429
2025,0.830308675766
2026,0.875659406185
2027,0.611964523792
2028,0.809816122055
2029,0.390517026186
2030,0.758193850517
2031,0.818235993385
2032,0.632998228073
2033,0.497952818871
2034,0.103877566755
2035,0.900664567947
2036,0.457464545965
2037,0.106474012136
2038,0.498287945986
2039,0.705397665501
2040,0.214028447866
2041,0.659935712814
2042,0.818433582783
2043,0.26050812006
2044,0.553348720074
2045,0.819034576416
2046,0.801267266273
2047,0.769258856773
2048,0.888697564602
2049,0.755248367786
2050,0.957044422626
2051,0.927776813507
2052,0.700321495533
2053,0.623197197914
2054,0.898284554482
2055,0.0416730828583
2056,0.86739975214
2057,0.571083068848
2058,0.867885947227
2059,0.7231143713
2060,0.204515650868
2061,0.46425023675
2062,0.181518629193
2063,0.0988417714834
2064,0.746228098869
2065,0.0418680720031
2066,0.0577236637473
2067,0.539545595646
2068,0.0942818894982
2069,0.284911036491
2070,0.955248117447
2071,0.120170876384
2072,0.0781284421682
2073,0.364519745111
2074,0.678369343281
2075,0.870242059231
2076,0.378002256155
2077,0.822832047939
2078,0.300546050072
2079,0.635833144188
2080,0.146527558565
2081,0.855024456978
2082,0.615646779537
2083,0.96927690506
2084,0.180947184563
2085,0.37175577879
2086,0.434538394213
2087,0.859874606133
2088,0.414354264736
2089,0.793429732323
2090,0.432201802731
2091,0.435582578182
2092,0.907903432846
2093,0.547886192799
2094,0.808608591557
2095,0.794734299183
2096,0.277555316687
2097,0.328071594238
2098,0.144764512777
2099,0.793241858482
2100,0.231018960476
2101,0.952985942364
2102,0.870135366917
2103,0.350223869085
2104,0.92463850975
2105,0.63101041317
2106,0.467912018299
2107,0.869367957115
2108,0.766657888889
2109,0.453852027655
2110,0.182753771544
2111,0.328981310129
2112,0.759032905102
2113,0.046025402844
2114,0.612990021706
2115,0.344133108854
2116,0.956445455551
2117,0.211547672749
2118,0.582788228989
2119,0.277331322432
2120,0.233229026198
2121,0.523203492165
2122,0.74268245697
2123,0.757199048996
2124,0.541826725006
2125,0.512698054314
2126,0.372975826263
2127,0.218385562301
2128,0.930481374264
2129,0.13299973309
2130,0.881519258022
2131,0.947353839874
2132,0.406891107559
2133,0.69324618578
2134,0.198211893439
2135,0.699399888515
2136,0.709365904331
2137,0.150466054678
2138,0.739317715168
2139,0.282238662243
2140,0.934162974358
2141,0.288982897997
2142,0.886935949326
2143,0.623562753201
2144,0.262036651373
2145,0.666307330132
2146,0.374845325947
2147,0.261012047529
2148,0.879990339279
2149,0.774116933346
2150,0.617725372314
2151,0.718337118626
2152,0.176090821624
2153,0.191725745797
2154,0.320772051811
2155,0.674935162067
2156,0.195969417691
2157,0.323047667742
2158,0.280798494816
2159,0.0888596251607
2160,0.695078849792
2161,0.872601866722
2162,0.621321558952
2163,0.880750060081
2164,0.848393797874
2165,0.346209794283
2166,0.670432448387
2167,0.678102493286
2168,0.625975430012
2169,0.245714202523
2170,0.494330465794
2171,0.787909686565
2172,0.597357809544
2173,0.795195400715
2174,0.280863493681
2175,0.569006025791
2176,0.739706635475
2177,0.851371705532
2178,0.407443165779
2179,0.529320776463
2180,0.579220533371
2181,0.668257653713
2182,0.837871193886
2183,0.474367022514
2184,0.544573903084
2185,0.835546255112
2186,0.89070802927
2187,0.746118843555
2188,0.281064122915
2189,0.790150105953
2190,0.763767182827
2191,0.0960291028023
2192,0.177588328719
2193,0.254642426968
2194,0.27575802803
2195,0.0278605539352
2196,0.0649140179157
2197,0.206725046039
2198,0.422178775072
2199,0.738274216652
2200,0.557659864426
2201,0.667660295963
2202,0.227820798755
2203,0.742332279682
2204,0.0334989205003
2205,0.886625528336
2206,0.607726752758
2207,0.370377838612
2208,0.0907969772816
2209,0.905126094818
2210,0.490589082241
2211,0.837192595005
2212,0.337238460779
2213,0.225725740194
2214,0.431322067976
2215,0.265412062407
2216,0.844214916229
2217,0.804076313972
2218,0.77553832531
2219,0.849028527737
2220,0.398790746927
2221,0.656495451927
2222,0.913897573948
2223,0.705807685852
2224,0.171444803476
2225,0.608031272888
2226,0.614914298058
2227,0.280571430922
2228,0.751872599125
2229,0.882029235363
2230,0.31912741065
2231,0.553733050823
2232,0.715388715267
2233,0.763706624508
2234,0.921970844269
2235,0.194224759936
2236,0.292951256037
2237,0.652684271336
2238,0.263232290745
2239,0.447301387787
2240,0.658218681812
2241,0.87141931057
2242,0.914584934711
2243,0.241201087832
2244,0.842607200146
2245,0.659961760044
2246,0.419210761786
2247,0.427098363638
2248,0.831069290638
2249,0.142203584313
2250,0.145746216178
2251,0.744006514549
2252,0.799439013004
2253,0.811743378639
2254,0.554793536663
2255,0.132366210222
2256,0.234561771154
2257,0.768424034119
2258,0.441244184971
2259,0.849524915218
2260,0.612407326698
2261,0.65539419651
2262,0.145390510559
2263,0.333379268646
2264,0.743092119694
2265,0.452307462692
2266,0.362749218941
2267,0.813652455807
2268,0.125789552927
2269,0.760367870331
2270,0.523605823517
2271,0.368062376976
2272,0.488508701324
2273,0.830226540565
2274,0.947614312172
2275,0.221917510033
2276,0.625815749168
2277,0.892478883266
2278,0.363473773003
2279,0.132170334458
2280,0.745702505112
2281,0.457669198513
2282,0.72490888834
2283,0.905664205551
2284,0.132654651999
2285,0.181560054421
2286,0.183072820306
2287,0.872744143009
2288,0.950008153915
2289,0.730354249477
2290,0.974079251289
2291,0.389474213123
2292,0.878757059574
2293,0.137527883053
2294,0.273604035378
2295,0.957505822182
2296,0.409796565771
2297,0.843069314957
2298,0.746662795544
2299,0.898487269878
2300,0.733983874321
2301,0.409913927317
2302,0.93686324358
2303,0.83676046133
2304,0.832391440868
2305,0.939896285534
2306,0.755094349384
2307,0.625599622726
2308,0.936762392521
2309,0.143318042159
2310,0.726896107197
2311,0.808326900005
2312,0.733536183834
2313,0.662611484528
2314,0.207525521517
2315,0.358696192503
2316,0.698339819908
2317,0.730584442616
2318,0.718928098679
2319,0.917458176613
2320,0.794542968273
2321,0.832773864269
2322,0.743062436581
2323,0.909034609795
2324,0.461554855108
2325,0.232210114598
2326,0.125322654843
2327,0.248486965895
2328,0.921844422817
2329,0.544196665287
2330,0.8142105937
2331,0.639329135418
2332,0.275570511818
2333,0.559563279152
2334,0.424217104912
2335,0.740161120892
2336,0.803446948528
2337,0.318074554205
2338,0.63939845562
2339,0.828823924065
2340,0.635359585285
2341,0.535117566586
2342,0.837898492813
2343,0.876790225506
2344,0.789822041988
2345,0.820381045341
2346,0.789647579193
2347,0.232166334987
2348,0.211975798011
2349,0.327569305897
2350,0.827594041824
2351,0.765190958977
2352,0.256023108959
2353,0.113929264247
2354,0.875313043594
2355,0.197800084949
2356,0.114313289523
2357,0.860044836998
2358,0.815565109253
2359,0.223097339272
2360,0.753973782063
2361,0.232488319278
2362,0.184602037072
2363,0.312335699797
2364,0.08972042799
2365,0.416900992393
2366,0.480967491865
2367,0.803548157215
2368,0.192154794931
2369,0.0980577096343
2370,0.111874118447
2371,0.691372990608
2372,0.969909310341
2373,0.74233430624
2374,0.363485395908
2375,0.79046279192
2376,0.441211700439
2377,0.744248151779
2378,0.704453468323
2379,0.760909318924
2380,0.880725562572
2381,0.897991001606
2382,0.140201330185
2383,0.74379748106
2384,0.272354841232
2385,0.2459615767
2386,0.909909844398
2387,0.399426490068
2388,0.475668936968
2389,0.888736724854
2390,0.33894854784
2391,0.540852069855
2392,0.123705260456
2393,0.742174327374
2394,0.857040941715
2395,0.615091323853
2396,0.283339887857
2397,0.602358162403
2398,0.332938700914
2399,0.715364038944
2400,0.917678356171
2401,0.917564511299
2402,0.845717787743
2403,0.0950332060456
2404,0.279021471739
2405,0.845326960087
2406,0.517498016357
2407,0.131527259946
2408,0.872546613216
2409,0.266954064369
2410,0.263094395399
2411,0.191835343838
2412,0.891941130161
2413,0.749461829662
2414,0.145594060421
2415,0.675608515739
2416,0.865533947945
2417,0.753039181232
2418,0.862201571465
2419,0.317860782146
2420,0.742468059063
2421,0.604377448559
2422,0.696060776711
2423,0.224156334996
2424,0.637633979321
2425,0.863729298115
2426,0.469927489758
2427,0.0586520396173
2428,0.845212936401
2429,0.736684799194
2430,0.26193779707
2431,0.418004572392
2432,0.227421432734
2433,0.626066863537
2434,0.8914077878
2435,0.594635903835
2436,0.879741132259
2437,0.355876415968
2438,0.793838024139
2439,0.216075688601
2440,0.53334915638
2441,0.0502691194415
2442,0.860036551952
2443,0.231654345989
2444,0.115891978145
2445,0.944005787373
2446,0.549362361431
2447,0.894019961357
2448,0.763853013515
2449,0.553250253201
2450,0.935026109219
2451,0.352534621954
2452,0.183262422681
2453,0.184343352914
2454,0.817531108856
2455,0.113497041166
2456,0.217056125402
2457,0.776945948601
2458,0.118991665542
2459,0.892660200596
2460,0.86001098156
2461,0.692753791809
2462,0.193409517407
2463,0.886332809925
2464,0.8080072999
2465,0.791885375977
2466,0.903149485588
2467,0.115431979299
2468,0.817861557007
2469,0.201096817851
2470,0.0647093132138
2471,0.825103759766
2472,0.892763137817
2473,0.775770485401
2474,0.156858772039
2475,0.198002517223
2476,0.130624964833
2477,0.480545669794
2478,0.912737905979
2479,0.477962553501
2480,0.154452756047
2481,0.444948732853
2482,0.863417327404
2483,0.263112485409
2484,0.452277511358
2485,0.246139973402
2486,0.846162140369
2487,0.611094117165
2488,0.806059479713
2489,0.936713337898
2490,0.0925718769431
2491,0.923982083797
2492,0.816150188446
2493,0.093638189137
2494,0.797254920006
2495,0.164603829384
2496,0.899210572243
2497,0.696921765804
2498,0.744410455227
2499,0.391843825579
2500,0.706960976124
2501,0.38463050127
2502,0.121082231402
2503,0.659542024136
2504,0.672782301903
2505,0.161190599203
2506,0.729425132275
2507,0.349972963333
2508,0.373249560595
2509,0.336079329252
2510,0.613366246223
2511,0.768510580063
2512,0.69236600399
2513,0.730137765408
2514,0.492713391781
2515,0.809324324131
2516,0.88538390398
2517,0.3618273139
2518,0.922893583775
2519,0.821082532406
2520,0.858925998211
2521,0.127571359277
2522,0.162739127874
2523,0.826866209507
2524,0.398384869099
2525,0.747636020184
2526,0.303484976292
2527,0.923902094364
2528,0.729276418686
2529,0.818662762642
2530,0.66812312603
2531,0.621505796909
2532,0.250894248486
2533,0.18719060719
2534,0.901511907578
2535,0.797098398209
2536,0.790563225746
2537,0.0893688201904
2538,0.110897004604
2539,0.88559794426
2540,0.580109655857
2541,0.14282014966
2542,0.886705100536
2543,0.905975580215
2544,0.392201304436
2545,0.785304963589
2546,0.26867556572
2547,0.103501655161
2548,0.141632050276
2549,0.668546020985
2550,0.901871502399
2551,0.949419021606
2552,0.337098032236
2553,0.91226541996
2554,0.800849080086
2555,0.558372437954
2556,0.769850432873
2557,0.242818668485
2558,0.15001270175
2559,0.541028916836
2560,0.903558492661
2561,0.803676843643
2562,0.695448040962
2563,0.29068723321
2564,0.637571275234
2565,0.126642495394
2566,0.13122163713
2567,0.271474033594
2568,0.689208090305
2569,0.909280061722
2570,0.608921289444
2571,0.896971285343
2572,0.788366913795
2573,0.882132411003
2574,0.359167307615
2575,0.894287467003
2576,0.348533540964
2577,0.895540058613
2578,0.499951243401
2579,0.105427958071
2580,0.179917186499
2581,0.200271651149
2582,0.805641174316
2583,0.565961539745
2584,0.37917175889
2585,0.374227136374
2586,0.755465984344
2587,0.258566081524
2588,0.701732754707
2589,0.81286585331
2590,0.913956701756
2591,0.0480422899127
2592,0.610074579716
2593,0.800483942032
2594,0.228768900037
2595,0.76268774271
2596,0.0469473674893
2597,0.0418050996959
2598,0.168997779489
2599,0.859400570393
2600,0.269321262836
2601,0.237115502357
2602,0.659169018269
2603,0.824678778648
2604,0.743657708168
2605,0.194729208946
2606,0.077305354178
2607,0.754521310329
2608,0.417625665665
2609,0.0643162950873
2610,0.178771778941
2611,0.878740251064
2612,0.889488339424
2613,0.273417621851
2614,0.864208042622
2615,0.499237984419
2616,0.434951364994
2617,0.736892163754
2618,0.501290023327
2619,0.755240082741
2620,0.575691461563
2621,0.926880538464
2622,0.341991424561
2623,0.650552392006
2624,0.767199873924
2625,0.781124472618
2626,0.0890834853053
2627,0.594141662121
2628,0.620466172695
2629,0.0829350650311
2630,0.294214129448
2631,0.18383230269
2632,0.106488913298
2633,0.0760262906551
2634,0.242183983326
2635,0.880110800266
2636,0.284004479647
2637,0.374431431293
2638,0.888347625732
2639,0.706624865532
2640,0.287549734116
2641,0.0695392265916
2642,0.253060132265
2643,0.0913019999862
2644,0.594048678875
2645,0.789847671986
2646,0.393169313669
2647,0.115426465869
2648,0.392911165953
2649,0.0834603607655
2650,0.444797754288
2651,0.82240319252
2652,0.766732633114
2653,0.112029932439
2654,0.946797847748
2655,0.402441352606
2656,0.922945082188
2657,0.154360532761
2658,0.817333221436
2659,0.871397554874
2660,0.681381225586
2661,0.478613615036
2662,0.263766348362
2663,0.832899332047
2664,0.830239534378
2665,0.666504979134
2666,0.702247619629
2667,0.761055111885
2668,0.858445048332
2669,0.936967492104
2670,0.41662016511
2671,0.0754109546542
2672,0.682235836983
2673,0.81030023098
2674,0.823471546173
2675,0.928504884243
2676,0.242343008518
2677,0.749524474144
2678,0.333477407694
2679,0.913994729519
2680,0.167625546455
2681,0.099857352674
2682,0.146810919046
2683,0.42088201642
2684,0.926305115223
2685,0.880015134811
2686,0.124042451382
2687,0.61307823658
2688,0.211239904165
2689,0.813967943192
2690,0.838342368603
2691,0.877460122108
2692,0.37645611167
2693,0.744577050209
2694,0.119912549853
2695,0.36855468154
2696,0.429338723421
2697,0.338923126459
2698,0.0737198442221
2699,0.684988677502
2700,0.389810025692
2701,0.79399740696
2702,0.924209117889
2703,0.853125751019
2704,0.0585633143783
2705,0.733382940292
2706,0.670660972595
2707,0.460318624973
2708,0.479026019573
2709,0.136715114117
2710,0.615632176399
2711,0.359167307615
2712,0.93478757143
2713,0.437723785639
2714,0.132826969028
2715,0.38802421093
2716,0.749097287655
2717,0.938196361065
2718,0.156484782696
2719,0.501165866852
2720,0.604773342609
2721,0.857444345951
2722,0.0907908976078
2723,0.340563625097
2724,0.66647040844
2725,0.179217413068
2726,0.132221564651
2727,0.573671162128
2728,0.361855924129
2729,0.909826815128
2730,0.886655688286
2731,0.749562561512
2732,0.833738803864
2733,0.855238974094
2734,0.338344573975
2735,0.557009100914
2736,0.201552718878
2737,0.366236567497
2738,0.110149376094
2739,0.102571226656
2740,0.544239461422
2741,0.15941850841
2742,0.814808785915
2743,0.779286384583
2744,0.83073669672
2745,0.113224580884
2746,0.480327785015
2747,0.419247448444
2748,0.875779092312
2749,0.614782512188
2750,0.831902325153
2751,0.867494523525
2752,0.666199147701
2753,0.819901227951
2754,0.56456297636
2755,0.0997885763645
2756,0.914258599281
2757,0.303734481335
2758,0.618989527225
2759,0.660370051861
2760,0.608098328114
2761,0.852735459805
2762,0.34396186471
2763,0.587177276611
2764,0.272811293602
2765,0.218438267708
2766,0.80276119709
2767,0.733672320843
2768,0.619949102402
2769,0.862791717052
2770,0.274998575449
2771,0.767036855221
2772,0.364415884018
2773,0.308437138796
2774,0.329557746649
2775,0.0872582644224
2776,0.920407235622
2777,0.115088365972
2778,0.190165549517
2779,0.114567883313
2780,0.157848238945
2781,0.46258699894
2782,0.810525417328
2783,0.121695570648
2784,0.0661403164268
2785,0.381848454475
2786,0.606751322746
2787,0.523487150669
2788,0.952159285545
2789,0.539924442768
2790,0.843400716782
2791,0.275461107492
2792,0.757105648518
2793,0.586960911751
2794,0.14238384366
2795,0.260175168514
2796,0.68378162384
2797,0.232401534915
2798,0.141698688269
2799,0.758410453796
2800,0.849683403969
2801,0.774549901485
2802,0.702094972134
2803,0.710167646408
2804,0.311239689589
2805,0.124726682901
2806,0.270441144705
2807,0.573115348816
2808,0.918606102467
2809,0.202754482627
2810,0.437203586102
2811,0.290327757597
2812,0.868448674679
2813,0.27090755105
2814,0.35988676548
2815,0.596918702126
2816,0.67260235548
2817,0.916556358337
2818,0.34163787961
2819,0.928117394447
2820,0.292181938887
2821,0.737765014172
2822,0.899210572243
2823,0.716922104359
2824,0.227695301175
2825,0.0368809252977
2826,0.730461657047
2827,0.778398156166
2828,0.898220419884
2829,0.138823345304
2830,0.760755598545
2831,0.4937517941
2832,0.278884708881
2833,0.831727266312
2834,0.755262136459
2835,0.762950599194
2836,0.700574338436
2837,0.22824215889
2838,0.35988676548
2839,0.898677587509
2840,0.210265427828
2841,0.67700445652
2842,0.140945956111
2843,0.87793636322
2844,0.607320487499
2845,0.649321436882
2846,0.889270782471
2847,0.94274020195
2848,0.824173629284
2849,0.380464494228
2850,0.482164472342
2851,0.358007609844
2852,0.260867238045
2853,0.305000752211
2854,0.682567715645
2855,0.443413108587
2856,0.255682617426
2857,0.0982796698809
2858,0.807685136795
2859,0.0444809272885
2860,0.829094231129
2861,0.252462625504
2862,0.504275679588
2863,0.342647105455
2864,0.0597822293639
2865,0.171531870961
2866,0.340513914824
2867,0.847148954868
2868,0.928843319416
2869,0.921585142612
2870,0.828529596329
2871,0.423065423965
2872,0.240480557084
2873,0.868428707123
2874,0.423932820559
2875,0.258260369301
2876,0.777426242828
2877,0.037417344749
2878,0.189972564578
2879,0.899210572243
2880,0.737360060215
2881,0.104816049337
2882,0.210523188114
2883,0.817255735397
2884,0.575277447701
2885,0.50248414278
2886,0.870947659016
2887,0.817847013474
2888,0.776152253151
2889,0.500884950161
2890,0.145456120372
2891,0.891137063503
2892,0.0741979330778
2893,0.938726961613
2894,0.292848557234
2895,0.670929312706
2896,0.923253953457
2897,0.728865265846
2898,0.370750039816
2899,0.610760629177
2900,0.11412653327
2901,0.831161558628
2902,0.835853874683
2903,0.899280190468
2904,0.498546779156
2905,0.203467562795
2906,0.933324337006
2907,0.448749095201
2908,0.819366455078
2909,0.0430292896926
2910,0.546069979668
2911,0.133863613009
2912,0.239147439599
2913,0.485617548227
2914,0.362902969122
2915,0.236555635929
2916,0.0567796379328
2917,0.624386310577
2918,0.0961764454842
2919,0.187338992953
2920,0.725754976273
2921,0.223162293434
2922,0.46431016922
2923,0.656070888042
2924,0.255089312792
2925,0.785134494305
2926,0.300285100937
2927,0.916517019272
2928,0.216058552265
2929,0.0733915343881
2930,0.836777746677
2931,0.276618897915
2932,0.43782839179
2933,0.301300317049
2934,0.149347394705
2935,0.877500474453
2936,0.663750231266
2937,0.737101852894
2938,0.946776270866
2939,0.567965686321
2940,0.623235881329
2941,0.446531236172
2942,0.670164644718
2943,0.132807195187
2944,0.416642963886
2945,0.333762228489
2946,0.91346347332
2947,0.0560187920928
2948,0.922478675842
2949,0.328447282314
2950,0.344396650791
2951,0.144243240356
2952,0.607198894024
2953,0.498903900385
2954,0.0876296982169
2955,0.472288012505
2956,0.764007210732
2957,0.183561220765
2958,0.301069557667
2959,0.506094753742
2960,0.246500700712
2961,0.911714553833
2962,0.850125968456
2963,0.25440120697
2964,0.239626258612
2965,0.759747028351
2966,0.625938355923
2967,0.821678698063
2968,0.401603728533
2969,0.83963316679
2970,0.884438872337
2971,0.184641227126
2972,0.942124962807
2973,0.664946436882
2974,0.111167415977
2975,0.838185787201
2976,0.108354322612
2977,0.813959717751
2978,0.711613595486
2979,0.763397037983
2980,0.248574674129
2981,0.586364388466
2982,0.099654443562
2983,0.663932800293
2984,0.0355852693319
2985,0.100304357708
2986,0.816056907177
2987,0.257055014372
2988,0.173791065812
2989,0.170685634017
2990,0.0981277525425
2991,0.935876250267
2992,0.623592436314
2993,0.373482346535
2994,0.84704631567
2995,0.146780148149
2996,0.651203155518
2997,0.88768017292
2998,0.42150709033
2999,0.798688530922
3000,0.327896237373
3001,0.16690979898
3002,0.362077623606
3003,0.729425132275
3004,0.189305916429
3005,0.845992088318
3006,0.755777478218
3007,0.195802152157
3008,0.12975820899
3009,0.377109795809
3010,0.678945958614
3011,0.870589256287
3012,0.761158168316
3013,0.828089416027
3014,0.229616239667
3015,0.692626833916
3016,0.131872966886
3017,0.400444835424
3018,0.272101759911
3019,0.0616747140884
3020,0.863095283508
3021,0.163582518697
3022,0.837926864624
3023,0.775759935379
3024,0.857163131237
3025,0.865652918816
3026,0.831202626228
3027,0.530698180199
3028,0.375919103622
3029,0.206048965454
3030,0.919828295708
3031,0.803710222244
3032,0.487459003925
3033,0.910155057907
3034,0.919223964214
3035,0.345940589905
3036,0.49266320467
3037,0.168250158429
3038,0.405259132385
3039,0.841332137585
3040,0.850610256195
3041,0.94581592083
3042,0.456245303154
3043,0.583276152611
3044,0.749337494373
3045,0.625954687595
3046,0.411963045597
3047,0.102277822793
3048,0.258866935968
3049,0.280785888433
3050,0.703607797623
3051,0.911738395691
3052,0.930569350719
3053,0.848145961761
3054,0.509431540966
3055,0.103530526161
3056,0.875461041927
3057,0.188424035907
3058,0.116116009653
3059,0.728361129761
3060,0.811575710773
3061,0.596759676933
3062,0.139333486557
3063,0.66814827919
3064,0.077679283917
3065,0.620178818703
3066,0.539582073689
3067,0.279931336641
3068,0.659236609936
3069,0.366699397564
3070,0.72976654768
3071,0.863484799862
3072,0.883028924465
3073,0.324989616871
3074,0.230727404356
3075,0.69991838932
3076,0.15680269897
3077,0.0876103118062
3078,0.761119544506
3079,0.934085786343
3080,0.446105778217
3081,0.907863616943
3082,0.936253666878
3083,0.276264578104
3084,0.837561249733
3085,0.813431084156
3086,0.136945843697
3087,0.128761842847
3088,0.277225673199
3089,0.84704631567
3090,0.79399740696
3091,0.107952743769
3092,0.780801057816
3093,0.772309243679
3094,0.899961531162
3095,0.863913595676
3096,0.933166086674
3097,0.327238202095
3098,0.806918919086
3099,0.184381693602
3100,0.878075957298
3101,0.551985800266
3102,0.749805748463
3103,0.817190289497
3104,0.696866750717
3105,0.82435387373
3106,0.348342984915
3107,0.100433245301
3108,0.529819190502
3109,0.467489629984
3110,0.784439623356
3111,0.843691706657
3112,0.802136063576
3113,0.0570123419166
3114,0.107581600547
3115,0.204293489456
3116,0.44456332922
3117,0.81787365675
3118,0.733637928963
3119,0.747874379158
3120,0.634454607964
3121,0.353101015091
3122,0.385782748461
3123,0.558437347412
3124,0.869660675526
3125,0.29912045598
3126,0.794106543064
3127,0.483927547932
3128,0.414939194918
3129,0.80037266016
3130,0.926652789116
3131,0.380650013685
3132,0.855792820454
3133,0.44081106782
3134,0.627956390381
3135,0.133641108871
3136,0.22602532804
3137,0.855498790741
3138,0.130793944001
3139,0.0783204585314
3140,0.109600789845
3141,0.814641356468
3142,0.883702397346
3143,0.835190057755
3144,0.170049786568
3145,0.198493674397
3146,0.897015452385
3147,0.0885087922215
3148,0.282515496016
3149,0.703536212444
3150,0.665408730507
3151,0.382326751947
3152,0.27986073494
3153,0.858925998211
3154,0.703066885471
3155,0.570605278015
3156,0.854364514351
3157,0.919433891773
3158,0.536943912506
3159,0.217891901731
3160,0.169613987207
3161,0.888685584068
3162,0.439166098833
3163,0.459277659655
3164,0.502833724022
3165,0.25504386425
3166,0.131274446845
3167,0.839882075787
3168,0.932143568993
3169,0.912144601345
3170,0.336922109127
3171,0.849303662777
3172,0.902819097042
3173,0.492497891188
3174,0.18204011023
3175,0.427167326212
3176,0.856163620949
3177,0.2373881042
3178,0.130184546113
3179,0.861468315125
3180,0.344253391027
3181,0.69781601429
3182,0.762595415115
3183,0.398902177811
3184,0.640137314796
3185,0.752970159054
3186,0.942338824272
3187,0.614776194096
3188,0.311015158892
3189,0.799735248089
3190,0.896513164043
3191,0.421751469374
3192,0.786906540394
3193,0.851261913776
3194,0.93552005291
3195,0.170323625207
3196,0.818845808506
3197,0.879264056683
3198,0.116116009653
3199,0.228199496865
3200,0.807020008564
3201,0.494075775146
3202,0.80849301815
3203,0.663879454136
3204,0.678438961506
3205,0.0897904485464
3206,0.665279328823
3207,0.18254762888
3208,0.732564508915
3209,0.191791504622
3210,0.14607322216
3211,0.694955348969
3212,0.783705770969
3213,0.426152527332
3214,0.647241294384
3215,0.141020223498
3216,0.479239434004
3217,0.172418355942
3218,0.611374676228
3219,0.663056135178
3220,0.771681249142
3221,0.442174732685
3222,0.817060470581
3223,0.743849098682
3224,0.915700614452
3225,0.93056666851
3226,0.828943014145
3227,0.277926832438
3228,0.684604763985
3229,0.921334922314
3230,0.652755379677
3231,0.714010894299
3232,0.614568293095
3233,0.898677587509
3234,0.716616690159
3235,0.485475569963
3236,0.685409128666
3237,0.402498215437
3238,0.778272926807
3239,0.735915243626
3240,0.766093492508
3241,0.841181695461
3242,0.344286888838
3243,0.516356885433
3244,0.81004434824
3245,0.0491108112037
3246,0.12029183656
3247,0.138823345304
3248,0.73202508688
3249,0.760858476162
3250,0.509865999222
3251,0.795204937458
3252,0.0981277525425
3253,0.182117477059
3254,0.383146286011
3255,0.627758324146
3256,0.466313660145
3257,0.264494121075
3258,0.0555878505111
3259,0.870384812355
3260,0.164631620049
3261,0.839031100273
3262,0.0961420461535
3263,0.847320556641
3264,0.86980432272
3265,0.270693004131
3266,0.909606337547
3267,0.562400400639
3268,0.100257247686
3269,0.474870324135
3270,0.75992846489
3271,0.92982006073
3272,0.786682963371
3273,0.383920878172
3274,0.458449393511
3275,0.85033416748
3276,0.217858627439
3277,0.159761339426
3278,0.901838719845
3279,0.884438872337
3280,0.148242384195
3281,0.769220769405
3282,0.722219944
3283,0.185163840652
3284,0.219477474689
3285,0.85474562645
3286,0.859501540661
3287,0.431058675051
3288,0.0844714567065
3289,0.72802734375
3290,0.592325568199
3291,0.242969125509
3292,0.443413108587
3293,0.816056907177
3294,0.541412830353
3295,0.356559038162
3296,0.249529391527
3297,0.798528790474
3298,0.631599545479
3299,0.296769618988
3300,0.64424854517
3301,0.125082656741
3302,0.0512748882174
3303,0.207171916962
3304,0.55747038126
3305,0.226170167327
3306,0.546193897724
3307,0.0763207226992
3308,0.0784403458238
3309,0.336138695478
3310,0.613641023636
3311,0.756914556026
3312,0.82826846838
3313,0.470721364021
3314,0.709810495377
3315,0.0404884293675
3316,0.72935205698
3317,0.665942966938
3318,0.119025841355
3319,0.437336862087
3320,0.0492769367993
3321,0.808837234974
3322,0.836336135864
3323,0.314636737108
3324,0.799735248089
3325,0.321281552315
3326,0.820267558098
3327,0.326344907284
3328,0.225644379854
3329,0.476008594036
3330,0.221009299159
3331,0.614118874073
3332,0.757075667381
3333,0.80464887619
3334,0.666674315929
3335,0.189787581563
3336,0.752819061279
3337,0.20439261198
3338,0.371387273073
3339,0.90668451786
3340,0.914770841599
3341,0.848629295826
3342,0.190083160996
3343,0.907829403877
3344,0.383990764618
3345,0.269126683474
3346,0.81263166666
3347,0.817309677601
3348,0.409237712622
3349,0.249036580324
3350,0.182963758707
3351,0.924802601337
3352,0.818391740322
3353,0.325890392065
3354,0.3068125844
3355,0.791957259178
3356,0.216729879379
3357,0.260746866465
3358,0.89509755373
3359,0.359218239784
3360,0.9250613451
3361,0.820374429226
3362,0.292864173651
3363,0.778410255909
3364,0.563116967678
3365,0.712346494198
3366,0.702838718891
3367,0.410535424948
3368,0.834521114826
3369,0.889311075211
3370,0.831432640553
3371,0.917535841465
3372,0.886231184006
3373,0.610619306564
3374,0.318984359503
3375,0.813428521156
3376,0.60139220953
3377,0.741065979004
3378,0.0926051661372
3379,0.661360502243
3380,0.550785541534
3381,0.0513368360698
3382,0.491444051266
3383,0.149801239371
3384,0.52846634388
3385,0.465902805328
3386,0.863954603672
3387,0.400774925947
3388,0.93303501606
3389,0.669871807098
3390,0.3470312953
3391,0.0658589825034
3392,0.919603466988
3393,0.549028873444
3394,0.177464768291
3395,0.178526848555
3396,0.0953890010715
3397,0.928103625774
3398,0.123926945031
3399,0.394873648882
3400,0.811030268669
3401,0.486923784018
3402,0.162497654557
3403,0.841506063938
3404,0.715269684792
3405,0.911749243736
3406,0.800397992134
3407,0.490992456675
3408,0.180959179997
3409,0.633255839348
3410,0.827804327011
3411,0.773494720459
3412,0.452563762665
3413,0.327310800552
3414,0.831435143948
3415,0.749727904797
3416,0.227580547333
3417,0.85242831707
3418,0.81056034565
3419,0.11890168488
3420,0.891827046871
3421,0.0417068041861
3422,0.205810457468
3423,0.715576171875
3424,0.0997961610556
3425,0.214419037104
3426,0.148639708757
3427,0.856540381908
3428,0.788131833076
3429,0.872924029827
3430,0.951293408871
3431,0.468670248985
3432,0.39258530736
3433,0.602402150631
3434,0.255301266909
3435,0.151987075806
3436,0.560648739338
3437,0.80542832613
3438,0.571696162224
3439,0.759747028351
3440,0.90213406086
3441,0.287031173706
3442,0.659946501255
3443,0.930052876472
3444,0.883992671967
3445,0.743303835392
3446,0.596327602863
3447,0.504065752029
3448,0.852517962456
3449,0.444788306952
3450,0.615316569805
3451,0.156966552138
3452,0.203046262264
3453,0.868837416172
3454,0.317545473576
3455,0.86292386055
3456,0.814973533154
3457,0.685277163982
3458,0.119051001966
3459,0.920970082283
3460,0.870352387428
3461,0.815642178059
3462,0.879948854446
3463,0.0407677404583
3464,0.0432662479579
3465,0.668929219246
3466,0.0813237652183
3467,0.601077795029
3468,0.150129243731
3469,0.946851909161
3470,0.907171726227
3471,0.961935758591
3472,0.94152033329
3473,0.922233879566
3474,0.424156010151
3475,0.899210572243
3476,0.591939032078
3477,0.86861294508
3478,0.741907835007
3479,0.859371423721
3480,0.177337422967
3481,0.743356585503
3482,0.0865529999137
3483,0.395313501358
3484,0.215700104833
3485,0.138137117028
3486,0.844858467579
3487,0.558908641338
3488,0.795520067215
3489,0.0387313328683
3490,0.297653526068
3491,0.36822322011
3492,0.791937768459
3493,0.659551024437
3494,0.309657484293
3495,0.80535620451
3496,0.117367126048
3497,0.0961719080806
3498,0.0730973929167
3499,0.218399778008
3500,0.703059732914
3501,0.188357785344
3502,0.570335388184
3503,0.267458558083
3504,0.660847008228
3505,0.883424460888
3506,0.40720385313
3507,0.14638864994
3508,0.207004636526
3509,0.728915989399
3510,0.308203727007
3511,0.861140191555
3512,0.92359483242
3513,0.235621020198
3514,0.815173506737
3515,0.160294413567
3516,0.958766341209
3517,0.133724555373
3518,0.713164687157
3519,0.674176394939
3520,0.0634289905429
3521,0.197675168514
3522,0.837396681309
3523,0.856428742409
3524,0.640780091286
3525,0.319021105766
3526,0.957065582275
3527,0.690009713173
3528,0.623350918293
3529,0.192419618368
3530,0.920618057251
3531,0.88525301218
3532,0.912455260754
3533,0.497260004282
3534,0.950807213783
3535,0.899898171425
3536,0.905026853085
3537,0.170970395207
3538,0.799610793591
3539,0.732773005962
3540,0.924703836441
3541,0.892100632191
3542,0.689538240433
3543,0.93922573328
3544,0.198314651847
3545,0.0488696880639
3546,0.868542253971
3547,0.522812187672
3548,0.619906961918
3549,0.452166885138
3550,0.812320947647
3551,0.128041788936
3552,0.626036822796
3553,0.791666090488
3554,0.688691139221
3555,0.740114986897
3556,0.71621876955
3557,0.341476470232
3558,0.135268911719
3559,0.357050716877
3560,0.136343687773
3561,0.402705103159
3562,0.23460316658
3563,0.953208446503
3564,0.510005950928
3565,0.480950564146
3566,0.824218988419
3567,0.163412496448
3568,0.338312506676
3569,0.272700220346
3570,0.252683669329
3571,0.151234433055
3572,0.833188354969
3573,0.0724447146058
3574,0.598429501057
3575,0.294483155012
3576,0.82552087307
3577,0.896260142326
3578,0.761661946774
3579,0.644551277161
3580,0.26824387908
3581,0.130258306861
3582,0.34163787961
3583,0.232272014022
3584,0.806306123734
3585,0.868288040161
3586,0.809061050415
3587,0.43575835228
3588,0.918138504028
3589,0.373744636774
3590,0.791302263737
3591,0.376190334558
3592,0.800315618515
3593,0.850069046021
3594,0.919175922871
3595,0.828977823257
3596,0.175439581275
3597,0.168094500899
3598,0.714084863663
3599,0.719998657703
3600,0.877303719521
3601,0.880396604538
3602,0.631738126278
3603,0.332669734955
3604,0.20451977849
3605,0.0502748452127
3606,0.298840433359
3607,0.220536246896
3608,0.868799388409
3609,0.692525625229
3610,0.439013063908
3611,0.295739144087
3612,0.806282162666
3613,0.582267045975
3614,0.0570189580321
3615,0.927026689053
3616,0.0539439022541
3617,0.429735273123
3618,0.298872232437
3619,0.889376878738
3620,0.577870368958
3621,0.806310474873
3622,0.213882416487
3623,0.886756181717
3624,0.345940589905
3625,0.450213581324
3626,0.147597149014
3627,0.481490641832
3628,0.890731453896
3629,0.571704208851
3630,0.486185848713
3631,0.837754487991
3632,0.587922751904
3633,0.85276979208
3634,0.666504979134
3635,0.931205570698
3636,0.912382781506
3637,0.82352155447
3638,0.113818816841
3639,0.2805095613
3640,0.90154337883
3641,0.55874055624
3642,0.793420374393
3643,0.334510713816
3644,0.197377026081
3645,0.500884950161
3646,0.874102056026
3647,0.209465205669
3648,0.269539624453
3649,0.507653415203
3650,0.927942633629
3651,0.215723395348
3652,0.271759063005
3653,0.510915100574
3654,0.0529440678656
3655,0.813431084156
3656,0.507999002934
3657,0.910564661026
3658,0.715562999249
3659,0.0799821913242
3660,0.0652265697718
3661,0.42839884758
3662,0.143010869622
3663,0.046135108918
3664,0.811399996281
3665,0.145158827305
3666,0.616460621357
3667,0.364937633276
3668,0.755516052246
3669,0.710677683353
3670,0.894842863083
3671,0.617742538452
3672,0.326352000237
3673,0.613388895988
3674,0.097859442234
3675,0.838389873505
3676,0.16180716455
3677,0.849904179573
3678,0.793183743954
3679,0.554367303848
3680,0.21629576385
3681,0.122260987759
3682,0.332983702421
3683,0.31906825304
3684,0.476792752743
3685,0.212277308106
3686,0.121587872505
3687,0.609548807144
3688,0.412879407406
3689,0.686349093914
3690,0.332916080952
3691,0.720239877701
3692,0.284363955259
3693,0.880621612072
3694,0.885599553585
3695,0.154360532761
3696,0.832790672779
3697,0.941241323948
3698,0.153931766748
3699,0.846699893475
3700,0.528384029865
3701,0.894790768623
3702,0.881443679333
3703,0.781626820564
3704,0.57291084528
3705,0.665970921516
3706,0.0542275421321
3707,0.641087830067
3708,0.916649639606
3709,0.333587259054
3710,0.335555970669
3711,0.112029932439
3712,0.571815550327
3713,0.173970669508
3714,0.851670622826
3715,0.727620601654
3716,0.750484764576
3717,0.141615316272
3718,0.0479716584086
3719,0.467954784632
3720,0.794975876808
3721,0.663933455944
3722,0.852478206158
3723,0.83157324791
3724,0.403017550707
3725,0.425115466118
3726,0.90213406086
3727,0.111710786819
3728,0.112763747573
3729,0.917962670326
3730,0.146609842777
3731,0.125370085239
3732,0.879239976406
3733,0.711588263512
3734,0.306796848774
3735,0.670609414577
3736,0.874660670757
3737,0.332049012184
3738,0.69219571352
3739,0.892943441868
3740,0.545600950718
3741,0.734760820866
3742,0.304619461298
3743,0.407453000546
3744,0.562846124172
3745,0.0955995693803
3746,0.857423484325
3747,0.797201216221
3748,0.608469724655
3749,0.171816214919
3750,0.790657520294
3751,0.0740992054343
