MoleculeId,tfidf_rf-PredictedProbability
1,0.682244405985
2,0.931710350318
3,0.181749853008
4,0.314073265778
5,0.139139187529
6,0.283248682953
7,0.776949028868
8,0.780636592832
9,0.745740493257
10,0.266531786474
11,0.678822885885
12,0.298690165762
13,0.521437722123
14,0.633785384345
15,0.588011956362
16,0.767191393448
17,0.623813938241
18,0.260031592396
19,0.419694759295
20,0.349678056238
21,0.626968729158
22,0.593087890941
23,0.282986315061
24,0.264758371464
25,0.258873009588
26,0.911296389279
27,0.641440811625
28,0.387740096829
29,0.65929449196
30,0.735142716678
31,0.133487226745
32,0.759122166338
33,0.0760709308807
34,0.724898214009
35,0.709106310662
36,0.267728887303
37,0.572125271539
38,0.683070490865
39,0.379352706117
40,0.842284243392
41,0.864663665261
42,0.152485242618
43,0.200741480919
44,0.723215592159
45,0.421464398344
46,0.840806138634
47,0.580235487497
48,0.238371625379
49,0.146774829665
50,0.673654712157
51,0.8596915608
52,0.718664675868
53,0.363978841612
54,0.723240117688
55,0.354352544626
56,0.662172654375
57,0.21296074404
58,0.319761274335
59,0.892219125719
60,0.479787085549
61,0.239712564858
62,0.584006270774
63,0.477192108044
64,0.539584457007
65,0.221832319274
66,0.503444929834
67,0.648262835333
68,0.720062357165
69,0.210579235026
70,0.703452936806
71,0.283553582732
72,0.360073690875
73,0.865279207752
74,0.527692524287
75,0.841228487678
76,0.919638278246
77,0.514104501293
78,0.763370139257
79,0.789134376351
80,0.142197809463
81,0.783626175769
82,0.172441779259
83,0.628658481253
84,0.917676694525
85,0.656166561867
86,0.607786714697
87,0.471203416926
88,0.520897570424
89,0.716802348306
90,0.612714809505
91,0.879716436519
92,0.731146162745
93,0.835045057168
94,0.348886357477
95,0.497565968126
96,0.345358123221
97,0.752111670902
98,0.397992848853
99,0.56955362429
100,0.474603162115
101,0.164075249833
102,0.539333287941
103,0.741642851378
104,0.852944616385
105,0.321806918749
106,0.73473574364
107,0.691266427797
108,0.903869451167
109,0.0694737086585
110,0.914715234688
111,0.298681014262
112,0.21255982308
113,0.0916550812075
114,0.848323711423
115,0.819951083453
116,0.37426329788
117,0.187534082109
118,0.40819431251
119,0.595697865684
120,0.879497958107
121,0.378607268007
122,0.162822165585
123,0.395643672953
124,0.391622528713
125,0.787269489195
126,0.841772322996
127,0.71684649405
128,0.224895098285
129,0.803873180524
130,0.787847725933
131,0.373562792958
132,0.832594046351
133,0.408924648279
134,0.858927251943
135,0.439879947951
136,0.122193406187
137,0.252549831636
138,0.205237261554
139,0.607066109564
140,0.723768500351
141,0.816626485128
142,0.279949801208
143,0.912240653348
144,0.65619138321
145,0.896026652203
146,0.847671273127
147,0.337172468888
148,0.683690818838
149,0.391155390281
150,0.22125007664
151,0.328836058117
152,0.760576205001
153,0.78239110651
154,0.31013183377
155,0.815882282286
156,0.395934880771
157,0.611509920984
158,0.314416576003
159,0.623035438833
160,0.726331348734
161,0.495612525816
162,0.172324440457
163,0.398221408097
164,0.227079894166
165,0.408753937215
166,0.480207537868
167,0.600189741844
168,0.624278413711
169,0.69029854897
170,0.269167368485
171,0.497565968126
172,0.438764479501
173,0.736533876842
174,0.436629242427
175,0.898156796764
176,0.902803261411
177,0.471524979516
178,0.477479342464
179,0.34335004194
180,0.145345727163
181,0.532798944124
182,0.672471930441
183,0.395260853676
184,0.536486258987
185,0.691105863812
186,0.366474234343
187,0.881266727268
188,0.748305007385
189,0.40306366988
190,0.635415279142
191,0.694151956439
192,0.915235572547
193,0.842902850201
194,0.277141503649
195,0.561491468934
196,0.265867415442
197,0.797899161328
198,0.637391847952
199,0.798884865678
200,0.420012657851
201,0.929478207461
202,0.62404362182
203,0.438778783046
204,0.906243084342
205,0.753107556943
206,0.35747484098
207,0.273352048742
208,0.279066741658
209,0.878073820547
210,0.21201239383
211,0.433019169914
212,0.467145166356
213,0.438369654309
214,0.290724574989
215,0.922811540794
216,0.199986849752
217,0.513513861048
218,0.145810469679
219,0.708810436062
220,0.838959462682
221,0.151897718472
222,0.248286058518
223,0.716041451597
224,0.580786333265
225,0.300874524455
226,0.470583633299
227,0.458010144826
228,0.505019059835
229,0.748112445523
230,0.431292518844
231,0.0812322717328
232,0.562583411333
233,0.767783789008
234,0.792126095241
235,0.76050259969
236,0.487175222121
237,0.282937339885
238,0.190364030497
239,0.469251854419
240,0.150647124037
241,0.797988390287
242,0.280735859755
243,0.551754226314
244,0.201829622095
245,0.281483593748
246,0.53945193111
247,0.370195286814
248,0.691470597739
249,0.467908724803
250,0.505819579569
251,0.73344085912
252,0.718139940542
253,0.18414161003
254,0.273227294495
255,0.476349944539
256,0.618802281817
257,0.31365871018
258,0.572601172724
259,0.83993292832
260,0.883750302984
261,0.791174286619
262,0.832686915785
263,0.375465056555
264,0.412060450596
265,0.103413644282
266,0.238469238739
267,0.549561623509
268,0.134704851154
269,0.827972527071
270,0.185480895744
271,0.545807720247
272,0.788465980877
273,0.178680436136
274,0.515804955719
275,0.800202165611
276,0.285722410487
277,0.523586027277
278,0.356363085601
279,0.867720699279
280,0.412793891463
281,0.506119718813
282,0.557424707137
283,0.873396308147
284,0.789437669666
285,0.71530020185
286,0.352931740961
287,0.616133025169
288,0.516404192468
289,0.468473585134
290,0.628147494812
291,0.324903783457
292,0.747336722381
293,0.82588110209
294,0.659773768735
295,0.751030030451
296,0.725561294678
297,0.427556998922
298,0.516237991794
299,0.085560466686
300,0.691612175187
301,0.783894115586
302,0.279908523041
303,0.842686459311
304,0.69576792728
305,0.931710350318
306,0.168612226745
307,0.592704024741
308,0.507339510179
309,0.194272551726
310,0.929690148298
311,0.450720636088
312,0.885450180201
313,0.802514045424
314,0.383298183298
315,0.691775114498
316,0.920437637285
317,0.327896126666
318,0.581979456735
319,0.698564846682
320,0.862857880957
321,0.905436061612
322,0.201829622095
323,0.115420306995
324,0.591731005552
325,0.399159394212
326,0.703024918373
327,0.731776647039
328,0.809174966486
329,0.410192367412
330,0.775499164639
331,0.250413227499
332,0.69280388817
333,0.785301795564
334,0.715035589848
335,0.157104290237
336,0.810775556045
337,0.698884019693
338,0.326367286741
339,0.713866747911
340,0.685365187629
341,0.659325955387
342,0.567260743726
343,0.840554410815
344,0.097425453551
345,0.731663634819
346,0.359726282
347,0.843019777213
348,0.778649115901
349,0.170901282718
350,0.863545640393
351,0.299889696449
352,0.662614168051
353,0.273482204405
354,0.74564448704
355,0.512616802737
356,0.532126793141
357,0.104309195884
358,0.184882068015
359,0.727770764691
360,0.916895535503
361,0.4159397664
362,0.477223162799
363,0.641036647456
364,0.668025413166
365,0.703923951114
366,0.839220284528
367,0.472946304677
368,0.802751682467
369,0.311736211501
370,0.737923599306
371,0.795740746338
372,0.232977829188
373,0.56368450583
374,0.832404804702
375,0.461954698323
376,0.203689385139
377,0.765310676238
378,0.609875677158
379,0.242937339885
380,0.733561170813
381,0.115913644282
382,0.205517487592
383,0.50820489586
384,0.223403815589
385,0.347714290614
386,0.696116050753
387,0.186768792402
388,0.771560649442
389,0.725686716358
390,0.931710350318
391,0.609694445996
392,0.887849595657
393,0.665708933846
394,0.222549911867
395,0.384231695237
396,0.398578029839
397,0.149139187529
398,0.566171791057
399,0.593873782437
400,0.54813048485
401,0.914663392646
402,0.878950490044
403,0.59607964636
404,0.90360262045
405,0.527015658156
406,0.809972707478
407,0.348681893992
408,0.397539323851
409,0.890983410331
410,0.194465348282
411,0.837517384869
412,0.861728612984
413,0.708532148275
414,0.123078274028
415,0.81977037683
416,0.477536928016
417,0.470571558598
418,0.75377082552
419,0.462962707743
420,0.805205005097
421,0.471340784712
422,0.378910135358
423,0.730631248911
424,0.597519913531
425,0.607537869245
426,0.837443723788
427,0.895023448477
428,0.827731269534
429,0.839887309752
430,0.929478207461
431,0.833213590579
432,0.568366692539
433,0.368166621877
434,0.508428513769
435,0.524871247512
436,0.770715031297
437,0.585947932661
438,0.163140793036
439,0.914521631994
440,0.790743238126
441,0.458492110365
442,0.820564313998
443,0.849092406665
444,0.179864646253
445,0.180305546755
446,0.914875333483
447,0.197823766982
448,0.407994994987
449,0.63640741958
450,0.352553194231
451,0.30632961729
452,0.227419543869
453,0.254684578923
454,0.149037742406
455,0.805205005097
456,0.449729621425
457,0.870864839412
458,0.822153070331
459,0.234237552128
460,0.797090429166
461,0.541505058028
462,0.797374815028
463,0.64645069483
464,0.621499971711
465,0.692255300372
466,0.272382659457
467,0.164387932521
468,0.211749582117
469,0.844162794586
470,0.774600866011
471,0.372780562687
472,0.570710036474
473,0.473304131885
474,0.694241859024
475,0.845597964159
476,0.833922292395
477,0.871515472577
478,0.61341760785
479,0.76843439756
480,0.427423620445
481,0.770059885756
482,0.398425752966
483,0.119099960674
484,0.786897134247
485,0.605652494063
486,0.119693406187
487,0.177451537847
488,0.116637850631
489,0.857592905516
490,0.375687435098
491,0.368595207143
492,0.624351361036
493,0.912501429974
494,0.795566213698
495,0.377276441077
496,0.870457387931
497,0.391550836841
498,0.757228444834
499,0.173813345071
500,0.361346288215
501,0.588790387431
502,0.34033408505
503,0.200368539318
504,0.336695887618
505,0.894171282604
506,0.643996603873
507,0.803264186912
508,0.29563992635
509,0.633417011244
510,0.785626261116
511,0.422126816164
512,0.779522958495
513,0.614221901425
514,0.443638723045
515,0.273819217221
516,0.868487570289
517,0.792141850569
518,0.363523300799
519,0.35964862251
520,0.0681344229442
521,0.51604413099
522,0.10825230343
523,0.291619458514
524,0.561327496098
525,0.678211034542
526,0.147315148265
527,0.589078336959
528,0.407102355247
529,0.24691023198
530,0.54891339293
531,0.844468596766
532,0.593668182776
533,0.915385933369
534,0.398286237511
535,0.313494655757
536,0.821089116096
537,0.922811540794
538,0.362458549678
539,0.835402128701
540,0.199993179126
541,0.682494842653
542,0.323465015105
543,0.377104136574
544,0.711838446544
545,0.644648172206
546,0.194705300338
547,0.496174831186
548,0.498495067805
549,0.507846381028
550,0.671793607466
551,0.311378818095
552,0.122260239938
553,0.365077914152
554,0.140263020396
555,0.734877433555
556,0.490158103618
557,0.136440965258
558,0.764536445798
559,0.197256810647
560,0.437424098319
561,0.294712169298
562,0.342851888084
563,0.728099875914
564,0.204122346133
565,0.788883742386
566,0.784517268627
567,0.518957253767
568,0.514464822838
569,0.833553866477
570,0.824374241625
571,0.878148379256
572,0.358281660345
573,0.175162955428
574,0.376542514844
575,0.0687818749074
576,0.444532263576
577,0.809449747064
578,0.306163561931
579,0.0819737086585
580,0.210496606255
581,0.440189266506
582,0.74555692263
583,0.709173695084
584,0.420972715256
585,0.61871554231
586,0.738057538103
587,0.890789807638
588,0.580262045428
589,0.2595953918
590,0.736665821053
591,0.817599567761
592,0.65780751752
593,0.502781890793
594,0.239777973666
595,0.31222968263
596,0.093148481598
597,0.368868439553
598,0.774791482104
599,0.794436415614
600,0.574528775736
601,0.244414190304
602,0.891926171274
603,0.786651599529
604,0.769398226512
605,0.902314741663
606,0.474038960559
607,0.347837695718
608,0.83132172362
609,0.328871633615
610,0.688517351457
611,0.886355283828
612,0.365982441373
613,0.789341493035
614,0.869355904107
615,0.699088752892
616,0.468328182628
617,0.772667346199
618,0.702349577677
619,0.471111861365
620,0.256975416918
621,0.637716920825
622,0.5422907681
623,0.785428935698
624,0.469183380297
625,0.831051209248
626,0.561383610542
627,0.57284125632
628,0.81562212405
629,0.711069189111
630,0.320122918393
631,0.856660511479
632,0.295352541752
633,0.512939342828
634,0.694915166426
635,0.553899499435
636,0.53094520327
637,0.830667504284
638,0.328535450671
639,0.166224824115
640,0.847516551193
641,0.638131344567
642,0.427880465221
643,0.35538491528
644,0.275433771357
645,0.512334737712
646,0.843920788564
647,0.883178555544
648,0.310824623089
649,0.719732119472
650,0.633338163935
651,0.489932266246
652,0.718045235854
653,0.656871561424
654,0.414885101254
655,0.674504176083
656,0.842546551154
657,0.535022676161
658,0.654824114514
659,0.905395643332
660,0.228330823594
661,0.88782502019
662,0.584070600791
663,0.397996421812
664,0.55955941144
665,0.250636328269
666,0.210790257048
667,0.469762179618
668,0.412289586819
669,0.640458368058
670,0.54570216132
671,0.541457620949
672,0.863344438096
673,0.835729097873
674,0.860678151101
675,0.850989149551
676,0.338036844247
677,0.40782221628
678,0.718240093837
679,0.353285603519
680,0.17965633434
681,0.931710350318
682,0.878967880191
683,0.198863574884
684,0.460112761832
685,0.179448762214
686,0.636537715982
687,0.910637189871
688,0.854821817249
689,0.886595044022
690,0.79608693624
691,0.732964843366
692,0.213863679449
693,0.631843019912
694,0.826534956287
695,0.740093929519
696,0.375282317098
697,0.642504462724
698,0.711901672455
699,0.549667535299
700,0.158831838274
701,0.664984309378
702,0.087694743085
703,0.339342798253
704,0.776780595167
705,0.342497575823
706,0.452595581319
707,0.862044354342
708,0.880684457309
709,0.340564273659
710,0.756106883929
711,0.849269430447
712,0.0732957637963
713,0.89737950764
714,0.521184628562
715,0.883984594292
716,0.180540798174
717,0.788843520537
718,0.310004849788
719,0.604000762966
720,0.631127743389
721,0.560237217411
722,0.227540374936
723,0.116759592709
724,0.853677260976
725,0.0687818749074
726,0.218947635901
727,0.761275604204
728,0.786372384873
729,0.350642424665
730,0.805748359296
731,0.843089794602
732,0.550205192559
733,0.635209352601
734,0.610015708788
735,0.828475774449
736,0.11989334621
737,0.781904380915
738,0.407871744384
739,0.856812696786
740,0.454167089759
741,0.803526001958
742,0.425109153524
743,0.313988325861
744,0.898156796764
745,0.766203710724
746,0.542654662414
747,0.237060320948
748,0.31211409507
749,0.201803424436
750,0.157381166139
751,0.592123225825
752,0.699862300351
753,0.806568502085
754,0.917618076226
755,0.284349376922
756,0.442902227839
757,0.832969979597
758,0.62946077685
759,0.880631378104
760,0.305519047605
761,0.218900389291
762,0.652831193875
763,0.391473106631
764,0.267719040494
765,0.624090864297
766,0.745032491615
767,0.319999209574
768,0.593401484347
769,0.370151542269
770,0.33555868386
771,0.60519078561
772,0.40606090223
773,0.555675743181
774,0.848184651141
775,0.572734443725
776,0.862832583895
777,0.208836837102
778,0.316125690758
779,0.648906493981
780,0.478489328904
781,0.90365751033
782,0.747735571544
783,0.471224212526
784,0.873904451887
785,0.231429403377
786,0.322910451491
787,0.605319229096
788,0.20184090029
789,0.54091483906
790,0.784785846412
791,0.318394749117
792,0.164502094574
793,0.384099483394
794,0.902449559922
795,0.617844368055
796,0.920649578122
797,0.40441538803
798,0.821526915585
799,0.261674017363
800,0.726459629858
801,0.477847518719
802,0.0818010896109
803,0.262264109706
804,0.800742132772
805,0.825045493067
806,0.709913114037
807,0.415658693159
808,0.295350688988
809,0.390309985635
810,0.602304481621
811,0.371284716258
812,0.62926230084
813,0.736248557026
814,0.748847180507
815,0.226489305806
816,0.291668281243
817,0.42530976857
818,0.817677032474
819,0.346361457777
820,0.897941797243
821,0.624382726328
822,0.919638278246
823,0.472553593749
824,0.858485760004
825,0.45916064345
826,0.526629174919
827,0.364643951909
828,0.519112992271
829,0.756165740342
830,0.25176219315
831,0.78746805638
832,0.74601762685
833,0.866970804961
834,0.272196064828
835,0.106787827288
836,0.832872414995
837,0.387274209673
838,0.211207119597
839,0.76827612691
840,0.461758779829
841,0.852390840778
842,0.846004525979
843,0.668682747512
844,0.586904736914
845,0.643726435346
846,0.237852801814
847,0.690636306891
848,0.633265146683
849,0.100980478033
850,0.238584456027
851,0.217305408563
852,0.754318678626
853,0.209398164663
854,0.543404477051
855,0.221017187403
856,0.505985996577
857,0.323963933833
858,0.790624565752
859,0.188353413749
860,0.279830154595
861,0.46230052268
862,0.68428963393
863,0.545639618129
864,0.425288315596
865,0.333009895073
866,0.822174370499
867,0.833508896608
868,0.297633193523
869,0.371968899629
870,0.168720451853
871,0.861466922985
872,0.324307626547
873,0.73758236326
874,0.287394357861
875,0.605074360531
876,0.346705059661
877,0.252938379881
878,0.402053404685
879,0.41606478743
880,0.615500079062
881,0.585101175504
882,0.863139846702
883,0.577431512529
884,0.147828496586
885,0.529598032364
886,0.789318904298
887,0.748363359365
888,0.3323998224
889,0.652725742288
890,0.816842289603
891,0.323712003955
892,0.775316608714
893,0.579846693867
894,0.464245659906
895,0.527580387241
896,0.41142575442
897,0.405475079914
898,0.795413603183
899,0.23870541078
900,0.770229868557
901,0.400821643342
902,0.349775858046
903,0.638600821356
904,0.27324954717
905,0.813508378778
906,0.850305752107
907,0.770079032881
908,0.904629722612
909,0.700681694069
910,0.437860750361
911,0.929336446809
912,0.534441853962
913,0.564196202751
914,0.328225325269
915,0.356865903854
916,0.569330275644
917,0.305778039416
918,0.741513077458
919,0.569964666862
920,0.681878398297
921,0.41765710989
922,0.669913345365
923,0.101248144749
924,0.490460902138
925,0.244446720396
926,0.224172744126
927,0.335418619247
928,0.885170194229
929,0.458924796048
930,0.24812261757
931,0.417587579097
932,0.844055042508
933,0.8758376344
934,0.898705738563
935,0.438697661205
936,0.792747531389
937,0.59878269365
938,0.327730662125
939,0.702516721588
940,0.673003072898
941,0.711193007195
942,0.601947263581
943,0.766368048203
944,0.372089778425
945,0.806181861208
946,0.164898396716
947,0.794832810242
948,0.590815490182
949,0.871426798053
950,0.370546008186
951,0.764255176507
952,0.645036367008
953,0.243208975026
954,0.396453310822
955,0.743370202151
956,0.718244609505
957,0.420740146746
958,0.603479637038
959,0.931710350318
960,0.72704774788
961,0.534664600454
962,0.931710350318
963,0.850495398257
964,0.785012943064
965,0.238748307698
966,0.875581028342
967,0.359685324592
968,0.284713113984
969,0.931710350318
970,0.669331946205
971,0.756844146936
972,0.343323503844
973,0.201871967005
974,0.235402416403
975,0.662294073504
976,0.802209000461
977,0.359507010073
978,0.594881215539
979,0.394871205962
980,0.119876115634
981,0.908263556696
982,0.591401647043
983,0.766346236128
984,0.919638278246
985,0.284723965677
986,0.897247495184
987,0.582860577975
988,0.455598350337
989,0.662394615431
990,0.422138588233
991,0.118504457322
992,0.0681344229442
993,0.469472570639
994,0.850450878373
995,0.477364063752
996,0.231701098643
997,0.117483799058
998,0.724279885652
999,0.41360960663
1000,0.322928612468
1001,0.469870766777
1002,0.181050865176
1003,0.677740993413
1004,0.810095562348
1005,0.716014061841
1006,0.397169347385
1007,0.364074952653
1008,0.243636153352
1009,0.681864382259
1010,0.255911607361
1011,0.894907334255
1012,0.677302881687
1013,0.466041852131
1014,0.792141850569
1015,0.381730717969
1016,0.851226595413
1017,0.631898882263
1018,0.601082173933
1019,0.277264841013
1020,0.852616744914
1021,0.562887084001
1022,0.812566483082
1023,0.116599960674
1024,0.211749582117
1025,0.338948834193
1026,0.115913644282
1027,0.224307933257
1028,0.761649164275
1029,0.577937637724
1030,0.668418468505
1031,0.700123954721
1032,0.622819453238
1033,0.337313174991
1034,0.409728367012
1035,0.338482531778
1036,0.642803331651
1037,0.379046344558
1038,0.882474519099
1039,0.116432858985
1040,0.808779782341
1041,0.52737007837
1042,0.847368055869
1043,0.675637163876
1044,0.817536572172
1045,0.91503223188
1046,0.317905551595
1047,0.40479468368
1048,0.358524259715
1049,0.879871933325
1050,0.370615807171
1051,0.450445048829
1052,0.374854267908
1053,0.316167965838
1054,0.161400329166
1055,0.811700497299
1056,0.23175805012
1057,0.62373112534
1058,0.501276614926
1059,0.808813185439
1060,0.473455068689
1061,0.382140181456
1062,0.733474151976
1063,0.390889332521
1064,0.757999340983
1065,0.56663712835
1066,0.729571852341
1067,0.786361131937
1068,0.141137850631
1069,0.84063773282
1070,0.491829414551
1071,0.498591179568
1072,0.160511440277
1073,0.407226125895
1074,0.57397845823
1075,0.314287982342
1076,0.856787399724
1077,0.868548881377
1078,0.562954475948
1079,0.54753629655
1080,0.263208975026
1081,0.666458085319
1082,0.467347247691
1083,0.183089138722
1084,0.200081442156
1085,0.674043886641
1086,0.272406376481
1087,0.526393307909
1088,0.765406748391
1089,0.779209499961
1090,0.11739334621
1091,0.901950321184
1092,0.548422946485
1093,0.42294410285
1094,0.883649244757
1095,0.874679173677
1096,0.895782893256
1097,0.109641192319
1098,0.32568997212
1099,0.535751327944
1100,0.176191093956
1101,0.453620723937
1102,0.811440937906
1103,0.543867438422
1104,0.352725619442
1105,0.879144526952
1106,0.634368698109
1107,0.803689507814
1108,0.450856722403
1109,0.839938062754
1110,0.680600817514
1111,0.552572877038
1112,0.630242517724
1113,0.657161617207
1114,0.268861798932
1115,0.52804747685
1116,0.912096052579
1117,0.863682704119
1118,0.665697568066
1119,0.145929972982
1120,0.785488042174
1121,0.559275579032
1122,0.570894420719
1123,0.880466061574
1124,0.772943340703
1125,0.292685911514
1126,0.864199312633
1127,0.847722943354
1128,0.861762101736
1129,0.753282882409
1130,0.914875333483
1131,0.784460125083
1132,0.31542015882
1133,0.778058231962
1134,0.59276041048
1135,0.423447204038
1136,0.406791193556
1137,0.69396311673
1138,0.817107346859
1139,0.202182237703
1140,0.270089050043
1141,0.266557028773
1142,0.324820913005
1143,0.411038162162
1144,0.54888388679
1145,0.185868617943
1146,0.262682487625
1147,0.44887943847
1148,0.866441808585
1149,0.480669823951
1150,0.65666220576
1151,0.825972997647
1152,0.726870575806
1153,0.560879458211
1154,0.803485447834
1155,0.862089009341
1156,0.774406299708
1157,0.805490764617
1158,0.543985784306
1159,0.236080671312
1160,0.786470693673
1161,0.349036494557
1162,0.530688441373
1163,0.23516950426
1164,0.865122112258
1165,0.533608747974
1166,0.818867843842
1167,0.435749401142
1168,0.625294120259
1169,0.116432858985
1170,0.931710350318
1171,0.560940023861
1172,0.864289023523
1173,0.820005814803
1174,0.703784929537
1175,0.642591292875
1176,0.745048855365
1177,0.601570264369
1178,0.913528532136
1179,0.524997375785
1180,0.173304238437
1181,0.914663392646
1182,0.306647710964
1183,0.404544969966
1184,0.390894648318
1185,0.471062681478
1186,0.819984034666
1187,0.179603388361
1188,0.144826512459
1189,0.791798515743
1190,0.409772331683
1191,0.699050293587
1192,0.101809195884
1193,0.157104290237
1194,0.339634440253
1195,0.931710350318
1196,0.3639346379
1197,0.904011211818
1198,0.872469442777
1199,0.303072413343
1200,0.781181172122
1201,0.239874428965
1202,0.906031413839
1203,0.49517045766
1204,0.723476944882
1205,0.806017385942
1206,0.374885561669
1207,0.343314373077
1208,0.689963252059
1209,0.830230126318
1210,0.24654470394
1211,0.659877227649
1212,0.434287759998
1213,0.0681344229442
1214,0.182037955428
1215,0.537955810391
1216,0.371568294876
1217,0.91171389251
1218,0.750149280918
1219,0.861011464344
1220,0.494759961723
1221,0.831695447787
1222,0.392521556741
1223,0.860975546169
1224,0.75479289809
1225,0.85900158833
1226,0.865595359627
1227,0.76413027358
1228,0.310368697119
1229,0.40906023
1230,0.737657691082
1231,0.864051543353
1232,0.140120618938
1233,0.183089138722
1234,0.850619322592
1235,0.570471107188
1236,0.829698614234
1237,0.749559912884
1238,0.712276362494
1239,0.478548848385
1240,0.55226478752
1241,0.749473043531
1242,0.412762427987
1243,0.859654158453
1244,0.771461777288
1245,0.194761277571
1246,0.653480437714
1247,0.375227831966
1248,0.81871740336
1249,0.235850302319
1250,0.312614075009
1251,0.444226176977
1252,0.228057170132
1253,0.809622433754
1254,0.909755242648
1255,0.0943660252342
1256,0.694937467779
1257,0.232248682882
1258,0.565187130162
1259,0.893156960649
1260,0.816713225172
1261,0.864262017406
1262,0.830774903651
1263,0.194069435644
1264,0.879847283797
1265,0.868555178799
1266,0.829943568842
1267,0.62827048584
1268,0.875116609429
1269,0.739552231116
1270,0.724129760517
1271,0.723863259603
1272,0.805362759979
1273,0.24105509813
1274,0.848908671109
1275,0.195382566957
1276,0.604055357845
1277,0.447446466439
1278,0.686456131277
1279,0.212894541475
1280,0.659210937877
1281,0.790222197737
1282,0.741201778932
1283,0.388341437421
1284,0.598390278103
1285,0.317602306108
1286,0.244915682371
1287,0.448145012812
1288,0.168720451853
1289,0.370026978252
1290,0.267267522031
1291,0.796853749855
1292,0.665433516263
1293,0.382841381019
1294,0.726075818742
1295,0.119876115634
1296,0.530451106601
1297,0.394538514625
1298,0.732425776245
1299,0.523553838288
1300,0.375497629821
1301,0.690516800015
1302,0.832366479564
1303,0.558943197027
1304,0.31624628996
1305,0.555959628756
1306,0.177391077439
1307,0.431763773545
1308,0.901648945143
1309,0.21226717072
1310,0.342701302685
1311,0.457311487701
1312,0.833620670379
1313,0.903993558355
1314,0.402056913675
1315,0.494754920657
1316,0.171532824831
1317,0.888149815476
1318,0.570333200406
1319,0.472792798156
1320,0.170158771562
1321,0.649285202253
1322,0.652739056296
1323,0.428200352092
1324,0.373724630797
1325,0.481860710407
1326,0.917706241147
1327,0.681063563965
1328,0.506911492861
1329,0.721528018536
1330,0.903216938179
1331,0.855495503691
1332,0.174544029915
1333,0.808705041873
1334,0.150814340888
1335,0.926918865411
1336,0.145952517032
1337,0.818434150983
1338,0.352614676158
1339,0.923810064312
1340,0.47676405858
1341,0.514063389919
1342,0.347143728043
1343,0.512309508499
1344,0.867066901715
1345,0.731491008936
1346,0.827894694399
1347,0.353029509576
1348,0.317257236302
1349,0.626423830082
1350,0.592026719068
1351,0.792454259319
1352,0.908355801799
1353,0.323143242146
1354,0.841189192001
1355,0.871586285912
1356,0.888149815476
1357,0.122393080775
1358,0.766436833811
1359,0.385840600805
1360,0.18475022266
1361,0.577349615735
1362,0.459219922332
1363,0.691689409516
1364,0.443354818613
1365,0.278139457601
1366,0.203133281132
1367,0.321705530616
1368,0.589571171888
1369,0.722115065651
1370,0.318190619426
1371,0.711117144321
1372,0.842898035734
1373,0.180890894616
1374,0.419530347548
1375,0.590204858355
1376,0.4561249213
1377,0.19930494459
1378,0.728452060158
1379,0.58437169562
1380,0.803268211644
1381,0.668538713881
1382,0.448553906613
1383,0.325112366127
1384,0.72659620169
1385,0.171930045859
1386,0.122547991224
1387,0.190238622331
1388,0.867946032775
1389,0.565002975738
1390,0.388062092978
1391,0.876214554962
1392,0.655497207362
1393,0.171923205621
1394,0.464525913769
1395,0.232767653802
1396,0.888483692283
1397,0.856726239924
1398,0.375361604286
1399,0.790912218862
1400,0.824971733792
1401,0.547874864861
1402,0.816933526099
1403,0.299655467384
1404,0.186001287309
1405,0.353651645792
1406,0.308615560892
1407,0.808324809106
1408,0.181524503017
1409,0.455018245528
1410,0.899546424276
1411,0.262608620739
1412,0.29999530661
1413,0.906931977902
1414,0.283872695932
1415,0.826239361883
1416,0.197360377145
1417,0.127175168313
1418,0.650629093017
1419,0.679543193142
1420,0.696855966814
1421,0.916557199213
1422,0.734925255177
1423,0.363197279259
1424,0.44503805899
1425,0.383575090798
1426,0.846316984874
1427,0.598938824532
1428,0.42287953713
1429,0.813103439431
1430,0.186149396452
1431,0.139872552628
1432,0.729080952602
1433,0.757020754666
1434,0.785019590399
1435,0.904197147037
1436,0.832823647673
1437,0.806904925329
1438,0.822415919951
1439,0.480178576639
1440,0.837657192548
1441,0.918346672898
1442,0.47984849583
1443,0.351706583503
1444,0.512937292343
1445,0.441734713833
1446,0.775656418819
1447,0.32566319651
1448,0.576443424503
1449,0.141010115444
1450,0.165931356039
1451,0.769932095338
1452,0.622758049547
1453,0.627612844162
1454,0.333739909636
1455,0.883820333486
1456,0.772120182528
1457,0.0972805788982
1458,0.460690707989
1459,0.899448940243
1460,0.502533624492
1461,0.593579851343
1462,0.399156305584
1463,0.261738781908
1464,0.206003396493
1465,0.898584768136
1466,0.37717564747
1467,0.273905274806
1468,0.880166520587
1469,0.360225499715
1470,0.874483692283
1471,0.680036078092
1472,0.839583382781
1473,0.775777588279
1474,0.456263362981
1475,0.862481086676
1476,0.193956108219
1477,0.220479827956
1478,0.723090946886
1479,0.144870888728
1480,0.361063544531
1481,0.155705253116
1482,0.482912246091
1483,0.466262297954
1484,0.585768192216
1485,0.428936580661
1486,0.866701666403
1487,0.342849855896
1488,0.798589569258
1489,0.412559874653
1490,0.696674963092
1491,0.446474863167
1492,0.373630890426
1493,0.904224979776
1494,0.121786194542
1495,0.783439524359
1496,0.534803087106
1497,0.880376721874
1498,0.766216532106
1499,0.386473386457
1500,0.71088216384
1501,0.38363968357
1502,0.467681715541
1503,0.918346672898
1504,0.751671636822
1505,0.702516124925
1506,0.621968800109
1507,0.316501414426
1508,0.310974315251
1509,0.790388450903
1510,0.78847066278
1511,0.268827857588
1512,0.122547991224
1513,0.171111852021
1514,0.143511583782
1515,0.548809072236
1516,0.486593593217
1517,0.367455372621
1518,0.134007216382
1519,0.1836765065
1520,0.522015094439
1521,0.171960728872
1522,0.404381175653
1523,0.367414528228
1524,0.487084831159
1525,0.417067725965
1526,0.696006301332
1527,0.679697297987
1528,0.81851389831
1529,0.170292618959
1530,0.615175981575
1531,0.593270913377
1532,0.486502205095
1533,0.496176444617
1534,0.924503406474
1535,0.758160714795
1536,0.783349158853
1537,0.242381362703
1538,0.749388534363
1539,0.636069148432
1540,0.172414928553
1541,0.733295010405
1542,0.786603893953
1543,0.619702351026
1544,0.833612154405
1545,0.382772035511
1546,0.202842787844
1547,0.231199080385
1548,0.321703035367
1549,0.501809111688
1550,0.837170451792
1551,0.789334341522
1552,0.190685267002
1553,0.281775502657
1554,0.809384984825
1555,0.398275838844
1556,0.825788898188
1557,0.707919485109
1558,0.260275151663
1559,0.598577093066
1560,0.769182155739
1561,0.638465247629
1562,0.32381949254
1563,0.594438135176
1564,0.397129978717
1565,0.470541782648
1566,0.749493845705
1567,0.373667101717
1568,0.882095840177
1569,0.788423025927
1570,0.158717485473
1571,0.702496496576
1572,0.353500183496
1573,0.79545480954
1574,0.669108439545
1575,0.87709339089
1576,0.873618574525
1577,0.603574652241
1578,0.377356416448
1579,0.650056346176
1580,0.455630625835
1581,0.538598565285
1582,0.896877156239
1583,0.560164651929
1584,0.888467212202
1585,0.845714652851
1586,0.889228599581
1587,0.788889662411
1588,0.339992776033
1589,0.874609206472
1590,0.649699045414
1591,0.875441716973
1592,0.543893096835
1593,0.412359001896
1594,0.664226290052
1595,0.702240740236
1596,0.528238320946
1597,0.203778556153
1598,0.181853333356
1599,0.623160036749
1600,0.504028575622
1601,0.24756374303
1602,0.316736285543
1603,0.321960615916
1604,0.392535234009
1605,0.467982235327
1606,0.436726219394
1607,0.155214522148
1608,0.179004904788
1609,0.283541566621
1610,0.31442380907
1611,0.124279070603
1612,0.693632120313
1613,0.566942217536
1614,0.112940061315
1615,0.901200678529
1616,0.356031469119
1617,0.218519958317
1618,0.412580374888
1619,0.602538479152
1620,0.660567418288
1621,0.862980959437
1622,0.266357886866
1623,0.718161816896
1624,0.720323030063
1625,0.56433590704
1626,0.774805752883
1627,0.20772920139
1628,0.745314237275
1629,0.517354173605
1630,0.92493926549
1631,0.200580903609
1632,0.846760642278
1633,0.841531658635
1634,0.752738722639
1635,0.366830248416
1636,0.790502449838
1637,0.630653299916
1638,0.125145979579
1639,0.51727343105
1640,0.906667207169
1641,0.22243106421
1642,0.566052341351
1643,0.398832679453
1644,0.916828773249
1645,0.47262485777
1646,0.832247642456
1647,0.615150268904
1648,0.494923769077
1649,0.369750607995
1650,0.814801144793
1651,0.884168839075
1652,0.486922970625
1653,0.91171389251
1654,0.497463811327
1655,0.929727625278
1656,0.545309748421
1657,0.553055549228
1658,0.138235125727
1659,0.712880319901
1660,0.598929419577
1661,0.305065679239
1662,0.421867114382
1663,0.379551774138
1664,0.647856702535
1665,0.738379125158
1666,0.586199813259
1667,0.451375300014
1668,0.700359280587
1669,0.769284414223
1670,0.325884510204
1671,0.777058021051
1672,0.231899665676
1673,0.735700325744
1674,0.910974849418
1675,0.208954263659
1676,0.34923352651
1677,0.883237698433
1678,0.504641414544
1679,0.666376375309
1680,0.727536744559
1681,0.818538922552
1682,0.830730933058
1683,0.848005522453
1684,0.91304668237
1685,0.281832169207
1686,0.867596245451
1687,0.223183709823
1688,0.553860746284
1689,0.258003897286
1690,0.772539618198
1691,0.354619061083
1692,0.509770142901
1693,0.850070345358
1694,0.840537327572
1695,0.735533611657
1696,0.146898696419
1697,0.164512512599
1698,0.190875325726
1699,0.202113453419
1700,0.392785127596
1701,0.622568263487
1702,0.592786022139
1703,0.750644817454
1704,0.497643181601
1705,0.286276977512
1706,0.912788356817
1707,0.419029232714
1708,0.821919203627
1709,0.215697058767
1710,0.208729753126
1711,0.806810634682
1712,0.619687643204
1713,0.880904712273
1714,0.35053831828
1715,0.315239031248
1716,0.688008104116
1717,0.771667700887
1718,0.374238499883
1719,0.528095321847
1720,0.18148279335
1721,0.383488268394
1722,0.92493926549
1723,0.328617957362
1724,0.159722580925
1725,0.42272490938
1726,0.576956435023
1727,0.918818115842
1728,0.571281519439
1729,0.170413391906
1730,0.782987651451
1731,0.191346282544
1732,0.606041796513
1733,0.415433261926
1734,0.238877805874
1735,0.805211065398
1736,0.868397004874
1737,0.844995285549
1738,0.607107840188
1739,0.858973208813
1740,0.533550334781
1741,0.915763209206
1742,0.715825038094
1743,0.295110776654
1744,0.18500874753
1745,0.365004034937
1746,0.369521291088
1747,0.727453700798
1748,0.579982564433
1749,0.340977358263
1750,0.537715953053
1751,0.368678154602
1752,0.796513792096
1753,0.359734449571
1754,0.690024299294
1755,0.629338196811
1756,0.260480005948
1757,0.449953946737
1758,0.559957132538
1759,0.830759686866
1760,0.342558188776
1761,0.85508995046
1762,0.893831992275
1763,0.743935709291
1764,0.694294037674
1765,0.214857568039
1766,0.512775946114
1767,0.708097320148
1768,0.287449850939
1769,0.541701395407
1770,0.198792207077
1771,0.253718722798
1772,0.598776899175
1773,0.249205150879
1774,0.610389451845
1775,0.467746780378
1776,0.49713675837
1777,0.425636312095
1778,0.461243773107
1779,0.681234442397
1780,0.664388635832
1781,0.164612511671
1782,0.180695293863
1783,0.41380779101
1784,0.854384329398
1785,0.830456207785
1786,0.349130671447
1787,0.85755606216
1788,0.917041244421
1789,0.771380002277
1790,0.631624611228
1791,0.317947931441
1792,0.428657649276
1793,0.824520516112
1794,0.145219559852
1795,0.789544311384
1796,0.352902022266
1797,0.653627858785
1798,0.122216079414
1799,0.693325824564
1800,0.73367558956
1801,0.721749356551
1802,0.340650490832
1803,0.193496502208
1804,0.686236344537
1805,0.435908928802
1806,0.784344622817
1807,0.896886875517
1808,0.333223870714
1809,0.815799536429
1810,0.410886210789
1811,0.411098061089
1812,0.486227813538
1813,0.601884243637
1814,0.129574135015
1815,0.79494940447
1816,0.462091129492
1817,0.801417883773
1818,0.817023087336
1819,0.397349355749
1820,0.720154091178
1821,0.872401373244
1822,0.595725256628
1823,0.451882663335
1824,0.864713887966
1825,0.355406744701
1826,0.150292618959
1827,0.352096163933
1828,0.208102736584
1829,0.303309533836
1830,0.405035135634
1831,0.555887137018
1832,0.20725003952
1833,0.740569281172
1834,0.344226529671
1835,0.924299817792
1836,0.687379087569
1837,0.304034636226
1838,0.46780124739
1839,0.837406817088
1840,0.605494663456
1841,0.443586749248
1842,0.418010317367
1843,0.159336551921
1844,0.672458456137
1845,0.861663768911
1846,0.617418082782
1847,0.814800487257
1848,0.79136972332
1849,0.140761197695
1850,0.868217624067
1851,0.553002537699
1852,0.813612011984
1853,0.239060923823
1854,0.192593904462
1855,0.792694671531
1856,0.265453358791
1857,0.215298468227
1858,0.497115491783
1859,0.194890176197
1860,0.219886864769
1861,0.614016881436
1862,0.305825362063
1863,0.182836919179
1864,0.276059359378
1865,0.823512651134
1866,0.19714215969
1867,0.506466333185
1868,0.555896635012
1869,0.332130470425
1870,0.115588385213
1871,0.693631054544
1872,0.179574155891
1873,0.237335240757
1874,0.442067370161
1875,0.694797055655
1876,0.365480489422
1877,0.92360647563
1878,0.785190682106
1879,0.514600090061
1880,0.342695034028
1881,0.579049213239
1882,0.853488919696
1883,0.233384348874
1884,0.62526311232
1885,0.776267333627
1886,0.143715478965
1887,0.354405327135
1888,0.344289150463
1889,0.286484701486
1890,0.236391135352
1891,0.712048797393
1892,0.242002499014
1893,0.323460343346
1894,0.658875411228
1895,0.341569251683
1896,0.635723459604
1897,0.766881136297
1898,0.655232649135
1899,0.357117604618
1900,0.438687355233
1901,0.883190082986
1902,0.331095840555
1903,0.884714072208
1904,0.802868066174
1905,0.431973112229
1906,0.389489278999
1907,0.852017023639
1908,0.855679098973
1909,0.875706487706
1910,0.347669336148
1911,0.630534077561
1912,0.387532306075
1913,0.324625903244
1914,0.505844942825
1915,0.286464172638
1916,0.556980578215
1917,0.574625985631
1918,0.435381368209
1919,0.199978027798
1920,0.512695060045
1921,0.151287513484
1922,0.723498020418
1923,0.701105917797
1924,0.455941485228
1925,0.889789120759
1926,0.186385965084
1927,0.180578635159
1928,0.285805465758
1929,0.323530591306
1930,0.734486891991
1931,0.156102772786
1932,0.465147879411
1933,0.186278176416
1934,0.238944123775
1935,0.122216079414
1936,0.917502652465
1937,0.160761197695
1938,0.492666564522
1939,0.565085871899
1940,0.208199887129
1941,0.229057621958
1942,0.891086259821
1943,0.363648539265
1944,0.865465755493
1945,0.702761792073
1946,0.242757991231
1947,0.178452861208
1948,0.318027064226
1949,0.239234024046
1950,0.892081512289
1951,0.299614481143
1952,0.31498631416
1953,0.558179572302
1954,0.391582357631
1955,0.268800844569
1956,0.912788356817
1957,0.674154947835
1958,0.831111295597
1959,0.725055673717
1960,0.122216079414
1961,0.222478519227
1962,0.724443893652
1963,0.788101152232
1964,0.23164688012
1965,0.754576741625
1966,0.261924486729
1967,0.454183409653
1968,0.564662600826
1969,0.615837087422
1970,0.16019982886
1971,0.858664980172
1972,0.665107249184
1973,0.753339263207
1974,0.92493926549
1975,0.260714528453
1976,0.842902934684
1977,0.831773771137
1978,0.838314612622
1979,0.758478787735
1980,0.324091001653
1981,0.913135939043
1982,0.509634821007
1983,0.879618654415
1984,0.706908272263
1985,0.395428418062
1986,0.884143511766
1987,0.873516011516
1988,0.786654810887
1989,0.871662057635
1990,0.842461011833
1991,0.333406304625
1992,0.274594121385
1993,0.638105845207
1994,0.771129206948
1995,0.620270023718
1996,0.277503578512
1997,0.773979216414
1998,0.611204612511
1999,0.540587174461
2000,0.854900854167
2001,0.170969190503
2002,0.846593389588
2003,0.817803985507
2004,0.303846633265
2005,0.332836423613
2006,0.288041037491
2007,0.465618775556
2008,0.695703117834
2009,0.379247363617
2010,0.195277761267
2011,0.73067443151
2012,0.711491373524
2013,0.845958432754
2014,0.815200240865
2015,0.739546648578
2016,0.717446211559
2017,0.877098680593
2018,0.503858638639
2019,0.172858222187
2020,0.753894744623
2021,0.59464426411
2022,0.687249612146
2023,0.378852271038
2024,0.317260712164
2025,0.511337097373
2026,0.901648945143
2027,0.542187427765
2028,0.742680150018
2029,0.43139471398
2030,0.58679488644
2031,0.744288340469
2032,0.796245637149
2033,0.400311119725
2034,0.111436880113
2035,0.868131424104
2036,0.360341749814
2037,0.184133437838
2038,0.45843549612
2039,0.41423531757
2040,0.172906603014
2041,0.671807183042
2042,0.730537142429
2043,0.476686255935
2044,0.707435826139
2045,0.907796408347
2046,0.788934646541
2047,0.786300717534
2048,0.727317543868
2049,0.669206143043
2050,0.927312166341
2051,0.76191289985
2052,0.866313622503
2053,0.628313558019
2054,0.906986443958
2055,0.0972805788982
2056,0.623323673823
2057,0.673104919547
2058,0.78182923074
2059,0.292987737037
2060,0.161303817442
2061,0.398503276189
2062,0.191350752604
2063,0.108391690009
2064,0.549423846265
2065,0.156072895439
2066,0.12594414959
2067,0.484093479352
2068,0.163718722798
2069,0.392230414935
2070,0.861643510368
2071,0.37806062847
2072,0.196157522216
2073,0.330212707119
2074,0.537389235264
2075,0.829289884527
2076,0.626955894347
2077,0.743872892446
2078,0.326133011188
2079,0.553978616907
2080,0.14864077297
2081,0.691166186595
2082,0.549993462934
2083,0.851976391005
2084,0.312121117445
2085,0.354053971233
2086,0.260784340187
2087,0.82693002462
2088,0.634995915961
2089,0.514603490769
2090,0.572509196842
2091,0.474567527919
2092,0.710510907489
2093,0.645648251368
2094,0.828103978312
2095,0.785943474624
2096,0.271531715618
2097,0.525796857874
2098,0.15946872443
2099,0.847147542861
2100,0.286453571197
2101,0.799878119821
2102,0.6951915
2103,0.494796153321
2104,0.908966043879
2105,0.43946750491
2106,0.484277083246
2107,0.609153540811
2108,0.753046885557
2109,0.447769305709
2110,0.508191391236
2111,0.360720865136
2112,0.569335383512
2113,0.0972805788982
2114,0.406423941157
2115,0.452740089198
2116,0.932346672898
2117,0.222756251989
2118,0.644248949273
2119,0.3709165699
2120,0.26363612643
2121,0.650856216939
2122,0.582705001895
2123,0.772869638373
2124,0.3462469889
2125,0.464493505094
2126,0.433596665786
2127,0.279995940347
2128,0.92554950757
2129,0.124006908125
2130,0.810643029493
2131,0.852774260273
2132,0.444759655965
2133,0.651350877172
2134,0.177952730936
2135,0.369731669008
2136,0.750337363403
2137,0.20268117701
2138,0.803771307672
2139,0.304054776485
2140,0.8720800987
2141,0.472832897238
2142,0.696949326825
2143,0.545643822699
2144,0.523982775598
2145,0.609465343322
2146,0.480880597687
2147,0.450028709991
2148,0.819779069019
2149,0.807980137982
2150,0.701086456267
2151,0.483796674325
2152,0.239857426869
2153,0.183162068382
2154,0.373223055891
2155,0.655424471893
2156,0.246542028075
2157,0.212658906435
2158,0.385510099926
2159,0.133504191887
2160,0.643161008938
2161,0.91304668237
2162,0.36876438738
2163,0.645745947117
2164,0.601603934008
2165,0.194779866643
2166,0.434182788246
2167,0.685492052213
2168,0.577524090202
2169,0.264846656196
2170,0.643617569516
2171,0.890956581507
2172,0.429570732322
2173,0.581450545789
2174,0.515943875724
2175,0.380214100842
2176,0.664746645321
2177,0.922523806553
2178,0.696680254229
2179,0.681036219399
2180,0.272200222962
2181,0.720161920477
2182,0.688731592406
2183,0.297956085682
2184,0.710853618966
2185,0.744233410778
2186,0.7929515577
2187,0.862244375851
2188,0.462271232801
2189,0.896960096322
2190,0.567580485536
2191,0.261990036702
2192,0.152660798094
2193,0.28519492392
2194,0.469690104748
2195,0.128613138238
2196,0.248102666762
2197,0.473521801739
2198,0.671303817625
2199,0.598486319823
2200,0.40765556162
2201,0.689479085241
2202,0.237801514576
2203,0.701150010327
2204,0.126099060039
2205,0.854366391086
2206,0.64967310047
2207,0.388876226697
2208,0.104255825873
2209,0.836149583064
2210,0.603910204095
2211,0.775113483544
2212,0.27109763918
2213,0.326496453197
2214,0.577985106847
2215,0.131259878752
2216,0.92493926549
2217,0.668796715517
2218,0.36551686032
2219,0.456570451058
2220,0.421529522911
2221,0.677835440049
2222,0.735854662626
2223,0.800657745193
2224,0.263104290586
2225,0.41744684553
2226,0.395452208169
2227,0.269161007887
2228,0.694867508004
2229,0.769799243026
2230,0.400920536199
2231,0.249801222506
2232,0.769370713961
2233,0.684465597903
2234,0.920515001014
2235,0.309534298307
2236,0.447317750834
2237,0.654833958439
2238,0.372720884801
2239,0.260315914041
2240,0.640594668986
2241,0.668456761749
2242,0.932346672898
2243,0.432050430397
2244,0.905389089418
2245,0.650496267732
2246,0.550995210123
2247,0.604259347738
2248,0.689033626445
2249,0.250225406688
2250,0.189424768386
2251,0.565175690409
2252,0.825138866981
2253,0.912918865411
2254,0.617840828053
2255,0.131796215817
2256,0.37935802464
2257,0.776393043073
2258,0.647064575162
2259,0.814503078889
2260,0.815488281074
2261,0.653185461807
2262,0.173579517548
2263,0.356869542985
2264,0.741086271145
2265,0.344153987074
2266,0.504394012568
2267,0.524265827105
2268,0.141935543816
2269,0.522416410103
2270,0.537666476036
2271,0.37976156069
2272,0.447637422488
2273,0.801120215852
2274,0.926225523249
2275,0.14709636253
2276,0.608925664235
2277,0.895096855363
2278,0.485786420476
2279,0.178628844753
2280,0.847749359222
2281,0.573106395197
2282,0.405598799345
2283,0.822059666063
2284,0.191405976448
2285,0.243642824839
2286,0.217155074972
2287,0.655701818628
2288,0.888107967315
2289,0.607239236675
2290,0.896429121864
2291,0.56127994455
2292,0.851773181145
2293,0.175249598183
2294,0.37819388625
2295,0.89425810862
2296,0.635942342415
2297,0.813237939259
2298,0.745870217372
2299,0.766900259498
2300,0.443290885269
2301,0.363205112344
2302,0.888912611016
2303,0.721134859894
2304,0.906931977902
2305,0.867709202022
2306,0.670347629806
2307,0.746638758143
2308,0.882985510252
2309,0.280640574563
2310,0.530185586238
2311,0.8715169273
2312,0.469324839911
2313,0.808452639401
2314,0.230262220105
2315,0.200177912559
2316,0.401105619139
2317,0.617565961035
2318,0.821661513467
2319,0.917734586583
2320,0.626635023622
2321,0.775190903797
2322,0.837102796771
2323,0.883667971111
2324,0.595634224885
2325,0.392012151168
2326,0.249197587922
2327,0.289610756092
2328,0.701548889961
2329,0.491074356765
2330,0.788838475514
2331,0.764499388366
2332,0.1831650722
2333,0.493997252747
2334,0.229682426431
2335,0.58051106315
2336,0.836972842232
2337,0.466531228245
2338,0.53276422508
2339,0.788912171781
2340,0.695422264021
2341,0.315898496038
2342,0.880719802385
2343,0.730982859426
2344,0.705039346161
2345,0.892219066299
2346,0.683360421644
2347,0.220369734289
2348,0.121963195903
2349,0.397055773104
2350,0.627262048463
2351,0.711761630925
2352,0.348474304487
2353,0.175466471
2354,0.918346672898
2355,0.167768173921
2356,0.104461633138
2357,0.927312166341
2358,0.730591032871
2359,0.40883997274
2360,0.770131914386
2361,0.417473145043
2362,0.166251499876
2363,0.285770749162
2364,0.11421186983
2365,0.482065695734
2366,0.589005357954
2367,0.580360546671
2368,0.463374259416
2369,0.323016140953
2370,0.17946872443
2371,0.762490601193
2372,0.809061851536
2373,0.667952303763
2374,0.539025440215
2375,0.714205460097
2376,0.373628094426
2377,0.756380701483
2378,0.713147826897
2379,0.91524668727
2380,0.913390308355
2381,0.932346672898
2382,0.120961718021
2383,0.64249997243
2384,0.249867199636
2385,0.289153903339
2386,0.932346672898
2387,0.175924641062
2388,0.551761429091
2389,0.92493926549
2390,0.332078778405
2391,0.64582570674
2392,0.16286264697
2393,0.711113419537
2394,0.848600519094
2395,0.472049987827
2396,0.321524119407
2397,0.698522829011
2398,0.391797348277
2399,0.315507381637
2400,0.80370163603
2401,0.918178668144
2402,0.859483404796
2403,0.216856679366
2404,0.339629920965
2405,0.782489247994
2406,0.587292816046
2407,0.215486394225
2408,0.874190846928
2409,0.337896803171
2410,0.412364982816
2411,0.306581296471
2412,0.854632448312
2413,0.734489613588
2414,0.158717485473
2415,0.479274591892
2416,0.891416469089
2417,0.658729093513
2418,0.81978803241
2419,0.384260403952
2420,0.527647971865
2421,0.490982106802
2422,0.8573346143
2423,0.282049516695
2424,0.55637612289
2425,0.806754425166
2426,0.610088117765
2427,0.138235125727
2428,0.609189512995
2429,0.868131424104
2430,0.391056558725
2431,0.506178408836
2432,0.223254817672
2433,0.495672289293
2434,0.80475731996
2435,0.748301376286
2436,0.700647788914
2437,0.561793257699
2438,0.778602583544
2439,0.177336168791
2440,0.572023961079
2441,0.13746838626
2442,0.883476707501
2443,0.286118259192
2444,0.308188136066
2445,0.912918865411
2446,0.635898806298
2447,0.654714189487
2448,0.68787296879
2449,0.663529228132
2450,0.780954196779
2451,0.444769967884
2452,0.161916594224
2453,0.264780869883
2454,0.725067139369
2455,0.219781823354
2456,0.421125615211
2457,0.644742747674
2458,0.154533223914
2459,0.90114563421
2460,0.811196541983
2461,0.733065681445
2462,0.340540468891
2463,0.814279533096
2464,0.492658644231
2465,0.407146743521
2466,0.856946255347
2467,0.225428600553
2468,0.60317372751
2469,0.244676938258
2470,0.289796285414
2471,0.868815624005
2472,0.843486197731
2473,0.743221203625
2474,0.191723883772
2475,0.368022711556
2476,0.191271083055
2477,0.426337807905
2478,0.794886562501
2479,0.526614330735
2480,0.243761847967
2481,0.408520571259
2482,0.75079737626
2483,0.4408751961
2484,0.774672801758
2485,0.24660257162
2486,0.6938025207
2487,0.535501270235
2488,0.656395457167
2489,0.823054867359
2490,0.155875804529
2491,0.779358670172
2492,0.517799037763
2493,0.254590248342
2494,0.737675686751
2495,0.179001247778
2496,0.906810483409
2497,0.818884796251
2498,0.698418681183
2499,0.577513912988
2500,0.522136836612
2501,0.360149382412
2502,0.282341250768
2503,0.709931565042
2504,0.727700599747
2505,0.148191169683
2506,0.587494277586
2507,0.400983992867
2508,0.429945302854
2509,0.396791890226
2510,0.630528927064
2511,0.797529473828
2512,0.532849806952
2513,0.465796377925
2514,0.30464888463
2515,0.831880219644
2516,0.907730616606
2517,0.680974479209
2518,0.906810483409
2519,0.630121116747
2520,0.833100653826
2521,0.284199573535
2522,0.166932938321
2523,0.734884606209
2524,0.421915472309
2525,0.524768187528
2526,0.323450677768
2527,0.871331939108
2528,0.835371442735
2529,0.819773859821
2530,0.312680069254
2531,0.561488661687
2532,0.252824188883
2533,0.32614418381
2534,0.915842516538
2535,0.769562838953
2536,0.644999344038
2537,0.15946872443
2538,0.161264485858
2539,0.825616771698
2540,0.33040696019
2541,0.159751884081
2542,0.697959525917
2543,0.870168570705
2544,0.507482697127
2545,0.911766323865
2546,0.633923651019
2547,0.126528944911
2548,0.309670997046
2549,0.56910743796
2550,0.884004081665
2551,0.859870014245
2552,0.653139390631
2553,0.676499098027
2554,0.510923522714
2555,0.753913505849
2556,0.779673063002
2557,0.420677773282
2558,0.107236622854
2559,0.498846661912
2560,0.835555418306
2561,0.901035811001
2562,0.672838990641
2563,0.333037351455
2564,0.862758515136
2565,0.198598967406
2566,0.254700078126
2567,0.312027732675
2568,0.407924323179
2569,0.909060907343
2570,0.524288205522
2571,0.856028267684
2572,0.822451566373
2573,0.683846452645
2574,0.216337538665
2575,0.836062595315
2576,0.616472602265
2577,0.835553608814
2578,0.438572264763
2579,0.156447514903
2580,0.415774600408
2581,0.337545885855
2582,0.604518746837
2583,0.445588108483
2584,0.374509618827
2585,0.531418526702
2586,0.635977958823
2587,0.352344008625
2588,0.386723845934
2589,0.690463234986
2590,0.831555045596
2591,0.062554153363
2592,0.404096363852
2593,0.905699372298
2594,0.400875989814
2595,0.435357777877
2596,0.246283942365
2597,0.0543383413972
2598,0.355759097284
2599,0.492133567051
2600,0.364112648884
2601,0.55744366398
2602,0.66434139088
2603,0.750417214012
2604,0.694255563433
2605,0.25081556102
2606,0.175616830283
2607,0.623368910604
2608,0.286855296025
2609,0.0904171726966
2610,0.244599011239
2611,0.621026844406
2612,0.921848263664
2613,0.286247243947
2614,0.850838865224
2615,0.621047159953
2616,0.480489873991
2617,0.465210373802
2618,0.340703530302
2619,0.902802833998
2620,0.535248955662
2621,0.890462078263
2622,0.462086358508
2623,0.699949537609
2624,0.82163169875
2625,0.524944361524
2626,0.144752837032
2627,0.753262673142
2628,0.485035960771
2629,0.145100981712
2630,0.256305865451
2631,0.263939006902
2632,0.142989467357
2633,0.108127171032
2634,0.383281599685
2635,0.852395564749
2636,0.476542335702
2637,0.592171776629
2638,0.792024822215
2639,0.579525246208
2640,0.332798345217
2641,0.193421437223
2642,0.335894426222
2643,0.0870266922093
2644,0.558454610731
2645,0.477539088105
2646,0.631454570334
2647,0.150348103264
2648,0.426729074638
2649,0.153120635084
2650,0.208457932538
2651,0.908720009415
2652,0.697089359137
2653,0.108070038622
2654,0.908720009415
2655,0.541875325336
2656,0.886961824405
2657,0.186330463015
2658,0.539987256492
2659,0.907730616606
2660,0.523988689097
2661,0.391948365793
2662,0.31732435229
2663,0.821725089492
2664,0.80231104361
2665,0.786191023536
2666,0.552974333015
2667,0.567335885509
2668,0.837891629217
2669,0.891637280795
2670,0.592518408089
2671,0.104898634218
2672,0.589784271284
2673,0.697792406239
2674,0.729322378313
2675,0.812492361817
2676,0.423257093453
2677,0.704809517358
2678,0.308841302838
2679,0.753143617031
2680,0.23186838664
2681,0.118687739495
2682,0.140781569046
2683,0.222053033181
2684,0.762744048682
2685,0.803370797064
2686,0.155990149556
2687,0.393391525777
2688,0.344953859301
2689,0.686472862263
2690,0.576242302068
2691,0.768703377968
2692,0.322235757485
2693,0.770665190712
2694,0.201860406059
2695,0.648219110638
2696,0.522818648691
2697,0.477522508892
2698,0.0952782838077
2699,0.613395909646
2700,0.289974792364
2701,0.863096464565
2702,0.899749180727
2703,0.84345610049
2704,0.143065881778
2705,0.751152886637
2706,0.705247331522
2707,0.683165764694
2708,0.572267575991
2709,0.130407566467
2710,0.602311631021
2711,0.205197910749
2712,0.906810483409
2713,0.426851838959
2714,0.316372456539
2715,0.393884075854
2716,0.775903793852
2717,0.794187481863
2718,0.345461504008
2719,0.494754255978
2720,0.529111445902
2721,0.666041471804
2722,0.231910395515
2723,0.433671902444
2724,0.345522080482
2725,0.281064949289
2726,0.295416381382
2727,0.792261997833
2728,0.374909072551
2729,0.723993188402
2730,0.849115931961
2731,0.745053564977
2732,0.888937513157
2733,0.818560468323
2734,0.246838572553
2735,0.557672820907
2736,0.226347383773
2737,0.321184426998
2738,0.379494194355
2739,0.232582160182
2740,0.735981155745
2741,0.286375677209
2742,0.870071465412
2743,0.754844738286
2744,0.797342663375
2745,0.246036269706
2746,0.54338093476
2747,0.273101172151
2748,0.73755703495
2749,0.519696734732
2750,0.595006869192
2751,0.812438524094
2752,0.640945706191
2753,0.651018699043
2754,0.65160630588
2755,0.157613062716
2756,0.749467468647
2757,0.414330443916
2758,0.647293712891
2759,0.467108527637
2760,0.63195556384
2761,0.702433926123
2762,0.394940785936
2763,0.602752398237
2764,0.527097849751
2765,0.414290529111
2766,0.710040909009
2767,0.880525245686
2768,0.779350676915
2769,0.878451064074
2770,0.337080974412
2771,0.709618117947
2772,0.478577922098
2773,0.485830908082
2774,0.278302408806
2775,0.0841671726966
2776,0.806419158966
2777,0.092268262783
2778,0.342233501187
2779,0.181490649004
2780,0.370319696075
2781,0.632359909803
2782,0.80257768387
2783,0.100604032406
2784,0.148924053887
2785,0.46014194867
2786,0.336535217663
2787,0.329776732088
2788,0.87725476341
2789,0.310490309066
2790,0.797342663375
2791,0.501998491601
2792,0.727377591777
2793,0.519587850295
2794,0.270380280448
2795,0.438970331569
2796,0.590507479664
2797,0.420012638367
2798,0.253105123812
2799,0.726269943133
2800,0.75997184243
2801,0.730646778236
2802,0.824273841554
2803,0.475045997022
2804,0.327605386568
2805,0.0730436638525
2806,0.253115581065
2807,0.478332623257
2808,0.838796384125
2809,0.341874071368
2810,0.410536455408
2811,0.366772991677
2812,0.817242655148
2813,0.407409271634
2814,0.210607168159
2815,0.568908647238
2816,0.49826491745
2817,0.771388903986
2818,0.675901654726
2819,0.891637280795
2820,0.33509257026
2821,0.512519722162
2822,0.899633450614
2823,0.404187116982
2824,0.291740752067
2825,0.0891802356141
2826,0.427124421341
2827,0.717505757822
2828,0.64760197289
2829,0.326784059928
2830,0.728713370077
2831,0.516601903329
2832,0.551468479926
2833,0.707932039355
2834,0.544005242894
2835,0.874134057513
2836,0.45803684937
2837,0.0659972380561
2838,0.256035048619
2839,0.897650737966
2840,0.147067936149
2841,0.650423345754
2842,0.263371993282
2843,0.625745743195
2844,0.291318913877
2845,0.776857868729
2846,0.790893617722
2847,0.920737152553
2848,0.806430382331
2849,0.570293075396
2850,0.561555357409
2851,0.466635010096
2852,0.518289142765
2853,0.493171686156
2854,0.379782530559
2855,0.457427742364
2856,0.194066027926
2857,0.141394271756
2858,0.526460085943
2859,0.110777714932
2860,0.698665575532
2861,0.410008098552
2862,0.387848638738
2863,0.438039439477
2864,0.0636953528498
2865,0.119491223646
2866,0.294579444669
2867,0.878849924473
2868,0.901099869479
2869,0.84162072559
2870,0.636794775704
2871,0.44900676834
2872,0.37073097948
2873,0.59420656169
2874,0.457816402428
2875,0.392098696886
2876,0.851531947647
2877,0.113613802048
2878,0.404976192778
2879,0.900608109483
2880,0.280586028633
2881,0.0491703149791
2882,0.30070067107
2883,0.611319813699
2884,0.238799429329
2885,0.359825531672
2886,0.898759787917
2887,0.595234037468
2888,0.807614297395
2889,0.406620999489
2890,0.098551992889
2891,0.669604488675
2892,0.331491592076
2893,0.914725756542
2894,0.393280250175
2895,0.782600561131
2896,0.909060907343
2897,0.858506523668
2898,0.221180325394
2899,0.522216822669
2900,0.0760316888993
2901,0.77301016273
2902,0.62091595718
2903,0.881022240025
2904,0.435544472129
2905,0.389113404234
2906,0.921848263664
2907,0.682541775526
2908,0.90193840022
2909,0.13317904726
2910,0.4595759383
2911,0.172072696272
2912,0.258727101843
2913,0.541663474834
2914,0.520797662667
2915,0.396870871953
2916,0.22981553937
2917,0.734567534168
2918,0.145376810281
2919,0.0951596728435
2920,0.76049313344
2921,0.471075555895
2922,0.608088877073
2923,0.533018935009
2924,0.174136986557
2925,0.428054408861
2926,0.47316093327
2927,0.666947016314
2928,0.355205548247
2929,0.226641985861
2930,0.653358287961
2931,0.387608993569
2932,0.449654573809
2933,0.461699225078
2934,0.341218994209
2935,0.676272626486
2936,0.799091683951
2937,0.485033287968
2938,0.81188778864
2939,0.444760953257
2940,0.67627963882
2941,0.50301160533
2942,0.642736043397
2943,0.100058989213
2944,0.595998571698
2945,0.292466515124
2946,0.837213656369
2947,0.0639497691324
2948,0.755901090695
2949,0.399548972131
2950,0.329525261989
2951,0.30292842551
2952,0.453195874817
2953,0.443758519259
2954,0.162355419907
2955,0.627495558582
2956,0.901999604661
2957,0.395802482931
2958,0.39131529207
2959,0.68566098179
2960,0.291803384954
2961,0.791207189912
2962,0.587323550813
2963,0.332959929954
2964,0.342756267197
2965,0.475568194068
2966,0.52112443465
2967,0.847056484289
2968,0.67598986295
2969,0.591853392072
2970,0.890090725478
2971,0.29627187029
2972,0.773331301944
2973,0.629233417497
2974,0.130913659178
2975,0.865296487516
2976,0.228950848988
2977,0.710320912036
2978,0.615802650236
2979,0.691759274357
2980,0.139426488722
2981,0.546016098974
2982,0.207314266134
2983,0.722636580363
2984,0.0366266086854
2985,0.181716932525
2986,0.862137146857
2987,0.278012327714
2988,0.117121454473
2989,0.201499066293
2990,0.112356784942
2991,0.909060907343
2992,0.45156858991
2993,0.395700554138
2994,0.895932653094
2995,0.207126802067
2996,0.315467045387
2997,0.792098248495
2998,0.149100170255
2999,0.803715908906
3000,0.364021721828
3001,0.136584181289
3002,0.422017192952
3003,0.652697381468
3004,0.291812234303
3005,0.826561769939
3006,0.735120096516
3007,0.572055023829
3008,0.251340506835
3009,0.314755215799
3010,0.780959000368
3011,0.773484063829
3012,0.771611239878
3013,0.804974851054
3014,0.488568954437
3015,0.546060884127
3016,0.383009512103
3017,0.369117411424
3018,0.359739944854
3019,0.0521713296649
3020,0.61723435346
3021,0.292447347838
3022,0.839252895068
3023,0.824458804192
3024,0.720343603529
3025,0.885172519052
3026,0.809464074008
3027,0.640023905919
3028,0.469427073771
3029,0.237438496961
3030,0.730148729436
3031,0.885987165536
3032,0.575246366537
3033,0.842760054415
3034,0.746655863753
3035,0.183111620792
3036,0.173165924939
3037,0.20614808978
3038,0.497758134284
3039,0.757174425527
3040,0.62841557605
3041,0.74595562839
3042,0.616922251652
3043,0.584337832795
3044,0.876106664034
3045,0.509652310056
3046,0.589638107906
3047,0.118807695572
3048,0.42892099421
3049,0.273637883701
3050,0.661911029713
3051,0.868040508202
3052,0.920792708109
3053,0.830964703729
3054,0.600711892946
3055,0.247692107947
3056,0.797469215322
3057,0.335363861889
3058,0.105605477039
3059,0.550076252977
3060,0.769057380144
3061,0.434945657318
3062,0.243818062404
3063,0.486183147238
3064,0.237513504301
3065,0.546020864747
3066,0.567230493521
3067,0.41424751863
3068,0.603491254845
3069,0.306040884339
3070,0.632988971602
3071,0.765206794167
3072,0.886011049793
3073,0.550981576616
3074,0.30349552704
3075,0.739956945786
3076,0.150152024833
3077,0.0942073791694
3078,0.499250119855
3079,0.884004081665
3080,0.301135427973
3081,0.663188154993
3082,0.913932990532
3083,0.483548563128
3084,0.636168232614
3085,0.872579562015
3086,0.362492006826
3087,0.138427093332
3088,0.372755929877
3089,0.909060907343
3090,0.820744688509
3091,0.232338612745
3092,0.628163948375
3093,0.558133039381
3094,0.900179736283
3095,0.796823958289
3096,0.906816132294
3097,0.385431348999
3098,0.7809573135
3099,0.245965241405
3100,0.678463443841
3101,0.594685313907
3102,0.885347431596
3103,0.647198886467
3104,0.555243529912
3105,0.652261325495
3106,0.247162580067
3107,0.075411516588
3108,0.46508898171
3109,0.368645397049
3110,0.847043979155
3111,0.858446634678
3112,0.793548160835
3113,0.0535732241615
3114,0.154806463961
3115,0.366824396054
3116,0.278886889628
3117,0.602918661798
3118,0.616043896445
3119,0.569222361936
3120,0.725912337015
3121,0.388923821514
3122,0.350974350346
3123,0.536908293335
3124,0.777639600234
3125,0.580383201566
3126,0.614383583849
3127,0.599519315244
3128,0.773224575604
3129,0.415980643539
3130,0.888685186939
3131,0.337976662647
3132,0.903055160216
3133,0.375616321418
3134,0.608788103328
3135,0.134643413723
3136,0.353343023625
3137,0.810689927906
3138,0.2321582341
3139,0.226138328175
3140,0.499883866083
3141,0.872105698531
3142,0.854728172271
3143,0.764705550303
3144,0.304006280665
3145,0.370709292084
3146,0.893809596347
3147,0.222620921949
3148,0.358357474474
3149,0.338111869716
3150,0.606652983032
3151,0.56709889305
3152,0.502580007119
3153,0.840067590399
3154,0.476216920506
3155,0.544570930861
3156,0.888798406115
3157,0.893627703487
3158,0.459294535482
3159,0.346267757001
3160,0.180869265486
3161,0.857547371091
3162,0.456769190375
3163,0.459830912383
3164,0.397448630168
3165,0.361632608754
3166,0.132133387038
3167,0.733905446064
3168,0.875924771175
3169,0.900608109483
3170,0.397532959865
3171,0.908315500132
3172,0.857914514239
3173,0.589057514355
3174,0.209479844679
3175,0.448679111603
3176,0.807276757944
3177,0.400101931599
3178,0.281265232119
3179,0.770330679866
3180,0.409915857022
3181,0.636807817034
3182,0.617270879096
3183,0.512620189328
3184,0.561020879096
3185,0.705129359579
3186,0.90027953858
3187,0.470812268957
3188,0.548876756705
3189,0.907927243405
3190,0.845141533311
3191,0.247926176889
3192,0.703376656029
3193,0.768373705148
3194,0.906810483409
3195,0.321066472743
3196,0.702169447391
3197,0.76709471643
3198,0.117632767559
3199,0.221081128409
3200,0.724489862545
3201,0.353359983542
3202,0.829022625908
3203,0.783488585144
3204,0.546929606181
3205,0.15694453032
3206,0.627199915974
3207,0.411107661184
3208,0.716360650689
3209,0.329063581843
3210,0.306666782312
3211,0.775262926495
3212,0.741258413603
3213,0.290002261924
3214,0.496140635339
3215,0.186462774917
3216,0.371963521134
3217,0.39346423774
3218,0.770977958823
3219,0.621781362007
3220,0.79146923325
3221,0.446986901591
3222,0.82885473824
3223,0.806619048682
3224,0.778195931482
3225,0.881579954981
3226,0.533342860356
3227,0.412834516152
3228,0.528210829065
3229,0.860874028564
3230,0.763883093583
3231,0.776180222623
3232,0.544727708781
3233,0.921848263664
3234,0.837644211925
3235,0.427718436153
3236,0.579774075995
3237,0.52166093732
3238,0.745005793
3239,0.767286088058
3240,0.694263241916
3241,0.876011049793
3242,0.304945536256
3243,0.54371080922
3244,0.85087998485
3245,0.062554153363
3246,0.115467314548
3247,0.370399059704
3248,0.412832171358
3249,0.703339126334
3250,0.286459368113
3251,0.801908495477
3252,0.116019788605
3253,0.429623263782
3254,0.374701358362
3255,0.480358721592
3256,0.445155243054
3257,0.319157885468
3258,0.0759535317624
3259,0.704588076201
3260,0.518080428382
3261,0.775009811681
3262,0.0476908712203
3263,0.818114827799
3264,0.860184941824
3265,0.309705537287
3266,0.90125419745
3267,0.48604949612
3268,0.253679500588
3269,0.779120860276
3270,0.297840764391
3271,0.908720009415
3272,0.523457725303
3273,0.396829519442
3274,0.459209111662
3275,0.772926792556
3276,0.430930868013
3277,0.30153784425
3278,0.88426687121
3279,0.897871228682
3280,0.178518037905
3281,0.627788118699
3282,0.519465295358
3283,0.208811460465
3284,0.382256887898
3285,0.896791437987
3286,0.74468220675
3287,0.213695703753
3288,0.185397977534
3289,0.740559040912
3290,0.465374703717
3291,0.322266763643
3292,0.531476434804
3293,0.869561031216
3294,0.382226312087
3295,0.487276949437
3296,0.367344622268
3297,0.73016193274
3298,0.725206024807
3299,0.318710906912
3300,0.421288188935
3301,0.469849956541
3302,0.185157846416
3303,0.303960941955
3304,0.727783912869
3305,0.385595041001
3306,0.310973458678
3307,0.0714070855615
3308,0.149004255119
3309,0.340377557386
3310,0.606774291306
3311,0.83169042959
3312,0.851095956219
3313,0.533254693768
3314,0.581811873045
3315,0.194361570361
3316,0.765574883265
3317,0.472561354286
3318,0.294177832539
3319,0.733266564668
3320,0.14741647813
3321,0.785099877902
3322,0.838522339503
3323,0.271612582503
3324,0.907927243405
3325,0.439662159168
3326,0.791946189702
3327,0.685699586843
3328,0.29701807343
3329,0.793326325559
3330,0.229592635483
3331,0.588500836458
3332,0.65342126196
3333,0.749000311728
3334,0.463816937557
3335,0.348028289698
3336,0.622255543739
3337,0.167589312338
3338,0.569779696887
3339,0.883403316804
3340,0.801934010249
3341,0.79647490632
3342,0.0886023412862
3343,0.914725756542
3344,0.479795143304
3345,0.415833926308
3346,0.651552036221
3347,0.778953435407
3348,0.317417142077
3349,0.362012825531
3350,0.328164918039
3351,0.86844427122
3352,0.831767227798
3353,0.474065562135
3354,0.107181474571
3355,0.72239399937
3356,0.238650874452
3357,0.271850264851
3358,0.879562175185
3359,0.410673215673
3360,0.822982605182
3361,0.908720009415
3362,0.392717546161
3363,0.786639042059
3364,0.456973983398
3365,0.652852862902
3366,0.480521237934
3367,0.557347118831
3368,0.878405643797
3369,0.821150941466
3370,0.876596038062
3371,0.821484108139
3372,0.900963741351
3373,0.688647894881
3374,0.262463135845
3375,0.725736451134
3376,0.504768273902
3377,0.759835060234
3378,0.186117302552
3379,0.662823494972
3380,0.558234549878
3381,0.0531839402428
3382,0.429306374622
3383,0.339687065128
3384,0.667195734373
3385,0.433961433615
3386,0.654450928033
3387,0.112763173918
3388,0.861971161474
3389,0.616845533071
3390,0.506799281944
3391,0.0891422849499
3392,0.815577925447
3393,0.594166294866
3394,0.271533364636
3395,0.192860069788
3396,0.318765496491
3397,0.753931532791
3398,0.235112579414
3399,0.522883484986
3400,0.888926510814
3401,0.428841662502
3402,0.265784119171
3403,0.646121987098
3404,0.59533489928
3405,0.885736314611
3406,0.572727699201
3407,0.587949885311
3408,0.188655924957
3409,0.541966866467
3410,0.776537979805
3411,0.778059927284
3412,0.273944621306
3413,0.49415868466
3414,0.849415400664
3415,0.631817705969
3416,0.433414938681
3417,0.708858363858
3418,0.800139896975
3419,0.349841679916
3420,0.758617607987
3421,0.151222753554
3422,0.33399850696
3423,0.679588896766
3424,0.198309056787
3425,0.343353171945
3426,0.365351961196
3427,0.797199621419
3428,0.644265541102
3429,0.706699289062
3430,0.871699545293
3431,0.476973812737
3432,0.651660228943
3433,0.516341828821
3434,0.501964962574
3435,0.31372215405
3436,0.592454103621
3437,0.707855508291
3438,0.483715399241
3439,0.487457444367
3440,0.907927243405
3441,0.191574241854
3442,0.58086980777
3443,0.670330135505
3444,0.694249921226
3445,0.487064451956
3446,0.453121522269
3447,0.68355579416
3448,0.830425752702
3449,0.62126149612
3450,0.71486123215
3451,0.361419419381
3452,0.306393665461
3453,0.907522734122
3454,0.261280375184
3455,0.802986574455
3456,0.630546981884
3457,0.678374643409
3458,0.30005421924
3459,0.886765197606
3460,0.898237152553
3461,0.854449793952
3462,0.896366211959
3463,0.12622578968
3464,0.117713452397
3465,0.456055409637
3466,0.134007548394
3467,0.620496431664
3468,0.166707530162
3469,0.891153230843
3470,0.913932990532
3471,0.894318260284
3472,0.889068166004
3473,0.900669313924
3474,0.450108139181
3475,0.906810483409
3476,0.584092540076
3477,0.745750884897
3478,0.579855812527
3479,0.83762802329
3480,0.285519327863
3481,0.605302443972
3482,0.113707260447
3483,0.426343972624
3484,0.296017636952
3485,0.125741223646
3486,0.512360555494
3487,0.802746666604
3488,0.41303561896
3489,0.104191360705
3490,0.591796398046
3491,0.476309032826
3492,0.620051935211
3493,0.760856343954
3494,0.436826860145
3495,0.717543572019
3496,0.210831565324
3497,0.245104699525
3498,0.149466878227
3499,0.388009070565
3500,0.394545454494
3501,0.226683412353
3502,0.549921820104
3503,0.363283922954
3504,0.538217199416
3505,0.892921806801
3506,0.446398710628
3507,0.338578429354
3508,0.217934920689
3509,0.543233898707
3510,0.251873345399
3511,0.745482388553
3512,0.793201623813
3513,0.330473764153
3514,0.761485052322
3515,0.314476660772
3516,0.868911775737
3517,0.138650147238
3518,0.561059167038
3519,0.715897673578
3520,0.155687602178
3521,0.143275014766
3522,0.675507169781
3523,0.80884620305
3524,0.745343038188
3525,0.458099887135
3526,0.920792708109
3527,0.832815882285
3528,0.542072339515
3529,0.207122704448
3530,0.839399051619
3531,0.788400903028
3532,0.791361867211
3533,0.497779978793
3534,0.914725756542
3535,0.892858821734
3536,0.778756117989
3537,0.280586195028
3538,0.714737092673
3539,0.329218081973
3540,0.812308106936
3541,0.872605653446
3542,0.540715624021
3543,0.913932990532
3544,0.229149761781
3545,0.155062588555
3546,0.73776106934
3547,0.575884502345
3548,0.517357975621
3549,0.366195240217
3550,0.828783213203
3551,0.249325965701
3552,0.477696716704
3553,0.494256593528
3554,0.703530416829
3555,0.808449434128
3556,0.849820569355
3557,0.580129810154
3558,0.169087356449
3559,0.382631219448
3560,0.175726196837
3561,0.328880414692
3562,0.327843888612
3563,0.892364265448
3564,0.591098713492
3565,0.55288913454
3566,0.900338741351
3567,0.359981560115
3568,0.329062617906
3569,0.191411867492
3570,0.412768248943
3571,0.180930235614
3572,0.796094182702
3573,0.217466563416
3574,0.342355694406
3575,0.456144187978
3576,0.772535968774
3577,0.838512367087
3578,0.518403236583
3579,0.59568691505
3580,0.335560007927
3581,0.331143787158
3582,0.684461009112
3583,0.321846991451
3584,0.797266035014
3585,0.618653961747
3586,0.901374604661
3587,0.504240827791
3588,0.906689794991
3589,0.370340718388
3590,0.578523321938
3591,0.406373414428
3592,0.698395114129
3593,0.712232062769
3594,0.903852740669
3595,0.596803162787
3596,0.133283070635
3597,0.177363719948
3598,0.584366676493
3599,0.760159324897
3600,0.878894191555
3601,0.847867606248
3602,0.788221897823
3603,0.409496881558
3604,0.141830547334
3605,0.171839350579
3606,0.286726737511
3607,0.249218956705
3608,0.827864702641
3609,0.719017734058
3610,0.525293654751
3611,0.356175134803
3612,0.7040259233
3613,0.512838748546
3614,0.123546017057
3615,0.906185483409
3616,0.0332272302861
3617,0.424981050331
3618,0.345756569659
3619,0.812839830209
3620,0.647710671945
3621,0.581372096816
3622,0.0955339513428
3623,0.822503165267
3624,0.13218979958
3625,0.466482700048
3626,0.444021116233
3627,0.513269091704
3628,0.849012253647
3629,0.64557817319
3630,0.47403923179
3631,0.79204261118
3632,0.369552213487
3633,0.851698869882
3634,0.654003129231
3635,0.770173064008
3636,0.894943260284
3637,0.775404285185
3638,0.261650356943
3639,0.431377702887
3640,0.894602362357
3641,0.457821565551
3642,0.590137106086
3643,0.41457680077
3644,0.300839454196
3645,0.372492226129
3646,0.826672327254
3647,0.325152558652
3648,0.304672577934
3649,0.372442885377
3650,0.818530015071
3651,0.400661832626
3652,0.549242901734
3653,0.259246535505
3654,0.148929391257
3655,0.890771340588
3656,0.561675026068
3657,0.693830530395
3658,0.598508419309
3659,0.170768364752
3660,0.105724088003
3661,0.328124061423
3662,0.152379537893
3663,0.0659972380561
3664,0.704777317356
3665,0.262922019406
3666,0.557254950364
3667,0.45043932813
3668,0.551107515622
3669,0.43568007174
3670,0.789856180463
3671,0.416823676324
3672,0.385905679654
3673,0.754643243544
3674,0.359205160671
3675,0.594897380838
3676,0.387635590326
3677,0.727332021191
3678,0.718609240222
3679,0.553970286968
3680,0.330614293558
3681,0.129138686477
3682,0.471028202883
3683,0.42285972361
3684,0.454046782534
3685,0.208407470545
3686,0.193083420026
3687,0.656007463344
3688,0.480311619446
3689,0.842353130838
3690,0.392275102325
3691,0.426220260304
3692,0.475132597261
3693,0.873783858926
3694,0.872784698539
3695,0.159861931547
3696,0.648255657308
3697,0.894602362357
3698,0.241915140841
3699,0.817331230354
3700,0.691913919655
3701,0.832304555589
3702,0.819223403363
3703,0.81564682646
3704,0.634633492333
3705,0.619344274777
3706,0.216022854593
3707,0.614595789515
3708,0.849532437008
3709,0.210263131476
3710,0.513872783955
3711,0.141733042285
3712,0.405124232149
3713,0.220731613765
3714,0.641362634527
3715,0.759173030825
3716,0.556880666824
3717,0.340800373552
3718,0.0675587810882
3719,0.512301631193
3720,0.870168570705
3721,0.333093751269
3722,0.854992378762
3723,0.894957994224
3724,0.404041815858
3725,0.696219175188
3726,0.900970721666
3727,0.345394203191
3728,0.111068347502
3729,0.844044140699
3730,0.27488556534
3731,0.161734961289
3732,0.882467744526
3733,0.715513788893
3734,0.36185659989
3735,0.475497953705
3736,0.789285862101
3737,0.169225633027
3738,0.467715588113
3739,0.737815376195
3740,0.271375534129
3741,0.669284847769
3742,0.4616655213
3743,0.331792068182
3744,0.675105257882
3745,0.109716035776
3746,0.807983236395
3747,0.603672981271
3748,0.640741283027
3749,0.364404999026
3750,0.821792156572
3751,0.0874101796896
