MoleculeId,raw_rf-PredictedProbability
1,0.654651987692
2,0.918298125362
3,0.19380984831
4,0.340876911486
5,0.244814657967
6,0.270048053896
7,0.841669227633
8,0.79688322235
9,0.668925158175
10,0.25051363502
11,0.684553473347
12,0.325917611971
13,0.467281582347
14,0.627472168214
15,0.706316340109
16,0.712290770823
17,0.699371212656
18,0.510099428544
19,0.40077888246
20,0.34108728948
21,0.727747633592
22,0.577084289116
23,0.176377781022
24,0.139079131119
25,0.141966377446
26,0.939338275144
27,0.556399516214
28,0.262884179953
29,0.741804431052
30,0.610411174178
31,0.115354792052
32,0.685917360235
33,0.113792553121
34,0.665133081187
35,0.81483532368
36,0.308899376637
37,0.658085819931
38,0.479990981241
39,0.599567654568
40,0.808175933145
41,0.821977843347
42,0.236660064678
43,0.133898748096
44,0.770564303988
45,0.356824316092
46,0.906296365363
47,0.569207572621
48,0.277789393755
49,0.166184517881
50,0.686279620929
51,0.817705966605
52,0.617937786887
53,0.34143070291
54,0.862550931803
55,0.459813265336
56,0.652228050685
57,0.234834381231
58,0.308768592617
59,0.909395809148
60,0.319410563298
61,0.280652376449
62,0.526244004939
63,0.626341120162
64,0.52367064876
65,0.25101615204
66,0.520684993257
67,0.638882181828
68,0.856535062947
69,0.260435938331
70,0.738952774528
71,0.276712986838
72,0.246513210676
73,0.942448322991
74,0.466457064467
75,0.844679410295
76,0.942448322991
77,0.57523161705
78,0.808762120664
79,0.863560169067
80,0.178302779006
81,0.766070834713
82,0.223178159164
83,0.704978402823
84,0.925767544333
85,0.608032443568
86,0.615588023434
87,0.439704860668
88,0.365463875003
89,0.692720041669
90,0.394549286731
91,0.921144168176
92,0.845781642205
93,0.71782958708
94,0.427179309467
95,0.358240211035
96,0.467984165575
97,0.678343367652
98,0.481261371479
99,0.405126544098
100,0.466135327968
101,0.165242565723
102,0.390935447395
103,0.847060133353
104,0.863344829117
105,0.255424985531
106,0.665273517296
107,0.668939096663
108,0.926068688133
109,0.0931554758264
110,0.932667082043
111,0.286640512132
112,0.172644632414
113,0.128438338781
114,0.790724019484
115,0.845665223665
116,0.347313277426
117,0.341193077654
118,0.278017030195
119,0.486145554928
120,0.867763278534
121,0.31247628968
122,0.237725992705
123,0.580679536842
124,0.420642123639
125,0.811020850575
126,0.903944330865
127,0.796690550828
128,0.194203858091
129,0.813791544878
130,0.725453833523
131,0.235156267512
132,0.859064331471
133,0.54126757651
134,0.837718888242
135,0.377613967019
136,0.110196061893
137,0.222240141701
138,0.182553222791
139,0.449264774947
140,0.739905761405
141,0.792718867659
142,0.385903512349
143,0.942448322991
144,0.607522238783
145,0.868388493898
146,0.921144168176
147,0.337707083729
148,0.562547285936
149,0.315600820232
150,0.377127416706
151,0.348000338983
152,0.813227764382
153,0.856385116442
154,0.285291252718
155,0.619145844001
156,0.311676301265
157,0.671037766932
158,0.409833748141
159,0.789353197877
160,0.602871325313
161,0.431348397486
162,0.173903447344
163,0.237496208759
164,0.174765999745
165,0.41467050915
166,0.574305435305
167,0.452015238601
168,0.573241935484
169,0.745661103623
170,0.227946022078
171,0.409042566892
172,0.376885694285
173,0.842945651149
174,0.394548158071
175,0.7937872707
176,0.908663032195
177,0.658598954419
178,0.504634027336
179,0.329583368322
180,0.125445316189
181,0.319311580798
182,0.617037903518
183,0.449008414602
184,0.621294659732
185,0.737232863398
186,0.402158939608
187,0.899186245098
188,0.826918522515
189,0.480912548762
190,0.534247308247
191,0.597566353936
192,0.904884402513
193,0.836137214167
194,0.427052321957
195,0.45245558296
196,0.253786422132
197,0.635711156077
198,0.676391873411
199,0.883980696772
200,0.565018029225
201,0.915189900254
202,0.554080533305
203,0.504549522587
204,0.935565206108
205,0.730178990766
206,0.2098070578
207,0.297776780697
208,0.315745098166
209,0.931011156293
210,0.273093811895
211,0.353913215878
212,0.431913172638
213,0.381666378196
214,0.299399710181
215,0.923885552428
216,0.150131490204
217,0.433202965422
218,0.150250543744
219,0.803292778412
220,0.839481494119
221,0.171002830766
222,0.181514040784
223,0.586761408881
224,0.50248118709
225,0.27649226561
226,0.316554194361
227,0.504814540615
228,0.348723716209
229,0.763062409812
230,0.459280281201
231,0.216535776621
232,0.479524400936
233,0.780272111239
234,0.799390642939
235,0.758329447895
236,0.462753767735
237,0.36726749997
238,0.234368463979
239,0.357907461208
240,0.151043878292
241,0.836913627435
242,0.379970277174
243,0.548943308094
244,0.25875722486
245,0.48839108105
246,0.660237894672
247,0.543329920565
248,0.834414088044
249,0.436836580087
250,0.38058426837
251,0.736196789051
252,0.554465453512
253,0.233695750531
254,0.329675055149
255,0.611829875106
256,0.648566119066
257,0.255686183036
258,0.386324847724
259,0.863745539101
260,0.942448322991
261,0.66490387077
262,0.823741586999
263,0.489775331199
264,0.454569136982
265,0.112746903491
266,0.251197208546
267,0.444605313888
268,0.166320488722
269,0.927139562812
270,0.228662525747
271,0.635214177801
272,0.79136432656
273,0.204460271717
274,0.403326000356
275,0.658336522825
276,0.298702835678
277,0.549600759935
278,0.358220484358
279,0.885144652782
280,0.309400424863
281,0.603599419161
282,0.409855828296
283,0.860282926195
284,0.782466844749
285,0.761821187742
286,0.313992626494
287,0.568952277539
288,0.355813766938
289,0.66544811819
290,0.744023144185
291,0.316815968611
292,0.741536768787
293,0.799088994838
294,0.697383784839
295,0.731744297959
296,0.622360185958
297,0.609979362425
298,0.547838779889
299,0.189250588047
300,0.757345536106
301,0.726024652717
302,0.233243673876
303,0.837919508917
304,0.805602745164
305,0.937894273176
306,0.168025981334
307,0.463493848653
308,0.46772353659
309,0.165585915203
310,0.916048237319
311,0.424002809923
312,0.929108837915
313,0.740332836648
314,0.346906877986
315,0.651221500722
316,0.906618471683
317,0.292455565479
318,0.700371807311
319,0.697266117395
320,0.88913823339
321,0.900599707739
322,0.266089084504
323,0.133465755735
324,0.584511609248
325,0.367403858318
326,0.650230180198
327,0.632459949055
328,0.837248096731
329,0.324017003839
330,0.79425895007
331,0.335072365334
332,0.742366422159
333,0.834157896701
334,0.753480780347
335,0.114851129048
336,0.92826977204
337,0.75138042513
338,0.441431009873
339,0.57339080674
340,0.757027446769
341,0.708294585106
342,0.4963450707
343,0.786211509325
344,0.129134686674
345,0.616191136028
346,0.350474425666
347,0.939338275144
348,0.84027235841
349,0.167160152325
350,0.893873330668
351,0.230837889634
352,0.564174899175
353,0.195155644794
354,0.655096514942
355,0.547380058347
356,0.562287325188
357,0.117125886454
358,0.173229874486
359,0.849634107022
360,0.92364745719
361,0.329580215441
362,0.390870009487
363,0.525751350939
364,0.586800546058
365,0.71856567334
366,0.84974604853
367,0.257448489277
368,0.841924022855
369,0.278672628859
370,0.677688709758
371,0.802352883276
372,0.312389252538
373,0.628417198327
374,0.844641810663
375,0.593665587294
376,0.178105777172
377,0.803783317576
378,0.549253450691
379,0.291889457028
380,0.570907889212
381,0.14774267163
382,0.183327375024
383,0.629457840352
384,0.213332998878
385,0.332212433257
386,0.758987051582
387,0.188162702893
388,0.888717978207
389,0.652786296079
390,0.941240593522
391,0.627744016048
392,0.942448322991
393,0.624260315355
394,0.214390749464
395,0.318454010326
396,0.356636351571
397,0.13423272589
398,0.799941303158
399,0.614461589793
400,0.451781653441
401,0.906534460601
402,0.891836105757
403,0.663877228247
404,0.855635231684
405,0.341956742088
406,0.854735149759
407,0.392241429831
408,0.455647985939
409,0.836232269055
410,0.173861065368
411,0.939338275144
412,0.883539911862
413,0.733469990388
414,0.120620898494
415,0.870513418342
416,0.508829877547
417,0.472089660611
418,0.730888503285
419,0.565957821131
420,0.902035347045
421,0.356266781083
422,0.553042223477
423,0.822579663091
424,0.616607646401
425,0.717555889998
426,0.881416399541
427,0.86600988739
428,0.769169364452
429,0.86464819971
430,0.932298418449
431,0.837897136445
432,0.420503820633
433,0.347091081512
434,0.372053971258
435,0.635777910531
436,0.671422585446
437,0.573640203078
438,0.23149594263
439,0.923885552428
440,0.855887523604
441,0.552912369573
442,0.875810441658
443,0.896745283277
444,0.164677581368
445,0.164582688338
446,0.935991954798
447,0.202801450485
448,0.458001251899
449,0.417259247998
450,0.226735314076
451,0.240284998916
452,0.240564588348
453,0.463035465297
454,0.12910067637
455,0.902035347045
456,0.378711497421
457,0.892705438297
458,0.738513910253
459,0.32894199652
460,0.858428948963
461,0.324049736875
462,0.844408257451
463,0.691325769108
464,0.453580562033
465,0.659958678146
466,0.311120735744
467,0.150320839077
468,0.207311679251
469,0.893658409506
470,0.546170214684
471,0.582851409343
472,0.620778114031
473,0.426564251252
474,0.522096616347
475,0.816920366216
476,0.886839818727
477,0.812543134875
478,0.629155021709
479,0.895160978511
480,0.283732667159
481,0.737355896555
482,0.354677073921
483,0.135148939879
484,0.729677586351
485,0.4976544281
486,0.134658982836
487,0.253461497952
488,0.208391501719
489,0.91580105083
490,0.453536632485
491,0.467974379887
492,0.672508347461
493,0.91918557125
494,0.883234481244
495,0.32891977564
496,0.930990829819
497,0.57721339444
498,0.707270121433
499,0.124772945278
500,0.29629891656
501,0.485293290556
502,0.294009656114
503,0.164172871725
504,0.195412349775
505,0.899038531059
506,0.742623805963
507,0.809073900454
508,0.185482442179
509,0.729682152139
510,0.847051167075
511,0.351112271653
512,0.762785457647
513,0.591238508271
514,0.507547784743
515,0.379960555551
516,0.808394747158
517,0.913982170786
518,0.403513961322
519,0.384068777646
520,0.10647283036
521,0.433796420166
522,0.114668517542
523,0.307892789451
524,0.49709955538
525,0.665083797595
526,0.195327360254
527,0.680120371109
528,0.435724794529
529,0.258678464403
530,0.717664514874
531,0.801973602484
532,0.626198067266
533,0.890705197726
534,0.403402253876
535,0.385181974469
536,0.833914763398
537,0.925419337484
538,0.361076203332
539,0.870124443756
540,0.25531588669
541,0.720769476044
542,0.414055682597
543,0.321725237323
544,0.782300459636
545,0.685810438665
546,0.150131490204
547,0.350688351602
548,0.489684060975
549,0.350991660782
550,0.553703160685
551,0.218755155346
552,0.19125105042
553,0.394026336294
554,0.172353712427
555,0.728370807936
556,0.791273383264
557,0.13774906015
558,0.905394547315
559,0.246346701051
560,0.506717948718
561,0.602804632316
562,0.291539133753
563,0.772599498411
564,0.171186299081
565,0.89581032916
566,0.807605250423
567,0.378187780374
568,0.586990136217
569,0.868492618858
570,0.815121135861
571,0.926294152184
572,0.400392892132
573,0.183497584201
574,0.370687556155
575,0.1640299138
576,0.590087898699
577,0.818840118902
578,0.261935607987
579,0.153926175733
580,0.216432042115
581,0.625233546647
582,0.90633897337
583,0.755577698538
584,0.228319621518
585,0.607903361284
586,0.870629163791
587,0.874898782909
588,0.721235855932
589,0.21526302115
590,0.829790705116
591,0.886653236152
592,0.728807399123
593,0.544799275604
594,0.220103499104
595,0.307701760307
596,0.147100823798
597,0.311522383725
598,0.623038368948
599,0.821987202761
600,0.685475924625
601,0.366744111231
602,0.813850037893
603,0.837706818726
604,0.883244231257
605,0.853998568897
606,0.586766561875
607,0.321914253238
608,0.822761244976
609,0.191471435089
610,0.574125847333
611,0.87971629777
612,0.468698198728
613,0.803716776727
614,0.90826139259
615,0.707303189148
616,0.525086049502
617,0.633234285538
618,0.665620509121
619,0.762157868951
620,0.321639205934
621,0.768599591446
622,0.566433291749
623,0.881886232209
624,0.496838257639
625,0.860078651543
626,0.512119198296
627,0.632444855314
628,0.6442608319
629,0.492744083675
630,0.254209055213
631,0.704055948577
632,0.150366804426
633,0.442321095127
634,0.594080015395
635,0.468556693951
636,0.374090310946
637,0.710417060243
638,0.329086583436
639,0.254881717501
640,0.713696907499
641,0.523164738601
642,0.310697948901
643,0.435342186765
644,0.356749050735
645,0.41410703981
646,0.860510162725
647,0.942448322991
648,0.192051861518
649,0.762561125656
650,0.551961253229
651,0.516616160812
652,0.731692732272
653,0.60603338388
654,0.354491702609
655,0.65427814927
656,0.913339608391
657,0.388262060798
658,0.572076022595
659,0.922753281926
660,0.21843142276
661,0.90884483139
662,0.507594562997
663,0.309850236399
664,0.560947218552
665,0.275739713734
666,0.166438430635
667,0.55180898823
668,0.343523751716
669,0.448469904553
670,0.380355637629
671,0.703778691906
672,0.91133022722
673,0.870855659366
674,0.833251334848
675,0.863869300216
676,0.379920698457
677,0.319063433456
678,0.766913023318
679,0.452807088242
680,0.181471527017
681,0.934114989658
682,0.874236394323
683,0.215551968083
684,0.50087445002
685,0.301071065513
686,0.427963359818
687,0.786678667534
688,0.868690070026
689,0.905254206789
690,0.83020134207
691,0.75189526042
692,0.153962989727
693,0.788478433486
694,0.890824441152
695,0.738195699246
696,0.559201438754
697,0.583472101972
698,0.566087689193
699,0.41367858262
700,0.130257291513
701,0.590914866168
702,0.0926178025191
703,0.179790240467
704,0.710501005907
705,0.338575794672
706,0.657297323644
707,0.903504176558
708,0.742403222465
709,0.257564535256
710,0.805366242287
711,0.924669712296
712,0.0915703308989
713,0.918397745989
714,0.511605913472
715,0.895004238699
716,0.222057127418
717,0.802471720309
718,0.349142854771
719,0.753335295023
720,0.733955218362
721,0.47948366535
722,0.183994463133
723,0.171926035951
724,0.906186101231
725,0.110114286943
726,0.251083925091
727,0.797831456219
728,0.484077083433
729,0.336982715219
730,0.800986950248
731,0.851151147911
732,0.65750676863
733,0.790972234662
734,0.568202375797
735,0.818268545398
736,0.118529395226
737,0.781689845113
738,0.344395369478
739,0.902688077515
740,0.648330597882
741,0.812473899234
742,0.422065297333
743,0.312938480919
744,0.926838275144
745,0.692474224745
746,0.47222076531
747,0.174004653505
748,0.262830548021
749,0.144216802663
750,0.177762284762
751,0.626322067996
752,0.884605422955
753,0.802699354688
754,0.912034903077
755,0.359970314417
756,0.673617183008
757,0.713692612943
758,0.771005500505
759,0.868715904345
760,0.241625952508
761,0.184045639401
762,0.634962485216
763,0.631538091538
764,0.339818307163
765,0.795395215895
766,0.805379381017
767,0.320562998998
768,0.669676518883
769,0.161758747573
770,0.327600289362
771,0.60743029664
772,0.367118514377
773,0.471373602243
774,0.906618471683
775,0.508460511711
776,0.906854744182
777,0.187079214092
778,0.367617330098
779,0.60369688757
780,0.44720046057
781,0.942448322991
782,0.825646326262
783,0.326584413933
784,0.867080546699
785,0.169460613283
786,0.527059700697
787,0.68063692955
788,0.191945325128
789,0.326182511994
790,0.82532381792
791,0.565590137202
792,0.360348561906
793,0.270698412565
794,0.929434893501
795,0.700334128834
796,0.941240593522
797,0.344681676885
798,0.862707464283
799,0.250465277989
800,0.567362787776
801,0.437538823453
802,0.160229782631
803,0.452445075968
804,0.711089610872
805,0.835810242426
806,0.805055190329
807,0.338259292839
808,0.251045038405
809,0.356677902882
810,0.784054346204
811,0.533148741106
812,0.823689603809
813,0.826712331081
814,0.668752952362
815,0.339658516703
816,0.289790882939
817,0.311683542413
818,0.845047287604
819,0.424257455374
820,0.792064552514
821,0.769223823528
822,0.860513594934
823,0.569517308362
824,0.874616023232
825,0.366726954706
826,0.501640999383
827,0.253194665958
828,0.563301052367
829,0.878176486489
830,0.421541691284
831,0.77524083036
832,0.76630234169
833,0.832831687331
834,0.236442125862
835,0.12126005099
836,0.783263327603
837,0.378544781617
838,0.16470164403
839,0.718240706023
840,0.532366945856
841,0.85890219104
842,0.803676616796
843,0.775987301332
844,0.521237413955
845,0.714533496683
846,0.163975413739
847,0.458745769486
848,0.677673954232
849,0.117479421808
850,0.177109963228
851,0.193190653264
852,0.779325249172
853,0.310070626996
854,0.437673096545
855,0.286732537672
856,0.747507548008
857,0.260445587139
858,0.631200670505
859,0.184447772993
860,0.194257768455
861,0.353350138498
862,0.45460160346
863,0.499763657395
864,0.404773633899
865,0.213823488229
866,0.9254478335
867,0.844629455835
868,0.358773103708
869,0.309846923807
870,0.18712217324
871,0.908516884415
872,0.296082594166
873,0.742316122783
874,0.276687223141
875,0.610836843822
876,0.363101088392
877,0.210693576633
878,0.340631457677
879,0.461292646717
880,0.659208014208
881,0.467365759761
882,0.937894273176
883,0.510990010947
884,0.23127028802
885,0.443815005355
886,0.645407296255
887,0.765353052628
888,0.383372667859
889,0.79479352838
890,0.660998750354
891,0.396978799879
892,0.749835476118
893,0.472607294435
894,0.243028104049
895,0.474828825825
896,0.424266705733
897,0.539092594915
898,0.763689566555
899,0.218612059908
900,0.86032248145
901,0.292305247406
902,0.331324965884
903,0.587197250969
904,0.214507565803
905,0.796314829792
906,0.865192661082
907,0.716724296776
908,0.903552917321
909,0.689522511284
910,0.444217159714
911,0.938130545675
912,0.330836587525
913,0.484934948305
914,0.414366675769
915,0.310225972858
916,0.462525272592
917,0.309701107182
918,0.680793099763
919,0.572475804389
920,0.700464399801
921,0.450224834211
922,0.62486851515
923,0.12956094362
924,0.393996098762
925,0.201872717458
926,0.293715442893
927,0.340125131954
928,0.932218885761
929,0.332895572643
930,0.267555777069
931,0.318521699189
932,0.935991954798
933,0.884593027638
934,0.915426172754
935,0.330973398449
936,0.742203176453
937,0.60183741082
938,0.272749466584
939,0.805462226679
940,0.654089362614
941,0.846845433902
942,0.629588828796
943,0.881204842441
944,0.290879265169
945,0.809000127118
946,0.244878780562
947,0.885580925446
948,0.534825694637
949,0.900064360153
950,0.198909159993
951,0.783954543832
952,0.629609682821
953,0.190464823538
954,0.278315906109
955,0.59114444734
956,0.560108438815
957,0.359222074222
958,0.564279317963
959,0.942448322991
960,0.623381615838
961,0.480705057734
962,0.935565206108
963,0.928448995815
964,0.737998079815
965,0.185579106013
966,0.887983614812
967,0.397850413946
968,0.304030406049
969,0.942448322991
970,0.682675518926
971,0.819350211078
972,0.233867621419
973,0.160567687816
974,0.30359183271
975,0.450985205054
976,0.842716338259
977,0.35655475398
978,0.67596366968
979,0.376450410907
980,0.155418878292
981,0.926431006974
982,0.755845723242
983,0.924111333477
984,0.925419337484
985,0.46653448658
986,0.904815773931
987,0.452064904208
988,0.414928010457
989,0.733652846196
990,0.473313753386
991,0.180052859685
992,0.0915703308989
993,0.523456543457
994,0.869927694219
995,0.481924963925
996,0.159340985597
997,0.0926178025191
998,0.658153873009
999,0.318826979623
1000,0.206635310971
1001,0.342967996417
1002,0.167241845216
1003,0.615238677094
1004,0.812224318136
1005,0.759574980925
1006,0.346744127859
1007,0.272550897037
1008,0.417891468746
1009,0.746311156342
1010,0.170009934811
1011,0.926869553934
1012,0.501716544893
1013,0.349591269708
1014,0.857929410295
1015,0.659607069661
1016,0.852580152582
1017,0.514647051302
1018,0.482036188213
1019,0.300597301098
1020,0.823290797603
1021,0.501707714296
1022,0.84372680002
1023,0.196657694829
1024,0.207311679251
1025,0.383196298828
1026,0.11843808557
1027,0.163967978303
1028,0.832036137252
1029,0.471511896378
1030,0.691246916224
1031,0.694380056725
1032,0.609857021789
1033,0.308131444741
1034,0.270022843812
1035,0.292967202525
1036,0.470578470934
1037,0.427148593702
1038,0.920703307494
1039,0.124946919677
1040,0.859144342973
1041,0.365648983755
1042,0.77486441591
1043,0.677248873948
1044,0.799155436351
1045,0.942448322991
1046,0.446475572444
1047,0.292197313965
1048,0.300854292472
1049,0.845871278123
1050,0.336189510479
1051,0.649475601027
1052,0.331665700955
1053,0.307169833913
1054,0.2171163729
1055,0.873291080127
1056,0.352413117721
1057,0.583356968702
1058,0.306833835114
1059,0.809729031065
1060,0.660550249941
1061,0.566143972732
1062,0.733638051017
1063,0.481862754859
1064,0.668035292793
1065,0.628224666521
1066,0.727264701351
1067,0.758207524493
1068,0.169600823798
1069,0.796190175295
1070,0.410724280314
1071,0.440204295295
1072,0.217292615464
1073,0.36851776078
1074,0.483567076199
1075,0.439534816542
1076,0.802784161491
1077,0.816150735115
1078,0.417895367382
1079,0.607337212804
1080,0.263933275217
1081,0.654994226372
1082,0.502321514235
1083,0.270473496961
1084,0.167418864122
1085,0.7482539212
1086,0.285354661163
1087,0.667161782662
1088,0.714051746208
1089,0.823180555285
1090,0.161277254251
1091,0.861054659359
1092,0.512173692444
1093,0.341575396692
1094,0.881684926551
1095,0.881997607815
1096,0.890832391722
1097,0.154242966485
1098,0.314470967098
1099,0.415176007795
1100,0.165901351578
1101,0.564765752766
1102,0.919506820741
1103,0.683770997521
1104,0.341726099987
1105,0.939338275144
1106,0.783271361073
1107,0.848629244378
1108,0.459853874275
1109,0.833620386253
1110,0.691345295087
1111,0.535342010646
1112,0.544890479372
1113,0.771605737355
1114,0.280749681678
1115,0.436490185893
1116,0.929948322991
1117,0.907913185741
1118,0.702724798939
1119,0.173032070532
1120,0.802842574093
1121,0.488887761101
1122,0.610328442741
1123,0.838677317417
1124,0.898796014387
1125,0.217525427887
1126,0.868566638318
1127,0.761778748072
1128,0.80263322235
1129,0.841531345816
1130,0.935991954798
1131,0.883653094505
1132,0.308806505553
1133,0.901754469644
1134,0.493548906291
1135,0.548223257419
1136,0.356914591849
1137,0.857528942854
1138,0.845887520974
1139,0.308879526582
1140,0.242123381103
1141,0.267312796863
1142,0.256455210962
1143,0.56999040512
1144,0.409458223248
1145,0.150422410192
1146,0.250022103264
1147,0.63405310207
1148,0.903161868218
1149,0.52379884878
1150,0.514161006527
1151,0.89640876593
1152,0.862451599975
1153,0.39822964998
1154,0.765788440644
1155,0.902579717717
1156,0.559636468251
1157,0.913286048068
1158,0.50936454299
1159,0.324717739947
1160,0.823203150298
1161,0.337817227014
1162,0.540359140388
1163,0.184350455922
1164,0.818887396337
1165,0.552088154183
1166,0.871532843444
1167,0.330081841626
1168,0.631556895886
1169,0.167615617189
1170,0.917059906809
1171,0.538243063616
1172,0.870862124133
1173,0.787698835704
1174,0.626900525887
1175,0.737959474087
1176,0.845742292815
1177,0.678752703402
1178,0.843417587259
1179,0.47119201122
1180,0.180077552951
1181,0.920717419486
1182,0.25110326126
1183,0.546423142042
1184,0.227899951018
1185,0.379073368993
1186,0.80888210927
1187,0.16880984831
1188,0.176237861217
1189,0.88953397111
1190,0.399452512562
1191,0.614265493405
1192,0.113792553121
1193,0.180278549028
1194,0.394064356758
1195,0.933752670817
1196,0.339111115162
1197,0.868773740835
1198,0.932218885761
1199,0.262900407589
1200,0.874879163791
1201,0.207777137396
1202,0.854234058296
1203,0.479215268421
1204,0.688905141959
1205,0.833512069723
1206,0.37837810598
1207,0.258541686698
1208,0.818987084106
1209,0.918042492299
1210,0.206165601217
1211,0.739238390969
1212,0.333947207057
1213,0.0915703308989
1214,0.20504433097
1215,0.52488422608
1216,0.536096411925
1217,0.91381842726
1218,0.756431643336
1219,0.849799177183
1220,0.479043027021
1221,0.783065679498
1222,0.296571428438
1223,0.888386721014
1224,0.633227176455
1225,0.805440068587
1226,0.864656966669
1227,0.680105436952
1228,0.268987011654
1229,0.400990223102
1230,0.820299578663
1231,0.757267474862
1232,0.17012156957
1233,0.191283709461
1234,0.842942734589
1235,0.502400515255
1236,0.829852371936
1237,0.645728482631
1238,0.771727835365
1239,0.36727645366
1240,0.60895069738
1241,0.598304998108
1242,0.42949127595
1243,0.79807897436
1244,0.720754010571
1245,0.252022598162
1246,0.78660533345
1247,0.301782967977
1248,0.688901304412
1249,0.154916489456
1250,0.255500167385
1251,0.421514149712
1252,0.224823414397
1253,0.884027838067
1254,0.898781626358
1255,0.156223149467
1256,0.734396438851
1257,0.184006660532
1258,0.561537878788
1259,0.880513427715
1260,0.892998784086
1261,0.821782016254
1262,0.741638852105
1263,0.160878216622
1264,0.665277354412
1265,0.810183905714
1266,0.727842914243
1267,0.642483089844
1268,0.897234909186
1269,0.689147524457
1270,0.850529071001
1271,0.532259125148
1272,0.903521386862
1273,0.28992764975
1274,0.816644160072
1275,0.188916896594
1276,0.645126735167
1277,0.493621501149
1278,0.84100595781
1279,0.214064506622
1280,0.775574214475
1281,0.745349712727
1282,0.842737776689
1283,0.216235776656
1284,0.732556387773
1285,0.412479145964
1286,0.190024728201
1287,0.341684886367
1288,0.257188217599
1289,0.270407279981
1290,0.244374535647
1291,0.736636261849
1292,0.46020663358
1293,0.421479941112
1294,0.694095958792
1295,0.121223241394
1296,0.344741188526
1297,0.460657596553
1298,0.800286134537
1299,0.436617385941
1300,0.329952220409
1301,0.803944513878
1302,0.78650416778
1303,0.455881317632
1304,0.172060969306
1305,0.504634224855
1306,0.252442109886
1307,0.408415177024
1308,0.904337477411
1309,0.235565572323
1310,0.280035885167
1311,0.49005151218
1312,0.737276049831
1313,0.910434607209
1314,0.463488014973
1315,0.50215639668
1316,0.112881672231
1317,0.909067211164
1318,0.602829476621
1319,0.440246020568
1320,0.17232101086
1321,0.410950381141
1322,0.680027038867
1323,0.492254373307
1324,0.46581720482
1325,0.701629242088
1326,0.813762678594
1327,0.641960301771
1328,0.489031774389
1329,0.704334837673
1330,0.941412190055
1331,0.866342241578
1332,0.224101733409
1333,0.90663346351
1334,0.140033369408
1335,0.900514693789
1336,0.0559413685729
1337,0.82964785573
1338,0.36920977716
1339,0.931279614297
1340,0.421246355415
1341,0.410315311683
1342,0.359520860742
1343,0.544322700475
1344,0.927539405189
1345,0.84138360789
1346,0.819562839626
1347,0.373878367003
1348,0.590586731467
1349,0.651008107247
1350,0.667995279409
1351,0.757120702899
1352,0.910317710553
1353,0.401997649304
1354,0.90621716286
1355,0.868525095082
1356,0.887774563792
1357,0.127134918984
1358,0.762619654458
1359,0.206032810947
1360,0.13467998595
1361,0.568695587022
1362,0.447479921394
1363,0.717657362067
1364,0.700531708148
1365,0.27087986215
1366,0.198558833954
1367,0.326279968106
1368,0.445345060557
1369,0.6634425218
1370,0.353375840079
1371,0.738704905484
1372,0.923832426906
1373,0.208888187201
1374,0.322175174588
1375,0.542314093478
1376,0.509134884369
1377,0.174068561555
1378,0.768715940863
1379,0.549538546488
1380,0.758586842427
1381,0.680264870449
1382,0.47840217346
1383,0.181101014248
1384,0.782346262258
1385,0.201122181965
1386,0.130530427427
1387,0.195192251462
1388,0.895829318903
1389,0.457606079266
1390,0.460883848703
1391,0.884303941549
1392,0.748586329438
1393,0.108828282828
1394,0.47669125566
1395,0.347696371611
1396,0.903536297185
1397,0.884817275391
1398,0.280523988227
1399,0.743354892219
1400,0.868291356648
1401,0.441435501044
1402,0.842157966456
1403,0.310317279942
1404,0.159826306544
1405,0.473883820222
1406,0.272473013714
1407,0.822415274795
1408,0.266450843842
1409,0.41952039808
1410,0.881787652236
1411,0.185785544229
1412,0.42485873225
1413,0.888268985474
1414,0.295404984244
1415,0.794682296076
1416,0.218563701744
1417,0.110268890276
1418,0.709836297029
1419,0.422079736149
1420,0.829797683988
1421,0.837840686856
1422,0.893936279912
1423,0.303112054092
1424,0.497432202092
1425,0.298753826009
1426,0.615076323977
1427,0.497239884365
1428,0.424611338953
1429,0.716192749132
1430,0.242433159232
1431,0.0845155122655
1432,0.609374425681
1433,0.86938799667
1434,0.811978931651
1435,0.917428386502
1436,0.812654847407
1437,0.756834688714
1438,0.781616402693
1439,0.529419612565
1440,0.824996255837
1441,0.912718115367
1442,0.53654110584
1443,0.264896103896
1444,0.544763470145
1445,0.423485278752
1446,0.724710699256
1447,0.358226990401
1448,0.411309218867
1449,0.0793207070707
1450,0.116460501
1451,0.775338838485
1452,0.60018175558
1453,0.462396683638
1454,0.351984116665
1455,0.913998048641
1456,0.750162844415
1457,0.0693248272196
1458,0.468175505549
1459,0.908827483339
1460,0.439768923142
1461,0.375515889526
1462,0.517321302704
1463,0.285402601753
1464,0.17627979355
1465,0.925396386862
1466,0.386211282986
1467,0.239845810866
1468,0.859412153914
1469,0.393011536667
1470,0.87276650989
1471,0.808737786009
1472,0.730039925442
1473,0.611954481574
1474,0.509103041282
1475,0.906784734361
1476,0.178783189859
1477,0.302812650313
1478,0.85602181101
1479,0.226578275811
1480,0.460983475306
1481,0.114555678301
1482,0.526599636922
1483,0.414720789087
1484,0.561640756269
1485,0.415000823452
1486,0.794040713632
1487,0.320029059391
1488,0.762020627726
1489,0.354308888575
1490,0.626809447586
1491,0.332301312818
1492,0.424452981344
1493,0.884605834054
1494,0.123146464646
1495,0.839055901979
1496,0.745479419919
1497,0.893699036715
1498,0.926725321368
1499,0.366810133728
1500,0.835963031782
1501,0.43008972255
1502,0.476274208758
1503,0.883444185753
1504,0.701175039336
1505,0.641656394389
1506,0.690707702769
1507,0.245673073081
1508,0.279709295334
1509,0.706645350294
1510,0.700534810822
1511,0.231521073765
1512,0.0793024796841
1513,0.101430022272
1514,0.29622931464
1515,0.513267867009
1516,0.480114615598
1517,0.36763320315
1518,0.0822337662338
1519,0.122656746032
1520,0.604209378228
1521,0.150244141884
1522,0.378034756431
1523,0.418572671971
1524,0.548972796046
1525,0.370307191773
1526,0.813957828716
1527,0.850177617635
1528,0.644316006494
1529,0.267883022774
1530,0.657412168888
1531,0.539889617611
1532,0.641109812088
1533,0.418817640693
1534,0.899129064683
1535,0.689897929151
1536,0.852883325494
1537,0.300874519
1538,0.655403962281
1539,0.84766435944
1540,0.273067272925
1541,0.88071892126
1542,0.888130111206
1543,0.55983436853
1544,0.918741517815
1545,0.510114092319
1546,0.201970704099
1547,0.303620852196
1548,0.229792273421
1549,0.807215741561
1550,0.821402287782
1551,0.804272772078
1552,0.197002869512
1553,0.24889637838
1554,0.922774563792
1555,0.416424072368
1556,0.891539405189
1557,0.645077315238
1558,0.246950686285
1559,0.3702898824
1560,0.815591834241
1561,0.495985065659
1562,0.324754884143
1563,0.585340867466
1564,0.481324266255
1565,0.541584646465
1566,0.7934806841
1567,0.531347120833
1568,0.899232526882
1569,0.871211808214
1570,0.116120803235
1571,0.784295531618
1572,0.188700854659
1573,0.741517922842
1574,0.569717773169
1575,0.85571866619
1576,0.884337530042
1577,0.383398779077
1578,0.375904655138
1579,0.709270205419
1580,0.46520492189
1581,0.499638779793
1582,0.932321280964
1583,0.673377970615
1584,0.898789945806
1585,0.898242470323
1586,0.915230371873
1587,0.853683751577
1588,0.455277470904
1589,0.891846561687
1590,0.749690554948
1591,0.851339803223
1592,0.59453792803
1593,0.451639693074
1594,0.741022588672
1595,0.719938403716
1596,0.611643159318
1597,0.254216169914
1598,0.343655120591
1599,0.672689704623
1600,0.548986489931
1601,0.292757645886
1602,0.469690065013
1603,0.275827410258
1604,0.39537301959
1605,0.516596297578
1606,0.35855548236
1607,0.192777504862
1608,0.156781573499
1609,0.275668110494
1610,0.298671386709
1611,0.0651226551227
1612,0.682743711285
1613,0.430135767614
1614,0.0711226551227
1615,0.75416251539
1616,0.366082972583
1617,0.24351216191
1618,0.47407478728
1619,0.624059292074
1620,0.560209103361
1621,0.862735588649
1622,0.269473124098
1623,0.572670587271
1624,0.730597825998
1625,0.579512365182
1626,0.910132174277
1627,0.14796725814
1628,0.533172210854
1629,0.438304844844
1630,0.905715521187
1631,0.2547453379
1632,0.895232526882
1633,0.826678641634
1634,0.629214028633
1635,0.343592182036
1636,0.876025164905
1637,0.710671387505
1638,0.0535353535354
1639,0.633433022233
1640,0.752707186689
1641,0.282185900651
1642,0.663941797953
1643,0.335411558421
1644,0.92908612236
1645,0.356116921247
1646,0.845802083429
1647,0.507654230477
1648,0.367971691416
1649,0.381944962456
1650,0.881834344951
1651,0.896445763619
1652,0.531804115707
1653,0.930762890037
1654,0.485170491694
1655,0.904269216199
1656,0.598095821248
1657,0.563264024732
1658,0.0674727538543
1659,0.582236651847
1660,0.445472545234
1661,0.360029534888
1662,0.266329034617
1663,0.408018863945
1664,0.525353878
1665,0.721159531006
1666,0.387956830069
1667,0.512785060947
1668,0.750545288876
1669,0.610257983386
1670,0.477877220479
1671,0.746726125235
1672,0.192229028343
1673,0.692564207909
1674,0.901812132461
1675,0.160587985114
1676,0.286114491598
1677,0.934725321368
1678,0.491249283
1679,0.777421834049
1680,0.727517414291
1681,0.767509316011
1682,0.864346399867
1683,0.849943917189
1684,0.885450803656
1685,0.310521683152
1686,0.862599441871
1687,0.224458456748
1688,0.58412055336
1689,0.139453282828
1690,0.828614077336
1691,0.313519688568
1692,0.662822659603
1693,0.905956534037
1694,0.856383306994
1695,0.510838992931
1696,0.118384559885
1697,0.263837016784
1698,0.224180092854
1699,0.264211607741
1700,0.421098726704
1701,0.765380265366
1702,0.759959708858
1703,0.782455832497
1704,0.38246645897
1705,0.259084706579
1706,0.939267940542
1707,0.409031205044
1708,0.909931670574
1709,0.238168774208
1710,0.255233378414
1711,0.893764897944
1712,0.563120059289
1713,0.886471985835
1714,0.373505317147
1715,0.214463830855
1716,0.638633638353
1717,0.77986551974
1718,0.466332686715
1719,0.45294815816
1720,0.13293872307
1721,0.346378503901
1722,0.912718115367
1723,0.352008573766
1724,0.246936147186
1725,0.633867547787
1726,0.405807806324
1727,0.908458852063
1728,0.535932910299
1729,0.121618575424
1730,0.745567239212
1731,0.261366798658
1732,0.666975553316
1733,0.407292137211
1734,0.231944013112
1735,0.776157472962
1736,0.926812132461
1737,0.859269811937
1738,0.644466212394
1739,0.83968883118
1740,0.550240654835
1741,0.922155659229
1742,0.634814779478
1743,0.286400597453
1744,0.145780389453
1745,0.410561561937
1746,0.397821985382
1747,0.727861665419
1748,0.684181992541
1749,0.29756247778
1750,0.467879398827
1751,0.217774689543
1752,0.796053399045
1753,0.377717171717
1754,0.81008427286
1755,0.787689953602
1756,0.211730329612
1757,0.28681678876
1758,0.540208921513
1759,0.856371863963
1760,0.476945641127
1761,0.801606189335
1762,0.821110930004
1763,0.59799175665
1764,0.793542002905
1765,0.231248188562
1766,0.657520559003
1767,0.845049071442
1768,0.284470376644
1769,0.606284806183
1770,0.0884939456679
1771,0.19103604972
1772,0.514354570161
1773,0.32100013867
1774,0.705432115595
1775,0.505674217379
1776,0.521247269327
1777,0.541755538758
1778,0.587580459751
1779,0.722993633025
1780,0.445858389232
1781,0.116967302974
1782,0.303963071537
1783,0.438097865935
1784,0.894724372601
1785,0.696670906233
1786,0.396889114255
1787,0.803116869872
1788,0.928337477411
1789,0.816924483501
1790,0.602721762495
1791,0.226233664283
1792,0.705996458255
1793,0.918595558116
1794,0.106809522158
1795,0.770646477492
1796,0.34893790182
1797,0.740056514554
1798,0.0783338649654
1799,0.76570159347
1800,0.751443298667
1801,0.64227053979
1802,0.370924470267
1803,0.130594280241
1804,0.747971045473
1805,0.405337696459
1806,0.823742410997
1807,0.906317710553
1808,0.235300679391
1809,0.77680929882
1810,0.548377161494
1811,0.28531991636
1812,0.390318926806
1813,0.610015280296
1814,0.142567249811
1815,0.708055467935
1816,0.383412619989
1817,0.830014912565
1818,0.747143008523
1819,0.341610475877
1820,0.869268491365
1821,0.903859447005
1822,0.67574742802
1823,0.385687644325
1824,0.897945753151
1825,0.28855743608
1826,0.0972985114301
1827,0.310420017395
1828,0.181904228622
1829,0.329006671228
1830,0.397247272563
1831,0.323277965995
1832,0.185831000445
1833,0.770191440593
1834,0.396276350461
1835,0.928337477411
1836,0.842070969412
1837,0.329529262428
1838,0.453106576687
1839,0.893393278858
1840,0.514949899763
1841,0.195492835624
1842,0.590134184714
1843,0.0989466873706
1844,0.669856129301
1845,0.900428386502
1846,0.534617073856
1847,0.819580993543
1848,0.851812324844
1849,0.133505221387
1850,0.926193227898
1851,0.477611120977
1852,0.650352403766
1853,0.133636421422
1854,0.224278935976
1855,0.761950763235
1856,0.235396657974
1857,0.117053469477
1858,0.51259750411
1859,0.138187761069
1860,0.2134531066
1861,0.705420523637
1862,0.320497595154
1863,0.274468874206
1864,0.299304436982
1865,0.828003690144
1866,0.391917872332
1867,0.739767525107
1868,0.336249867092
1869,0.444355910519
1870,0.0793024796841
1871,0.763707145617
1872,0.226131320974
1873,0.217043416464
1874,0.460959042176
1875,0.747468047817
1876,0.420929963174
1877,0.912428386502
1878,0.771060349638
1879,0.586527530732
1880,0.36721423123
1881,0.435323903601
1882,0.841293317482
1883,0.18848908338
1884,0.576391690649
1885,0.827423647294
1886,0.0703210678211
1887,0.255167568543
1888,0.306980940494
1889,0.299589649833
1890,0.308460634046
1891,0.712305780736
1892,0.315896629572
1893,0.226075787864
1894,0.730772654442
1895,0.371833912589
1896,0.661075744476
1897,0.835870269515
1898,0.773098082637
1899,0.303626911482
1900,0.392778394851
1901,0.756490968709
1902,0.498984525381
1903,0.94090713955
1904,0.882087398017
1905,0.457540373221
1906,0.307066892123
1907,0.909276043886
1908,0.910282601731
1909,0.820807535053
1910,0.405248554344
1911,0.549701560194
1912,0.310638423573
1913,0.508580004814
1914,0.567021272052
1915,0.184062692964
1916,0.514088548437
1917,0.524173764961
1918,0.483574733906
1919,0.24334444032
1920,0.38488382028
1921,0.0845942802408
1922,0.764237448647
1923,0.589851700766
1924,0.439435925673
1925,0.889643250661
1926,0.231748329982
1927,0.084724437356
1928,0.340081064266
1929,0.319562413959
1930,0.799566248821
1931,0.115478353327
1932,0.474662677832
1933,0.0690030742205
1934,0.290648600668
1935,0.0783338649654
1936,0.938503099146
1937,0.157385095663
1938,0.492941228821
1939,0.590853756965
1940,0.126257726001
1941,0.370486394242
1942,0.90472122337
1943,0.464341646414
1944,0.846514440414
1945,0.804766843983
1946,0.210533118727
1947,0.119080289401
1948,0.200802747977
1949,0.269141844667
1950,0.930812132461
1951,0.255670788227
1952,0.408980337634
1953,0.5153562513
1954,0.348849975317
1955,0.378785188845
1956,0.913037389417
1957,0.715128585029
1958,0.8512241283
1959,0.639562915766
1960,0.10637869377
1961,0.399619181353
1962,0.773495135299
1963,0.912966552543
1964,0.43627264303
1965,0.881535029257
1966,0.402488404256
1967,0.35584839074
1968,0.714813939244
1969,0.680099232557
1970,0.139146857042
1971,0.884561855706
1972,0.693127706817
1973,0.814951385805
1974,0.912123048641
1975,0.254232229124
1976,0.749020586859
1977,0.687938176624
1978,0.790515001047
1979,0.890901820154
1980,0.404978667409
1981,0.941412190055
1982,0.701780518087
1983,0.86083294543
1984,0.827888948215
1985,0.394685525187
1986,0.792470167462
1987,0.895337477411
1988,0.730228627809
1989,0.83800702544
1990,0.904059154893
1991,0.374627695171
1992,0.428888503093
1993,0.690076886781
1994,0.853294568012
1995,0.623921086575
1996,0.389979884246
1997,0.794991858099
1998,0.613955715948
1999,0.487397408348
2000,0.900011409717
2001,0.0952601516417
2002,0.820782116517
2003,0.665910647485
2004,0.338949312902
2005,0.33581617155
2006,0.256027398866
2007,0.492260587998
2008,0.579956759964
2009,0.528387585812
2010,0.0780634920635
2011,0.825210770595
2012,0.741346767274
2013,0.892947761058
2014,0.879246620951
2015,0.730804087751
2016,0.751999562877
2017,0.839803134227
2018,0.543466783652
2019,0.141659509446
2020,0.833140399806
2021,0.394099963067
2022,0.710764744043
2023,0.425141183507
2024,0.483061265764
2025,0.541040518833
2026,0.870936928976
2027,0.52171256747
2028,0.85710605549
2029,0.446531856302
2030,0.704107047258
2031,0.810570438828
2032,0.790714338587
2033,0.427203105342
2034,0.0720317460317
2035,0.776730724066
2036,0.576827697262
2037,0.235326273385
2038,0.489525983892
2039,0.580027770758
2040,0.187286397813
2041,0.848711397247
2042,0.751408022016
2043,0.433052644047
2044,0.639516891725
2045,0.940370523388
2046,0.799464577045
2047,0.788095778489
2048,0.730182194844
2049,0.525591210077
2050,0.910057461634
2051,0.828857989063
2052,0.858833328217
2053,0.620633996057
2054,0.917412190055
2055,0.0506782106782
2056,0.729220858178
2057,0.575100187572
2058,0.839800523316
2059,0.447475061171
2060,0.186572426364
2061,0.36651770855
2062,0.230175525019
2063,0.168424795539
2064,0.439063556627
2065,0.0931177290143
2066,0.0897510442774
2067,0.41846644774
2068,0.116733937116
2069,0.522014690837
2070,0.900269216199
2071,0.259334447229
2072,0.146623186755
2073,0.324996829194
2074,0.510142760757
2075,0.70669692145
2076,0.583844013533
2077,0.87387023705
2078,0.503709217518
2079,0.541727763594
2080,0.283352377981
2081,0.511343082532
2082,0.422891616962
2083,0.867998784086
2084,0.307752396491
2085,0.490561879006
2086,0.317026057693
2087,0.85966666155
2088,0.596812049226
2089,0.553548751465
2090,0.635735325346
2091,0.47828873123
2092,0.804093184309
2093,0.489311682187
2094,0.891312239094
2095,0.785741919625
2096,0.238560695176
2097,0.552291745767
2098,0.240068362193
2099,0.671327934209
2100,0.232093285613
2101,0.774118038765
2102,0.834895928121
2103,0.504766293754
2104,0.894517955163
2105,0.507391653852
2106,0.656737246529
2107,0.657333218311
2108,0.706959664035
2109,0.444528889007
2110,0.470446200689
2111,0.564666837819
2112,0.472287037398
2113,0.0621913685729
2114,0.442457355057
2115,0.530517227538
2116,0.924337477411
2117,0.258404319998
2118,0.651805193604
2119,0.293644832621
2120,0.32462573182
2121,0.643869933974
2122,0.481958614732
2123,0.756144582245
2124,0.422687326023
2125,0.506156430059
2126,0.574249475482
2127,0.283073945982
2128,0.93186236488
2129,0.100266232115
2130,0.800457385203
2131,0.905149794799
2132,0.41324373167
2133,0.651137933039
2134,0.0749484126984
2135,0.306077835812
2136,0.614649976893
2137,0.294096979933
2138,0.913254731529
2139,0.208401695527
2140,0.918762890037
2141,0.574335461926
2142,0.701327151779
2143,0.48496101388
2144,0.52723188313
2145,0.564191156088
2146,0.390630393369
2147,0.306822689526
2148,0.916123048641
2149,0.863506869871
2150,0.740970963513
2151,0.619127008543
2152,0.339932359307
2153,0.222021809712
2154,0.502991963565
2155,0.771478709481
2156,0.198975431002
2157,0.148024871137
2158,0.463858930924
2159,0.0670550222724
2160,0.645951854164
2161,0.918762890037
2162,0.31990716783
2163,0.737335277545
2164,0.590505429675
2165,0.118365202111
2166,0.557314685031
2167,0.680522129988
2168,0.521824545546
2169,0.177679064418
2170,0.590660602838
2171,0.882249029346
2172,0.48497405434
2173,0.529944497851
2174,0.502402597403
2175,0.441701191482
2176,0.637330020463
2177,0.918722213365
2178,0.598484325091
2179,0.756157514427
2180,0.198845189959
2181,0.661545761385
2182,0.821027669262
2183,0.398949599377
2184,0.645354698066
2185,0.782157414247
2186,0.891379731529
2187,0.808734267012
2188,0.224505766187
2189,0.9120286525
2190,0.538355487722
2191,0.186663810952
2192,0.300980361551
2193,0.215481276773
2194,0.247682361115
2195,0.125526847422
2196,0.276816322088
2197,0.201119047619
2198,0.728504784026
2199,0.517818147626
2200,0.471837191203
2201,0.676794942087
2202,0.232891500564
2203,0.567989705024
2204,0.0934727538543
2205,0.810167989582
2206,0.658928220708
2207,0.505324289529
2208,0.0831428571429
2209,0.920834969528
2210,0.621562077879
2211,0.566424116716
2212,0.396808888575
2213,0.340301083324
2214,0.485095255668
2215,0.103408008658
2216,0.922722213365
2217,0.57594514372
2218,0.620312535919
2219,0.469523971795
2220,0.470870231821
2221,0.843132021387
2222,0.571706818762
2223,0.889560991989
2224,0.39557496087
2225,0.497542448494
2226,0.488216000723
2227,0.208341394238
2228,0.716375522269
2229,0.891016163133
2230,0.530321235911
2231,0.580425140953
2232,0.789378607038
2233,0.715757447468
2234,0.895351288496
2235,0.293674109516
2236,0.309547907015
2237,0.499256958255
2238,0.39262987013
2239,0.30331962482
2240,0.633556804672
2241,0.669141012825
2242,0.902779086484
2243,0.431548997257
2244,0.919999966686
2245,0.561859783016
2246,0.492121671481
2247,0.490727761909
2248,0.720701067509
2249,0.245213952775
2250,0.0991782106782
2251,0.479923106251
2252,0.653567361319
2253,0.912718115367
2254,0.681592145435
2255,0.0864359383307
2256,0.489099574321
2257,0.78518799869
2258,0.5696836124
2259,0.844755506662
2260,0.785836804002
2261,0.720406748572
2262,0.216689063477
2263,0.323550505051
2264,0.747612288363
2265,0.409752884331
2266,0.408886104837
2267,0.736780078144
2268,0.0931177290143
2269,0.617055336048
2270,0.382869865252
2271,0.326033560102
2272,0.446977919106
2273,0.870859905033
2274,0.941412190055
2275,0.24179521721
2276,0.382384901408
2277,0.898464692545
2278,0.487942771148
2279,0.122131427052
2280,0.924939649849
2281,0.539371047953
2282,0.466937425497
2283,0.923252137349
2284,0.213650531293
2285,0.344713804714
2286,0.350967686701
2287,0.656659030058
2288,0.895813177393
2289,0.59212330306
2290,0.91588166933
2291,0.45546707179
2292,0.871381481869
2293,0.0911696770662
2294,0.295166572558
2295,0.921737419818
2296,0.479694252685
2297,0.900950814124
2298,0.575800474214
2299,0.789864810512
2300,0.333040993459
2301,0.344935840742
2302,0.91524656832
2303,0.725718387064
2304,0.824906417054
2305,0.885639942333
2306,0.53058974167
2307,0.801470377009
2308,0.926790760239
2309,0.231474465148
2310,0.611282723955
2311,0.918204901654
2312,0.436218071117
2313,0.784790999636
2314,0.346044403939
2315,0.302685905014
2316,0.411602209336
2317,0.627246240647
2318,0.838449037223
2319,0.925396386862
2320,0.746347049301
2321,0.791197649736
2322,0.808815039067
2323,0.872250342544
2324,0.543251417221
2325,0.363808862332
2326,0.0896632300448
2327,0.274191311612
2328,0.783797621221
2329,0.703895016777
2330,0.779319288158
2331,0.758580184769
2332,0.194721757044
2333,0.537640919567
2334,0.232632850242
2335,0.722999562877
2336,0.664324848391
2337,0.436832861098
2338,0.829486028307
2339,0.739801884212
2340,0.473576450459
2341,0.237899429073
2342,0.852939154989
2343,0.778060915994
2344,0.804413388708
2345,0.907853799128
2346,0.768869889436
2347,0.157810600026
2348,0.136139214728
2349,0.472809597814
2350,0.711004311419
2351,0.606991897927
2352,0.27456187586
2353,0.217423833538
2354,0.923859905033
2355,0.201864532205
2356,0.0853822055138
2357,0.917461432479
2358,0.815998145516
2359,0.136678802435
2360,0.708037163551
2361,0.366828626966
2362,0.356978572502
2363,0.323831273757
2364,0.0802115705931
2365,0.359166502114
2366,0.717208575183
2367,0.544303107416
2368,0.291472135956
2369,0.237131264013
2370,0.199378563099
2371,0.791330750097
2372,0.777496966289
2373,0.696137637902
2374,0.554314919532
2375,0.622336459246
2376,0.526453630932
2377,0.867661879177
2378,0.574404254523
2379,0.875709284826
2380,0.845068111185
2381,0.908337477411
2382,0.0915247019063
2383,0.793486066113
2384,0.445325848055
2385,0.255391825523
2386,0.935230371873
2387,0.149912317024
2388,0.714012646749
2389,0.910041723214
2390,0.398323946724
2391,0.630611254521
2392,0.144791923815
2393,0.828163428846
2394,0.868530127255
2395,0.367875013031
2396,0.305382578234
2397,0.554493499574
2398,0.360292312358
2399,0.335633506939
2400,0.932044455694
2401,0.921412190055
2402,0.908358849633
2403,0.209897540863
2404,0.207413668256
2405,0.780735416589
2406,0.580323818022
2407,0.216272614006
2408,0.851695245897
2409,0.344722849614
2410,0.459632044766
2411,0.324762087614
2412,0.807117492575
2413,0.719145696015
2414,0.237163999169
2415,0.455212568229
2416,0.914434607209
2417,0.449180555103
2418,0.870042319876
2419,0.433342381928
2420,0.636587188589
2421,0.497259591254
2422,0.75616805392
2423,0.259788945217
2424,0.795598849927
2425,0.8422028348
2426,0.698721364137
2427,0.0825250626566
2428,0.619667295071
2429,0.809148130051
2430,0.439979516014
2431,0.549332220635
2432,0.250712301587
2433,0.443417888732
2434,0.730905724308
2435,0.671307160581
2436,0.895017622559
2437,0.542110069023
2438,0.701743493263
2439,0.316176140285
2440,0.446145987219
2441,0.0506782106782
2442,0.893647500721
2443,0.265274278848
2444,0.228427362893
2445,0.900386719835
2446,0.505041878411
2447,0.739517982784
2448,0.612373939559
2449,0.670043706779
2450,0.875064924904
2451,0.52856320448
2452,0.108082763728
2453,0.17895862763
2454,0.882056434169
2455,0.243314007185
2456,0.376649008886
2457,0.805314831086
2458,0.126120803235
2459,0.947821966071
2460,0.886307033815
2461,0.789903557493
2462,0.202750662889
2463,0.866520582377
2464,0.661060328513
2465,0.335305730112
2466,0.887589388251
2467,0.101705391352
2468,0.75075910952
2469,0.384612652971
2470,0.0960343956809
2471,0.873200499363
2472,0.879070869733
2473,0.848071060274
2474,0.146455668156
2475,0.2793662051
2476,0.20824420366
2477,0.593473723761
2478,0.861602888399
2479,0.600447374599
2480,0.244512555681
2481,0.359983902444
2482,0.842740717039
2483,0.430205537068
2484,0.873556536543
2485,0.215136676251
2486,0.692707135226
2487,0.490043292794
2488,0.719028662236
2489,0.774300498089
2490,0.0587985114301
2491,0.859232934775
2492,0.518653179981
2493,0.362040448011
2494,0.786992785287
2495,0.122551226551
2496,0.904733894722
2497,0.634021464304
2498,0.793597903291
2499,0.680028831551
2500,0.490897382949
2501,0.304190505496
2502,0.220747532534
2503,0.591873421401
2504,0.593484143574
2505,0.124458716235
2506,0.697451277806
2507,0.42117965368
2508,0.465920738936
2509,0.469991778552
2510,0.766002033074
2511,0.813987520129
2512,0.601002648057
2513,0.711918652744
2514,0.312205713972
2515,0.824880606889
2516,0.929317389412
2517,0.681933033736
2518,0.950928500523
2519,0.700982047458
2520,0.819837519033
2521,0.172437343358
2522,0.10111376076
2523,0.838983392951
2524,0.414087905314
2525,0.457948271535
2526,0.41894923232
2527,0.909987520129
2528,0.778616200212
2529,0.860296854414
2530,0.217004768179
2531,0.622766360491
2532,0.329673115555
2533,0.226259200942
2534,0.918082277224
2535,0.880808394078
2536,0.756054642801
2537,0.0948010540184
2538,0.20802492342
2539,0.860120572362
2540,0.283884199134
2541,0.0802115705931
2542,0.757924095021
2543,0.863405721995
2544,0.628951440118
2545,0.876312407885
2546,0.573105349163
2547,0.289945079679
2548,0.359124763037
2549,0.550045090099
2550,0.870631089623
2551,0.881516822711
2552,0.463276317827
2553,0.830671097006
2554,0.740611537903
2555,0.788848395951
2556,0.86314358345
2557,0.306093700985
2558,0.0621913685729
2559,0.388903929332
2560,0.830152048304
2561,0.83060447757
2562,0.728229086923
2563,0.373673704463
2564,0.817544488197
2565,0.174320612962
2566,0.253327732264
2567,0.305217254288
2568,0.432241658301
2569,0.922825139009
2570,0.419666303115
2571,0.882490693067
2572,0.78571915824
2573,0.786227625032
2574,0.210707939387
2575,0.908019339942
2576,0.523718902374
2577,0.864038977292
2578,0.400390536661
2579,0.118537711381
2580,0.255717805706
2581,0.325327369664
2582,0.519220558693
2583,0.506885511003
2584,0.490959046582
2585,0.54419699215
2586,0.844426642275
2587,0.290079563864
2588,0.452415133719
2589,0.711096693285
2590,0.91206778447
2591,0.0591446208113
2592,0.259040031272
2593,0.889157961604
2594,0.441054060991
2595,0.482284330002
2596,0.158994053285
2597,0.0742239858907
2598,0.353334637902
2599,0.62116742826
2600,0.238811616196
2601,0.510375960085
2602,0.816626582858
2603,0.792798383645
2604,0.6435468722
2605,0.288153138871
2606,0.191513346131
2607,0.774349128511
2608,0.271960152631
2609,0.110363822662
2610,0.290617328018
2611,0.585576050516
2612,0.930367253705
2613,0.224325183156
2614,0.74641917181
2615,0.52414346689
2616,0.561702306295
2617,0.533341827394
2618,0.395178118178
2619,0.863631054918
2620,0.516144378547
2621,0.932959846297
2622,0.493837524455
2623,0.76293556168
2624,0.895347174549
2625,0.461555540188
2626,0.140799426274
2627,0.688520878329
2628,0.617997606258
2629,0.14302089074
2630,0.427949697911
2631,0.357872464894
2632,0.199639477924
2633,0.192323070561
2634,0.16125915667
2635,0.901344923678
2636,0.362455603173
2637,0.523465186321
2638,0.757880941498
2639,0.682562113734
2640,0.253951716947
2641,0.135915627582
2642,0.302816761332
2643,0.166438008322
2644,0.380163458456
2645,0.403907022929
2646,0.632277480631
2647,0.146649695948
2648,0.375502948615
2649,0.156886987282
2650,0.0980548772215
2651,0.840954772867
2652,0.751146243752
2653,0.0825782047712
2654,0.908545240187
2655,0.42358000822
2656,0.918425502436
2657,0.159594417832
2658,0.558561532244
2659,0.902126512964
2660,0.721406671706
2661,0.508060190296
2662,0.290194481762
2663,0.917799284217
2664,0.745778748295
2665,0.844375483564
2666,0.558818093542
2667,0.454641370421
2668,0.890136780886
2669,0.910428412848
2670,0.765756972278
2671,0.224510179526
2672,0.557104354319
2673,0.577225765881
2674,0.735480165933
2675,0.67762709398
2676,0.419261143387
2677,0.613362963185
2678,0.254567327852
2679,0.750823850026
2680,0.213505132727
2681,0.149404738874
2682,0.210723394008
2683,0.151744195529
2684,0.83619002462
2685,0.881410264196
2686,0.163109225407
2687,0.372795628797
2688,0.253171176139
2689,0.708879482534
2690,0.60159701363
2691,0.786590574777
2692,0.355273201288
2693,0.783334933685
2694,0.29561508163
2695,0.605155024663
2696,0.527637217855
2697,0.518000697453
2698,0.091800657585
2699,0.794744189871
2700,0.161681976256
2701,0.890131477982
2702,0.89957050938
2703,0.948470615218
2704,0.123791341569
2705,0.726644314783
2706,0.792923139125
2707,0.475737654422
2708,0.58631944985
2709,0.132178288621
2710,0.711997835498
2711,0.238046849884
2712,0.945577061995
2713,0.325777612548
2714,0.24753054775
2715,0.445701104769
2716,0.825987980997
2717,0.857801956156
2718,0.294937471671
2719,0.534109919066
2720,0.519591702811
2721,0.679269069048
2722,0.270391921062
2723,0.281011600821
2724,0.443862767467
2725,0.314412182881
2726,0.325266057815
2727,0.794251395947
2728,0.544849860549
2729,0.768550653536
2730,0.858814898762
2731,0.742246291232
2732,0.866709455467
2733,0.826575055255
2734,0.264231093573
2735,0.668382322187
2736,0.184152282568
2737,0.26821419463
2738,0.437274447774
2739,0.266952228237
2740,0.598831078076
2741,0.313944706493
2742,0.896151273639
2743,0.681513032221
2744,0.916600795742
2745,0.157631797101
2746,0.512300201599
2747,0.35288766158
2748,0.750603339624
2749,0.508132613063
2750,0.637402261817
2751,0.765043783984
2752,0.855903331974
2753,0.627152206673
2754,0.660344291163
2755,0.200037054204
2756,0.872145093694
2757,0.35849383948
2758,0.612987173857
2759,0.40346128523
2760,0.68415181894
2761,0.754600502557
2762,0.366733324397
2763,0.607225939583
2764,0.35833207368
2765,0.341033560918
2766,0.588007646982
2767,0.80163790264
2768,0.710373829555
2769,0.869587223749
2770,0.263847673924
2771,0.745014732319
2772,0.443840753111
2773,0.544120690565
2774,0.378848131697
2775,0.180239841857
2776,0.872588338353
2777,0.10561287478
2778,0.270892586945
2779,0.1606509074
2780,0.401310938494
2781,0.714112074985
2782,0.833099560042
2783,0.148911421911
2784,0.142273892774
2785,0.491297587279
2786,0.234560453345
2787,0.337132460132
2788,0.940692749765
2789,0.28936952064
2790,0.900278738767
2791,0.282667179455
2792,0.839195424497
2793,0.548270171317
2794,0.255499458278
2795,0.29947025324
2796,0.641383043687
2797,0.265875083258
2798,0.254405257123
2799,0.815283327742
2800,0.886622078103
2801,0.69713017346
2802,0.601915822891
2803,0.57664400334
2804,0.271358981328
2805,0.130739774024
2806,0.190449724426
2807,0.562155954689
2808,0.88120360306
2809,0.403606583426
2810,0.367311119222
2811,0.437571277457
2812,0.790016527856
2813,0.342971563691
2814,0.292236555204
2815,0.640164009363
2816,0.461441633385
2817,0.882436801015
2818,0.763234931869
2819,0.91347827714
2820,0.427892583728
2821,0.650109424858
2822,0.904298144648
2823,0.416338531839
2824,0.310682480875
2825,0.101508259924
2826,0.607479187012
2827,0.749087348605
2828,0.553622745208
2829,0.263704525927
2830,0.746824926822
2831,0.541463685268
2832,0.526485290072
2833,0.806363841544
2834,0.623372859757
2835,0.821526594364
2836,0.351401114635
2837,0.175433371849
2838,0.245119745115
2839,0.857063035253
2840,0.146339035855
2841,0.505341065198
2842,0.24530187242
2843,0.769501473744
2844,0.345428375549
2845,0.728418009708
2846,0.731825616915
2847,0.958470615218
2848,0.868811801015
2849,0.581636061053
2850,0.620456597046
2851,0.479419681148
2852,0.549779389077
2853,0.329645173982
2854,0.55071040071
2855,0.229188770077
2856,0.30962575401
2857,0.183745000823
2858,0.718996994515
2859,0.093348086764
2860,0.761645981736
2861,0.431284875998
2862,0.338809312181
2863,0.538447125804
2864,0.064407778706
2865,0.158034945202
2866,0.294617916028
2867,0.888465273338
2868,0.904084811592
2869,0.875050040321
2870,0.562659162814
2871,0.399814540532
2872,0.541678214935
2873,0.582854876031
2874,0.665511436771
2875,0.41299306571
2876,0.88695343605
2877,0.125365611723
2878,0.3617300719
2879,0.857797721585
2880,0.311518618636
2881,0.0849103256946
2882,0.298949323412
2883,0.503197577324
2884,0.24448066734
2885,0.410193719534
2886,0.925303500523
2887,0.633471186462
2888,0.827989927846
2889,0.595820162125
2890,0.140601482663
2891,0.71885442394
2892,0.189926127775
2893,0.958470615218
2894,0.341484481702
2895,0.872268470845
2896,0.894311610474
2897,0.784286952664
2898,0.313767342049
2899,0.412827592147
2900,0.0894290422722
2901,0.830116661076
2902,0.563852180797
2903,0.923470615218
2904,0.410988410644
2905,0.294655559118
2906,0.958470615218
2907,0.672745609372
2908,0.920959846297
2909,0.0657412594667
2910,0.486252691286
2911,0.185705780221
2912,0.219420630205
2913,0.652306327315
2914,0.504248989968
2915,0.371015422106
2916,0.153150306961
2917,0.841618597529
2918,0.10919921661
2919,0.0961431778098
2920,0.76980910533
2921,0.387672911361
2922,0.44676876904
2923,0.517924013439
2924,0.28406063997
2925,0.422236097236
2926,0.480022166196
2927,0.767533299607
2928,0.352745417965
2929,0.205490367562
2930,0.66251230822
2931,0.321759436759
2932,0.607078587325
2933,0.356184707057
2934,0.324028549543
2935,0.767582183895
2936,0.84740114424
2937,0.565048237018
2938,0.933651774639
2939,0.358504553168
2940,0.602034363636
2941,0.466403745208
2942,0.665411026172
2943,0.162517023599
2944,0.36268830801
2945,0.237184712022
2946,0.71717093839
2947,0.0976830105261
2948,0.891584811592
2949,0.282212477049
2950,0.264218890886
2951,0.404174391236
2952,0.676651386456
2953,0.530513389378
2954,0.133693270992
2955,0.602906144558
2956,0.878396822434
2957,0.326697036709
2958,0.368256942846
2959,0.678212470802
2960,0.26168294518
2961,0.804845447983
2962,0.586333909324
2963,0.388033700046
2964,0.405381729133
2965,0.672271479715
2966,0.451200274215
2967,0.888949523102
2968,0.71292882691
2969,0.649212264054
2970,0.917853311845
2971,0.457816595219
2972,0.688976302281
2973,0.729438754884
2974,0.17716093084
2975,0.853506881651
2976,0.243073562145
2977,0.833400183738
2978,0.600459332599
2979,0.693726438275
2980,0.128698070114
2981,0.470857627879
2982,0.202143654278
2983,0.60413836324
2984,0.0710744453727
2985,0.152213993296
2986,0.921848735186
2987,0.231769676068
2988,0.176389508774
2989,0.263792369577
2990,0.136570707796
2991,0.930367253705
2992,0.365693654595
2993,0.434406472204
2994,0.853008516922
2995,0.231306040117
2996,0.368021831896
2997,0.728916767978
2998,0.429579328206
2999,0.789594806337
3000,0.31742803006
3001,0.239856246431
3002,0.403002475785
3003,0.773569513085
3004,0.317417857117
3005,0.828134853957
3006,0.819830767562
3007,0.490785065642
3008,0.212076194589
3009,0.573324070253
3010,0.576710561982
3011,0.861084285628
3012,0.768924971523
3013,0.867521180292
3014,0.398130422844
3015,0.498334038408
3016,0.234345949597
3017,0.353313037995
3018,0.322056833327
3019,0.0591446208113
3020,0.555568289409
3021,0.263703590368
3022,0.844779479561
3023,0.862967915012
3024,0.856346816428
3025,0.903334294322
3026,0.86723706766
3027,0.615345534581
3028,0.393049327616
3029,0.110705239931
3030,0.762132359766
3031,0.781696346089
3032,0.575640654249
3033,0.858655634013
3034,0.835303991369
3035,0.138228340146
3036,0.15534401676
3037,0.308396011333
3038,0.392777903668
3039,0.878238094812
3040,0.685697172393
3041,0.875076107148
3042,0.524145097508
3043,0.484344782897
3044,0.891806620491
3045,0.341256014771
3046,0.549520016553
3047,0.149540874884
3048,0.41765259827
3049,0.326455699568
3050,0.693695828125
3051,0.927961302988
3052,0.958470615218
3053,0.824024432435
3054,0.751720920371
3055,0.151198204483
3056,0.791337191559
3057,0.310613098911
3058,0.145397510741
3059,0.796971139723
3060,0.718889250544
3061,0.116705101267
3062,0.225166680523
3063,0.43793541724
3064,0.296816376434
3065,0.662213459688
3066,0.463188580293
3067,0.616738424099
3068,0.532594879144
3069,0.371845558386
3070,0.570704019474
3071,0.709672633035
3072,0.896647443639
3073,0.523151949363
3074,0.163625587041
3075,0.693207099627
3076,0.16208991009
3077,0.114800615144
3078,0.588403965291
3079,0.92224894389
3080,0.202065752035
3081,0.662570084079
3082,0.92526192576
3083,0.329498210906
3084,0.806459641483
3085,0.866528808008
3086,0.308291310675
3087,0.114859820644
3088,0.340563372131
3089,0.907081638654
3090,0.830728166117
3091,0.255936746273
3092,0.521212936822
3093,0.728970689121
3094,0.909705163697
3095,0.82045509708
3096,0.877056185431
3097,0.50738276669
3098,0.82554380673
3099,0.222889516405
3100,0.692014668604
3101,0.836850955795
3102,0.905756693488
3103,0.629942227157
3104,0.688343082765
3105,0.568401043886
3106,0.465885044907
3107,0.104681567525
3108,0.553201306216
3109,0.4564568255
3110,0.921280903269
3111,0.905286755592
3112,0.823942120463
3113,0.0707607824274
3114,0.2571301348
3115,0.355291045508
3116,0.257160805884
3117,0.864346122655
3118,0.810012347254
3119,0.756352120173
3120,0.697636482424
3121,0.467748437468
3122,0.399205050061
3123,0.682162862349
3124,0.807968089864
3125,0.522343366731
3126,0.580204665705
3127,0.695825380702
3128,0.622781767057
3129,0.49130048307
3130,0.904973700481
3131,0.296058883729
3132,0.902568154337
3133,0.356669005891
3134,0.515048447188
3135,0.127167241465
3136,0.372704197779
3137,0.802551925373
3138,0.308156395876
3139,0.234923049307
3140,0.257578521146
3141,0.881929051417
3142,0.865153490816
3143,0.724371498456
3144,0.215756468974
3145,0.335685406798
3146,0.893034471265
3147,0.171298448465
3148,0.349618785014
3149,0.480823384738
3150,0.704567106085
3151,0.683867805889
3152,0.236966652889
3153,0.802190954228
3154,0.39509918684
3155,0.660410533106
3156,0.757090000431
3157,0.912817072219
3158,0.315488764259
3159,0.310025554692
3160,0.189156730297
3161,0.855587862319
3162,0.281074983792
3163,0.411853700355
3164,0.393215267485
3165,0.359821756976
3166,0.194094536765
3167,0.755323151362
3168,0.914371830364
3169,0.927280765699
3170,0.640520728832
3171,0.920459846297
3172,0.884153808008
3173,0.547612730217
3174,0.145192985931
3175,0.37037526027
3176,0.618026027606
3177,0.235125928805
3178,0.191032632173
3179,0.701673946346
3180,0.49469596158
3181,0.766808902617
3182,0.404630393797
3183,0.331093627322
3184,0.612326885249
3185,0.616403173316
3186,0.943586302988
3187,0.448449381529
3188,0.592241323491
3189,0.867384441106
3190,0.866399125408
3191,0.139759037011
3192,0.563459340632
3193,0.750995584203
3194,0.930706278301
3195,0.200950848668
3196,0.715363582555
3197,0.814394870126
3198,0.159212127496
3199,0.195942441727
3200,0.795210526692
3201,0.307149133673
3202,0.713590091825
3203,0.814168059987
3204,0.538868910853
3205,0.126976511143
3206,0.801753921314
3207,0.479403108707
3208,0.77928276432
3209,0.28411470719
3210,0.303998310315
3211,0.769194941716
3212,0.767337137483
3213,0.219013993632
3214,0.495510336346
3215,0.149267800578
3216,0.512250205967
3217,0.365553421673
3218,0.829727568201
3219,0.586184221913
3220,0.760967610288
3221,0.496117590139
3222,0.806378387899
3223,0.572113992625
3224,0.802867878558
3225,0.907399763978
3226,0.688243263304
3227,0.367395716804
3228,0.475858295311
3229,0.86666446986
3230,0.693611909012
3231,0.826455139158
3232,0.603093238946
3233,0.936470615218
3234,0.866973838052
3235,0.416863396635
3236,0.313079573095
3237,0.418441388047
3238,0.839445580285
3239,0.72255527988
3240,0.716221633774
3241,0.887650088403
3242,0.149351243387
3243,0.519055722023
3244,0.904645582377
3245,0.0591446208113
3246,0.161952075368
3247,0.256311285534
3248,0.414994362425
3249,0.750459485445
3250,0.401465908488
3251,0.813205965891
3252,0.102923609281
3253,0.309851777033
3254,0.286635206376
3255,0.340872210113
3256,0.364902986231
3257,0.401145133278
3258,0.119517278769
3259,0.789263075994
3260,0.284233346502
3261,0.83373221974
3262,0.064407778706
3263,0.883767331276
3264,0.645373763159
3265,0.320188812823
3266,0.914914733515
3267,0.745716269315
3268,0.235733590618
3269,0.734198366033
3270,0.272153215502
3271,0.915417731602
3272,0.44431488623
3273,0.242856091149
3274,0.640224369029
3275,0.82626195734
3276,0.291573683954
3277,0.343523368741
3278,0.928387437721
3279,0.924052989784
3280,0.169283786248
3281,0.739887279368
3282,0.507832868418
3283,0.262493938127
3284,0.776584537845
3285,0.937821966071
3286,0.720578045532
3287,0.141420543719
3288,0.231986890599
3289,0.787090584606
3290,0.707443423082
3291,0.184875802343
3292,0.382889297964
3293,0.928729235908
3294,0.372669867774
3295,0.373862944878
3296,0.220606983022
3297,0.78218546168
3298,0.765652794049
3299,0.37469462636
3300,0.514809953724
3301,0.408176332014
3302,0.145306270479
3303,0.310616917027
3304,0.757699084128
3305,0.452091054506
3306,0.515792504597
3307,0.138490967848
3308,0.137877014626
3309,0.519123459525
3310,0.502576533911
3311,0.861603467681
3312,0.8287603951
3313,0.5430826058
3314,0.693518556369
3315,0.064407778706
3316,0.803870506896
3317,0.61633520465
3318,0.3485654243
3319,0.732521518822
3320,0.146312344003
3321,0.780649779461
3322,0.85031703843
3323,0.268163877959
3324,0.867979679201
3325,0.43814725328
3326,0.770343220748
3327,0.630721187669
3328,0.343408051386
3329,0.730554628325
3330,0.238954051624
3331,0.783883261133
3332,0.58641472507
3333,0.750682441712
3334,0.447396954386
3335,0.308374789676
3336,0.629448476879
3337,0.157049945334
3338,0.536210961381
3339,0.874891320619
3340,0.814716497254
3341,0.800562938853
3342,0.136485285822
3343,0.958470615218
3344,0.331981108896
3345,0.247231798668
3346,0.748428094527
3347,0.856209100257
3348,0.142498526967
3349,0.34482243861
3350,0.186294785461
3351,0.86810680168
3352,0.863219300325
3353,0.502000873224
3354,0.269588650438
3355,0.694993375626
3356,0.209679724123
3357,0.314906755624
3358,0.909570957408
3359,0.449620522195
3360,0.833081979082
3361,0.929478364816
3362,0.296777993912
3363,0.82797891571
3364,0.52990738333
3365,0.683759635647
3366,0.570337714359
3367,0.553037204342
3368,0.938609659943
3369,0.862767969846
3370,0.917498548832
3371,0.87335327714
3372,0.92276288575
3373,0.814875497271
3374,0.278573655767
3375,0.850002597305
3376,0.667176418843
3377,0.747681566799
3378,0.135772879893
3379,0.569880241239
3380,0.571527895186
3381,0.075811287478
3382,0.326936771636
3383,0.226155970672
3384,0.719158726019
3385,0.442486831258
3386,0.808988204311
3387,0.145857331707
3388,0.886311776049
3389,0.590301437354
3390,0.441105995645
3391,0.073546689331
3392,0.763431955618
3393,0.621144661347
3394,0.250877451766
3395,0.247103638988
3396,0.31430064215
3397,0.760190430426
3398,0.165587344754
3399,0.460739059791
3400,0.827786493682
3401,0.338065687933
3402,0.264173107241
3403,0.73762413048
3404,0.503206334728
3405,0.883034471265
3406,0.696564600378
3407,0.689548485029
3408,0.290528518879
3409,0.649156068958
3410,0.684174407014
3411,0.825658544424
3412,0.253876264376
3413,0.58811848322
3414,0.779439484697
3415,0.742399635631
3416,0.312080585552
3417,0.75215625797
3418,0.782624474133
3419,0.13089264025
3420,0.939498548832
3421,0.0810744453727
3422,0.135451229236
3423,0.688641885453
3424,0.247114608885
3425,0.34328009595
3426,0.335799601419
3427,0.913003125491
3428,0.662736173903
3429,0.706664193372
3430,0.908459846297
3431,0.479613238264
3432,0.532279524775
3433,0.462444131742
3434,0.39152772193
3435,0.330568216539
3436,0.645493681901
3437,0.80995450956
3438,0.509012126414
3439,0.531711917953
3440,0.92159863124
3441,0.147260932604
3442,0.713134632771
3443,0.842368148598
3444,0.720036190531
3445,0.620336701141
3446,0.418775224761
3447,0.705314316119
3448,0.927233812567
3449,0.609851769785
3450,0.740142168892
3451,0.23647013914
3452,0.416149780387
3453,0.89573759911
3454,0.235956133179
3455,0.772723490667
3456,0.803814050636
3457,0.645584217497
3458,0.209337404647
3459,0.918206278301
3460,0.886663659183
3461,0.918729235908
3462,0.926109659943
3463,0.194848232015
3464,0.0710044173615
3465,0.478868588381
3466,0.141709040052
3467,0.727942035302
3468,0.152359846036
3469,0.894520454546
3470,0.867360423966
3471,0.840642832275
3472,0.916340985589
3473,0.934433077182
3474,0.454015516012
3475,0.918261746181
3476,0.574813557618
3477,0.784705736778
3478,0.433173581141
3479,0.791478501115
3480,0.258938137958
3481,0.64223596854
3482,0.0789312084926
3483,0.602385108302
3484,0.24939491291
3485,0.246213298226
3486,0.518176031032
3487,0.79666463092
3488,0.601221967847
3489,0.0650269737525
3490,0.572145497417
3491,0.374151031865
3492,0.762103547808
3493,0.858297676825
3494,0.406333720795
3495,0.697487756192
3496,0.185017449099
3497,0.302436319659
3498,0.142964261439
3499,0.236207520197
3500,0.432676297676
3501,0.26893337525
3502,0.463990008043
3503,0.452332355965
3504,0.484776271537
3505,0.877923413125
3506,0.423941890051
3507,0.255753833533
3508,0.221985834515
3509,0.584627502932
3510,0.356205798228
3511,0.832529999349
3512,0.768569915756
3513,0.106125864542
3514,0.774312824152
3515,0.248357182606
3516,0.892145582377
3517,0.0995429138412
3518,0.76346785417
3519,0.716249307332
3520,0.159944359562
3521,0.197296405132
3522,0.719140571656
3523,0.791774730344
3524,0.696941574166
3525,0.54099680044
3526,0.946151774639
3527,0.870011536246
3528,0.466291643393
3529,0.211479413422
3530,0.835986608382
3531,0.901007116551
3532,0.852420557083
3533,0.387931423649
3534,0.936151774639
3535,0.912423413125
3536,0.764635585901
3537,0.212196140562
3538,0.847247751124
3539,0.485296680243
3540,0.841716706987
3541,0.844038441615
3542,0.552165427165
3543,0.941817389412
3544,0.24142722266
3545,0.153134332577
3546,0.807647611497
3547,0.778455326554
3548,0.428835245397
3549,0.366255181755
3550,0.832412204324
3551,0.219038241173
3552,0.494377022792
3553,0.549880865103
3554,0.734072642192
3555,0.802658384667
3556,0.810639277118
3557,0.617491418646
3558,0.174176576014
3559,0.476382137791
3560,0.217736236915
3561,0.22111835069
3562,0.361153816922
3563,0.920980030314
3564,0.512151242427
3565,0.63133515281
3566,0.921848735186
3567,0.282112260782
3568,0.345291500864
3569,0.228385969103
3570,0.397144108963
3571,0.174068102043
3572,0.719382948754
3573,0.149801823086
3574,0.435396483803
3575,0.455808959876
3576,0.721435424951
3577,0.783056876674
3578,0.42928025678
3579,0.307971291553
3580,0.26927574441
3581,0.266352613102
3582,0.78514369816
3583,0.347665398679
3584,0.828631937487
3585,0.850881220494
3586,0.89989600544
3587,0.550130285428
3588,0.938169654588
3589,0.398850124365
3590,0.664949145224
3591,0.420732058051
3592,0.754714434619
3593,0.759323944255
3594,0.875932224356
3595,0.652600066552
3596,0.2656070203
3597,0.182068557033
3598,0.481161495749
3599,0.766019291658
3600,0.829534386383
3601,0.876267331276
3602,0.734209465706
3603,0.559303159039
3604,0.208091229758
3605,0.128503727888
3606,0.216012997192
3607,0.198270339119
3608,0.882965220367
3609,0.594785739173
3610,0.471279927802
3611,0.386891219178
3612,0.689496412102
3613,0.470412728552
3614,0.115128138498
3615,0.884111985505
3616,0.111164251507
3617,0.376211797779
3618,0.410463613681
3619,0.756407857139
3620,0.6842957976
3621,0.6210642136
3622,0.0984499250702
3623,0.842860793833
3624,0.229160430827
3625,0.458361140724
3626,0.328909294346
3627,0.530808239232
3628,0.803594972221
3629,0.541355644356
3630,0.380497690049
3631,0.799150074551
3632,0.305162382064
3633,0.832398622714
3634,0.746642042297
3635,0.672615199148
3636,0.939498548832
3637,0.893248900433
3638,0.180372266288
3639,0.323710891538
3640,0.910459846297
3641,0.580077425933
3642,0.876383126721
3643,0.478087240257
3644,0.314108714406
3645,0.482485251757
3646,0.913456673359
3647,0.415502303826
3648,0.275863646253
3649,0.29780898808
3650,0.933678895581
3651,0.203662261438
3652,0.644816474186
3653,0.297440567058
3654,0.182296174414
3655,0.904464422956
3656,0.560705754336
3657,0.710602099692
3658,0.531488426532
3659,0.112758490602
3660,0.229352398531
3661,0.337121342543
3662,0.283987553509
3663,0.121723372805
3664,0.673317238447
3665,0.315094290171
3666,0.494859526775
3667,0.598727202749
3668,0.438251292101
3669,0.474905101769
3670,0.775444546982
3671,0.299057781631
3672,0.436580810633
3673,0.764051116139
3674,0.293753829603
3675,0.682452719382
3676,0.280206287043
3677,0.821071569717
3678,0.755530098484
3679,0.681972055852
3680,0.28091374444
3681,0.229563108874
3682,0.482960101347
3683,0.590567022488
3684,0.520031269442
3685,0.20050987275
3686,0.116597877909
3687,0.588037164442
3688,0.515466201736
3689,0.802112615344
3690,0.339251808767
3691,0.234759922043
3692,0.262047857384
3693,0.870534471265
3694,0.919678257011
3695,0.13436557484
3696,0.560400010756
3697,0.918367253705
3698,0.293555246726
3699,0.84955277315
3700,0.674775834133
3701,0.861616862874
3702,0.898838821087
3703,0.549226250896
3704,0.764088157661
3705,0.471316425121
3706,0.118161380282
3707,0.467272913543
3708,0.779528537959
3709,0.193948451916
3710,0.68107494316
3711,0.0876575698506
3712,0.528740924271
3713,0.182286945208
3714,0.736503706918
3715,0.709654812164
3716,0.794296935908
3717,0.195239285018
3718,0.0811104327771
3719,0.689731998654
3720,0.640141168985
3721,0.251432514501
3722,0.923456673359
3723,0.864754528986
3724,0.43523489748
3725,0.597240454979
3726,0.931267462409
3727,0.439744413714
3728,0.171236211711
3729,0.845179634412
3730,0.207204405731
3731,0.200868533003
3732,0.937821966071
3733,0.608900496026
3734,0.221284562569
3735,0.539334833633
3736,0.810873144227
3737,0.160570164881
3738,0.374802659538
3739,0.634681393875
3740,0.715011003992
3741,0.756251266725
3742,0.518074764245
3743,0.475081364275
3744,0.552788287863
3745,0.0784605577124
3746,0.896964388251
3747,0.796183143333
3748,0.499644781916
3749,0.423053201338
3750,0.772037585284
3751,0.150563880564
