MoleculeId,raw_svm-PredictedProbability
1,0.686909128242
2,0.81272969278
3,0.168668157012
4,0.287976305838
5,0.127256327446
6,0.515398004371
7,0.705766879991
8,0.88249289792
9,0.692200295116
10,0.394538716632
11,0.47946745376
12,0.294256185039
13,0.621955427876
14,0.731960125453
15,0.374616399945
16,0.488808105973
17,0.594238049647
18,0.550592566455
19,0.288122726323
20,0.458443122271
21,0.890162130768
22,0.355947666462
23,0.311952783999
24,0.135136241584
25,0.249612422739
26,0.930152778674
27,0.744103315186
28,0.591135875521
29,0.778954023609
30,0.843362212219
31,0.114405299611
32,0.714845737524
33,0.140241545921
34,0.887573366665
35,0.643766933496
36,0.287220395413
37,0.408097187602
38,0.851439489589
39,0.405574301218
40,0.871246739013
41,0.847468953439
42,0.202798377758
43,0.134157673509
44,0.800735005365
45,0.459101882854
46,0.86118375297
47,0.385071036795
48,0.598287218208
49,0.589395841455
50,0.72561596688
51,0.828961559701
52,0.707611253313
53,0.30394836406
54,0.792776617558
55,0.796275280606
56,0.73561210594
57,0.240055406636
58,0.213012994233
59,0.92061612224
60,0.374564062536
61,0.303917064248
62,0.297391936266
63,0.460376040195
64,0.854694905163
65,0.441770945164
66,0.237430996394
67,0.61475768555
68,0.831696825853
69,0.244630724618
70,0.696886495192
71,0.21828771156
72,0.5
73,0.668358470005
74,0.524408115336
75,0.912370906472
76,0.83841515857
77,0.48686124473
78,0.716126995474
79,0.851401716699
80,0.169036136788
81,0.879003740093
82,0.428948380856
83,0.414383799239
84,0.899850804364
85,0.860492760341
86,0.648930838166
87,0.654303084718
88,0.59608341144
89,0.805941199377
90,0.772023340571
91,0.850069637758
92,0.852689032312
93,0.829498719002
94,0.142976381245
95,0.22413091271
96,0.418190326847
97,0.589273260452
98,0.360567444392
99,0.641064654119
100,0.271504856106
101,0.144668399134
102,0.360364135338
103,0.807723456638
104,0.914404654907
105,0.250237263243
106,0.889169892939
107,0.787841684106
108,0.96223670834
109,0.164498179442
110,0.648613020681
111,0.399293003547
112,0.249403299415
113,0.199915287866
114,0.837304375142
115,0.690333162875
116,0.804184211858
117,0.23228646508
118,0.545056212499
119,0.493439054916
120,0.91832356796
121,0.264400322704
122,0.146328570734
123,0.349560529378
124,0.199573601639
125,0.785268787385
126,0.906289553447
127,0.767454478746
128,0.225825865987
129,0.697180478177
130,0.83520038242
131,0.136023769388
132,0.805365598961
133,0.859719794649
134,0.652711222377
135,0.300798039748
136,0.215766112021
137,0.30213332983
138,0.152334141075
139,0.578913348108
140,0.787756940987
141,0.74272991605
142,0.540205614242
143,0.90905796842
144,0.8490382558
145,0.319827253129
146,0.359634809027
147,0.204101056997
148,0.710560262325
149,0.446035768888
150,0.150541677457
151,0.114715617091
152,0.870032191201
153,0.916765909746
154,0.425168991942
155,0.635939960995
156,0.402505818678
157,0.4785835466
158,0.579885182479
159,0.760102319751
160,0.312706404769
161,0.222455937998
162,0.126926272395
163,0.461186264813
164,0.215509496633
165,0.359784074326
166,0.397308390575
167,0.194147779314
168,0.703954385907
169,0.594272166156
170,0.236611755861
171,0.24717991042
172,0.469510125716
173,0.863498608857
174,0.5
175,0.880462687864
176,0.841646146632
177,0.401903448618
178,0.524719250963
179,0.166141528258
180,0.184545153145
181,0.437562614575
182,0.4774778844
183,0.331939734521
184,0.363419661787
185,0.510244576541
186,0.448008249041
187,0.749756594687
188,0.710539411692
189,0.5421263075
190,0.728885585675
191,0.249867379497
192,0.841038989914
193,0.718282939762
194,0.333184147823
195,0.515536343345
196,0.134825453601
197,0.885815471733
198,0.654901349998
199,0.86173355921
200,0.461605664604
201,0.928552924383
202,0.203983830747
203,0.5
204,0.923681699073
205,0.48779051376
206,0.232442561247
207,0.22289995045
208,0.147071043002
209,0.77435875831
210,0.255199844493
211,0.350898652584
212,0.52266313799
213,0.320386196579
214,0.450434687637
215,0.817780835649
216,0.138052697807
217,0.40772031581
218,0.138363205131
219,0.845509857302
220,0.557633348475
221,0.133661467429
222,0.485871268202
223,0.489796328625
224,0.755425735009
225,0.223226107499
226,0.417578201662
227,0.248050883739
228,0.272112976774
229,0.606424097901
230,0.824099291632
231,0.116426087208
232,0.746720556584
233,0.743624103468
234,0.394740002236
235,0.896546233171
236,0.640572704039
237,0.330885697091
238,0.387558936751
239,0.418557943003
240,0.173271008956
241,0.848655772858
242,0.68416536448
243,0.481485947984
244,0.124128932775
245,0.316188908089
246,0.249313036047
247,0.252612551298
248,0.625316057704
249,0.915448057745
250,0.410635361307
251,0.671303974325
252,0.253587516677
253,0.137838946051
254,0.700635705944
255,0.657405976361
256,0.212711751843
257,0.157785574323
258,0.281766520455
259,0.851025174548
260,0.839450780386
261,0.650086013473
262,0.631431200439
263,0.577139259471
264,0.683704310941
265,0.138476269958
266,0.5
267,0.19425468399
268,0.308305385784
269,0.86183662314
270,0.24325153138
271,0.841409650809
272,0.870729944861
273,0.314463858919
274,0.43855317974
275,0.943759200959
276,0.167524361001
277,0.63425635192
278,0.449332220593
279,0.387854137425
280,0.305049322616
281,0.573689304814
282,0.694564768704
283,0.571940451992
284,0.658324234465
285,0.839252323577
286,0.123124261286
287,0.597801595435
288,0.315599659618
289,0.488744617096
290,0.835449504002
291,0.389625901953
292,0.755114475173
293,0.774484764513
294,0.586728501994
295,0.827723788953
296,0.604084156481
297,0.648406945969
298,0.368071746626
299,0.159210104343
300,0.698022957296
301,0.947867873183
302,0.299569737802
303,0.84382174433
304,0.889437675176
305,0.816818520729
306,0.12717201289
307,0.742467130921
308,0.622157687119
309,0.210492671039
310,0.965389218447
311,0.647347635303
312,0.831769756419
313,0.411412678437
314,0.427247798724
315,0.538681136803
316,0.857584262066
317,0.214539101601
318,0.534716587889
319,0.711417407897
320,0.907274848396
321,0.72317039387
322,0.118060639229
323,0.265422185824
324,0.680413420334
325,0.598433086317
326,0.80918717819
327,0.478072539314
328,0.886844731575
329,0.800575182538
330,0.705685774261
331,0.390995692554
332,0.809344277422
333,0.582097479016
334,0.678798472334
335,0.139247048884
336,0.680610914241
337,0.816004445873
338,0.443572512875
339,0.371835954085
340,0.724927402584
341,0.527327152486
342,0.729527496333
343,0.661861772272
344,0.330196125948
345,0.73147031886
346,0.27335152629
347,0.918761549833
348,0.905781380972
349,0.127814375527
350,0.641500420203
351,0.343370723511
352,0.43130663097
353,0.370371379713
354,0.429717923089
355,0.659224838216
356,0.536318849083
357,0.302265601518
358,0.170239285973
359,0.79405257807
360,0.769077758151
361,0.144379823427
362,0.330200157053
363,0.419160536878
364,0.798047827473
365,0.516527023884
366,0.802854144927
367,0.242360338401
368,0.727570123462
369,0.291426021712
370,0.734816966976
371,0.731457517117
372,0.17945448359
373,0.689161963907
374,0.854143391137
375,0.606256641792
376,0.18717419201
377,0.67116073339
378,0.593912333773
379,0.283086540562
380,0.642515255817
381,0.140181834289
382,0.230570248276
383,0.768152179697
384,0.151040049908
385,0.530479052246
386,0.924883483591
387,0.179473870362
388,0.86292757664
389,0.788670579122
390,0.796243364987
391,0.786960749655
392,0.930036347423
393,0.260306629879
394,0.212633865078
395,0.583798714961
396,0.382197127323
397,0.119683448092
398,0.4372041483
399,0.827805267187
400,0.415405915893
401,0.915601732142
402,0.621503984221
403,0.518615601785
404,0.833950480004
405,0.403100516592
406,0.826554295178
407,0.466307549117
408,0.695132068444
409,0.778277599816
410,0.164559903363
411,0.919102559166
412,0.863886412871
413,0.533536878383
414,0.145863649163
415,0.677427339024
416,0.597620409162
417,0.266237031154
418,0.273752427853
419,0.357990349862
420,0.899940211178
421,0.682244786469
422,0.491246265967
423,0.751801952405
424,0.517317765547
425,0.43102977516
426,0.803242438604
427,0.798691437682
428,0.897455266637
429,0.845351628306
430,0.780930021383
431,0.665914201706
432,0.396001213652
433,0.370533023367
434,0.358058101248
435,0.365373232553
436,0.675682051781
437,0.667869501514
438,0.220298658709
439,0.966530730124
440,0.659655672097
441,0.522715429709
442,0.772284044758
443,0.846537748641
444,0.399422702191
445,0.63327413539
446,0.953038689816
447,0.471414296143
448,0.643259892925
449,0.718038300365
450,0.26177831341
451,0.288894681458
452,0.362974111138
453,0.301852964625
454,0.255365231556
455,0.900225368603
456,0.833777457403
457,0.876672519578
458,0.630898444488
459,0.333987657145
460,0.827672735644
461,0.701769326854
462,0.642935308617
463,0.563692263059
464,0.408056960326
465,0.819371892471
466,0.17644771165
467,0.196743994826
468,0.464883426596
469,0.864102214629
470,0.823045689478
471,0.349508391989
472,0.831253856682
473,0.746437502126
474,0.703427968055
475,0.898087028071
476,0.907111841417
477,0.880671656972
478,0.345754964512
479,0.757920996735
480,0.383816332345
481,0.764934611144
482,0.709219451827
483,0.28536745404
484,0.659890512385
485,0.696578820553
486,0.197402100308
487,0.356189205054
488,0.147649179329
489,0.938192056478
490,0.428974988716
491,0.522055706369
492,0.444568858346
493,0.949318594514
494,0.917662613864
495,0.258957770694
496,0.682786791049
497,0.432348311265
498,0.755324108056
499,0.152956855153
500,0.323206695724
501,0.5
502,0.309277407246
503,0.327372297598
504,0.349687511763
505,0.925711260122
506,0.883492390857
507,0.818109695067
508,0.221590091271
509,0.678992904996
510,0.894585381898
511,0.341219698887
512,0.647103061721
513,0.552278944902
514,0.493090134135
515,0.216193610798
516,0.609369237236
517,0.689471806955
518,0.247505326365
519,0.460653556364
520,0.105537568054
521,0.410872444762
522,0.188634611085
523,0.373988713214
524,0.822248018975
525,0.893177364925
526,0.166550047492
527,0.824405300936
528,0.198801413551
529,0.624086924548
530,0.808507857623
531,0.820154388112
532,0.516102152456
533,0.91764996415
534,0.458515315176
535,0.226186360853
536,0.51775383152
537,0.713969914092
538,0.482393403346
539,0.765781911057
540,0.252539583074
541,0.577028274085
542,0.58728461478
543,0.249197892018
544,0.88029477701
545,0.804211073481
546,0.319789794425
547,0.563181069848
548,0.433350218884
549,0.771957080467
550,0.696576545164
551,0.358063590887
552,0.511362694851
553,0.249194905049
554,0.206321821004
555,0.768497806098
556,0.832092757437
557,0.308647016709
558,0.826309133291
559,0.126692095905
560,0.265602306453
561,0.37734085045
562,0.47106371963
563,0.818031342471
564,0.212551347531
565,0.888646073249
566,0.945670985376
567,0.561189651741
568,0.78781559041
569,0.949689786374
570,0.550935489301
571,0.90515439675
572,0.410952974829
573,0.223534999299
574,0.678461414177
575,0.123416711497
576,0.389418018446
577,0.699163087445
578,0.185163915527
579,0.323493691909
580,0.136321344583
581,0.668976829968
582,0.935983730842
583,0.916109733762
584,0.714635680402
585,0.79134506396
586,0.876903186759
587,0.886590374173
588,0.822665386294
589,0.124791369739
590,0.854447561616
591,0.940242359839
592,0.757092705425
593,0.582235200145
594,0.124819812992
595,0.301004926187
596,0.143311971392
597,0.35300892212
598,0.57775772405
599,0.903428794944
600,0.351855243315
601,0.5
602,0.628360003451
603,0.885298734489
604,0.812178195388
605,0.788513299988
606,0.660462323708
607,0.347471376759
608,0.882029374545
609,0.350591119711
610,0.687440209191
611,0.8485924891
612,0.341867508881
613,0.706070300698
614,0.838358695318
615,0.888409445966
616,0.593297623139
617,0.815785492526
618,0.719356536037
619,0.463127793125
620,0.309181455013
621,0.816087126782
622,0.647252177512
623,0.632184383821
624,0.447348742002
625,0.801277858981
626,0.575674877508
627,0.88635702571
628,0.489824698201
629,0.582204751392
630,0.397804169464
631,0.822122085202
632,0.200329772289
633,0.492244919741
634,0.608975800627
635,0.161598504355
636,0.619129567965
637,0.814562447888
638,0.614720055811
639,0.118586772797
640,0.862816373006
641,0.644071009047
642,0.321159935623
643,0.179303291613
644,0.470846955448
645,0.339345805965
646,0.851274115508
647,0.927795525254
648,0.232131258857
649,0.886256357382
650,0.319783270561
651,0.391823743981
652,0.522527791461
653,0.402465874056
654,0.305346848774
655,0.526268608462
656,0.895454718081
657,0.141804967778
658,0.492386641957
659,0.918468693532
660,0.257396763847
661,0.916716449883
662,0.633588955084
663,0.282283464646
664,0.432489235449
665,0.163439192273
666,0.430274406393
667,0.484163689346
668,0.162707432072
669,0.805861602737
670,0.307254128759
671,0.561884276402
672,0.854242557164
673,0.865932908859
674,0.747502842573
675,0.838373304506
676,0.263884411659
677,0.409806897462
678,0.884636288234
679,0.619551319984
680,0.243093109639
681,0.876299416193
682,0.848525045158
683,0.377423454103
684,0.347029831372
685,0.192852130771
686,0.654054059336
687,0.904435562834
688,0.912757445639
689,0.871110368908
690,0.77878456045
691,0.489821039032
692,0.406472632709
693,0.813493134863
694,0.785071797603
695,0.636911094766
696,0.694612102068
697,0.590172437499
698,0.168460391137
699,0.407153210543
700,0.177727406737
701,0.675263653551
702,0.140571728514
703,0.308429997685
704,0.847105627195
705,0.212282645359
706,0.369567177756
707,0.695281271795
708,0.463231827652
709,0.330330563554
710,0.827177262603
711,0.851948545288
712,0.174139174296
713,0.854913571973
714,0.833960654872
715,0.708000853476
716,0.137947121756
717,0.892613520476
718,0.408366652963
719,0.802620585941
720,0.51313127682
721,0.667880318483
722,0.300934535355
723,0.160438903732
724,0.72730732782
725,0.171163587897
726,0.5
727,0.694160251742
728,0.33524103655
729,0.706778907536
730,0.813517877293
731,0.703657242432
732,0.875652443191
733,0.806152294547
734,0.842735735055
735,0.846718321691
736,0.172069498024
737,0.658242674
738,0.455884762667
739,0.875792435863
740,0.839160700339
741,0.336207220728
742,0.132417900733
743,0.272775222871
744,0.918446214776
745,0.714263788191
746,0.396016917349
747,0.175651680222
748,0.252908879085
749,0.138077074421
750,0.205190799775
751,0.701148577047
752,0.6184533959
753,0.886142369093
754,0.838533784226
755,0.18677045035
756,0.391254901926
757,0.884523275747
758,0.763775333059
759,0.844453211002
760,0.210683512372
761,0.252744807949
762,0.713046963003
763,0.843653499457
764,0.320008797577
765,0.85403980625
766,0.861202358554
767,0.181564552945
768,0.625240448327
769,0.267512038753
770,0.340639917292
771,0.699547663927
772,0.31336280676
773,0.813221811534
774,0.852273236394
775,0.767600863514
776,0.777431146271
777,0.253830634127
778,0.224786039965
779,0.365215666437
780,0.600840584306
781,0.838150747273
782,0.719884221365
783,0.5
784,0.684050291482
785,0.367090993216
786,0.458770336132
787,0.581690496242
788,0.126350132791
789,0.839927329022
790,0.791599886745
791,0.627976198225
792,0.221582825775
793,0.219194865501
794,0.666920099811
795,0.661818962752
796,0.851026465583
797,0.340777718365
798,0.899003436249
799,0.293469776756
800,0.53775734952
801,0.8585194792
802,0.204851167447
803,0.540038784059
804,0.826830855244
805,0.701836190629
806,0.817527581071
807,0.270011940183
808,0.255575933383
809,0.392216949924
810,0.617057980703
811,0.522238948033
812,0.715435669029
813,0.824054216615
814,0.837543944271
815,0.675560838041
816,0.253315542709
817,0.277547967021
818,0.769269114833
819,0.637494634348
820,0.275343070708
821,0.751559277451
822,0.828317824518
823,0.464848027248
824,0.652275900904
825,0.298469709304
826,0.767267023091
827,0.374220682527
828,0.594833401644
829,0.804979575646
830,0.353090167914
831,0.627196771572
832,0.583056909237
833,0.371265274562
834,0.158070142419
835,0.109214491786
836,0.814053183115
837,0.486913987546
838,0.226870972418
839,0.755179906575
840,0.487556843077
841,0.877358044677
842,0.729518140206
843,0.60431732394
844,0.572102112739
845,0.295645161332
846,0.138998787298
847,0.582311287691
848,0.738747869544
849,0.146290190591
850,0.134647512127
851,0.14595187575
852,0.691274746954
853,0.141804518139
854,0.518078205229
855,0.116137851534
856,0.720554916017
857,0.141062815324
858,0.763990599074
859,0.250558735756
860,0.346776103822
861,0.585458893929
862,0.537899974709
863,0.638561847623
864,0.356661778038
865,0.246464588166
866,0.933343606057
867,0.733979910192
868,0.278070653505
869,0.868241156968
870,0.170441964251
871,0.836360210617
872,0.356372243822
873,0.761443735656
874,0.247755144322
875,0.564144951829
876,0.127892000536
877,0.140555265055
878,0.354664041436
879,0.14560455637
880,0.235267075022
881,0.564451362827
882,0.859074203271
883,0.631981152394
884,0.34349979478
885,0.472366821866
886,0.936302222657
887,0.745564199054
888,0.303853243604
889,0.828070024044
890,0.82057102487
891,0.389712935151
892,0.85429937445
893,0.790875577377
894,0.392621825928
895,0.252637260066
896,0.419583222599
897,0.520618930102
898,0.865750745416
899,0.184949418582
900,0.856729642614
901,0.22648792421
902,0.893017574034
903,0.791619997825
904,0.661241077993
905,0.696721652933
906,0.880844791871
907,0.637813618408
908,0.927949600749
909,0.83957143109
910,0.351927961411
911,0.667480861838
912,0.598300462957
913,0.592453898062
914,0.530827060078
915,0.449679133733
916,0.277668517414
917,0.179132971349
918,0.648469150576
919,0.816012365194
920,0.516818009494
921,0.779614776042
922,0.649923715337
923,0.169832487981
924,0.376911576036
925,0.17845040533
926,0.159308913354
927,0.5
928,0.924452767235
929,0.222859540999
930,0.106853708697
931,0.282838346064
932,0.919594669956
933,0.65341361939
934,0.906711922322
935,0.274854501899
936,0.338827274682
937,0.436660453664
938,0.245788326002
939,0.95069932955
940,0.660290696816
941,0.833141199158
942,0.766418547673
943,0.861008115374
944,0.245277746763
945,0.607251498647
946,0.128246021417
947,0.890214619324
948,0.5
949,0.871560370322
950,0.523833494177
951,0.719362689916
952,0.490085169495
953,0.146520181857
954,0.266387284501
955,0.360087200616
956,0.547582010557
957,0.541092296966
958,0.609896804808
959,0.701171623425
960,0.833842120324
961,0.426972513378
962,0.875254216494
963,0.859823288388
964,0.805878704354
965,0.222494524041
966,0.661978354394
967,0.316527163047
968,0.397841415378
969,0.699592736621
970,0.724230959014
971,0.791318191684
972,0.162537168496
973,0.135368398877
974,0.205120587082
975,0.411479050501
976,0.878559044591
977,0.211810612744
978,0.691270386585
979,0.415876745529
980,0.177320176876
981,0.838501110303
982,0.601918924255
983,0.917694182055
984,0.685440422093
985,0.719556401337
986,0.932693988663
987,0.45912869281
988,0.321512819148
989,0.842235225266
990,0.678151497841
991,0.106954922865
992,0.101079396768
993,0.835965034093
994,0.732312600271
995,0.368273902844
996,0.414247994612
997,0.274324199805
998,0.81868524134
999,0.452573222964
1000,0.424483503758
1001,0.229448875661
1002,0.207202053454
1003,0.558169650146
1004,0.565068682546
1005,0.764168549318
1006,0.247599840075
1007,0.131206384301
1008,0.652236601912
1009,0.696258467446
1010,0.310100686235
1011,0.808822882793
1012,0.712920224359
1013,0.353706763037
1014,0.842585507855
1015,0.370505664516
1016,0.698111984066
1017,0.844609081905
1018,0.532332055569
1019,0.343645699922
1020,0.686386780236
1021,0.469897947447
1022,0.66101083968
1023,0.236574537439
1024,0.467698501525
1025,0.366346328854
1026,0.242224092438
1027,0.16476992851
1028,0.859363952001
1029,0.514109490855
1030,0.710834566984
1031,0.735788984263
1032,0.765807897898
1033,0.375937393638
1034,0.445601224818
1035,0.449556737519
1036,0.423283777399
1037,0.387904632892
1038,0.921782159212
1039,0.184864932783
1040,0.620729066059
1041,0.805827382784
1042,0.755597118355
1043,0.743733806413
1044,0.367841667856
1045,0.746727106932
1046,0.288244644265
1047,0.400231500953
1048,0.307935389581
1049,0.793697530449
1050,0.599165564974
1051,0.516955409993
1052,0.665423830791
1053,0.234270894482
1054,0.0879089662567
1055,0.750988703284
1056,0.171369034311
1057,0.838258084875
1058,0.171601272866
1059,0.787949688652
1060,0.687641564088
1061,0.693180069959
1062,0.858863943426
1063,0.376710125338
1064,0.877634179767
1065,0.472919004471
1066,0.930374434956
1067,0.514180069321
1068,0.15354171757
1069,0.674480758634
1070,0.474822719937
1071,0.445925417376
1072,0.153507412773
1073,0.25208176912
1074,0.747619531301
1075,0.489380230742
1076,0.782206342993
1077,0.938548686996
1078,0.5195156777
1079,0.832229312758
1080,0.378638082118
1081,0.641948960614
1082,0.830826998085
1083,0.111470442397
1084,0.181123597562
1085,0.688295489658
1086,0.610316528624
1087,0.455184548227
1088,0.869619216088
1089,0.76898941495
1090,0.161984912452
1091,0.824277274861
1092,0.736132150324
1093,0.258491363858
1094,0.915985179547
1095,0.765470088705
1096,0.889350890959
1097,0.211560203294
1098,0.342850681845
1099,0.323069624916
1100,0.164257845562
1101,0.35497416499
1102,0.5
1103,0.46832854679
1104,0.20647071323
1105,0.921542182289
1106,0.871610179481
1107,0.92034953711
1108,0.70089935204
1109,0.851292907839
1110,0.418682903131
1111,0.413700556483
1112,0.454001568187
1113,0.649522173967
1114,0.313374065304
1115,0.255029321206
1116,0.782768313665
1117,0.689064965676
1118,0.8412608273
1119,0.289466318526
1120,0.865591202051
1121,0.794166069681
1122,0.379969401306
1123,0.874907015594
1124,0.804182625323
1125,0.241325760126
1126,0.884776995312
1127,0.728395290637
1128,0.838796683702
1129,0.797183209642
1130,0.953011851508
1131,0.65719397542
1132,0.14866855771
1133,0.860897336399
1134,0.491338172835
1135,0.366351276103
1136,0.224000316824
1137,0.82598138995
1138,0.7579320115
1139,0.3179733163
1140,0.426585251519
1141,0.257406006588
1142,0.616456503295
1143,0.365535937476
1144,0.649115791946
1145,0.123463927166
1146,0.234891831049
1147,0.708843503091
1148,0.829874269464
1149,0.366483661681
1150,0.816330585744
1151,0.841405832719
1152,0.750950037113
1153,0.443788915456
1154,0.855117571201
1155,0.815231161914
1156,0.723629890656
1157,0.654119672592
1158,0.509501986063
1159,0.180208470075
1160,0.794325217319
1161,0.561422246437
1162,0.75205583553
1163,0.130727883333
1164,0.682396700089
1165,0.771712932678
1166,0.639715285142
1167,0.658540933572
1168,0.425191955828
1169,0.106914761008
1170,0.924362844296
1171,0.341548730925
1172,0.692482328788
1173,0.570981774085
1174,0.912097134819
1175,0.818582393275
1176,0.460210586369
1177,0.625516118679
1178,0.937471319201
1179,0.661253191632
1180,0.364129435639
1181,0.748759354691
1182,0.303464124483
1183,0.386017056264
1184,0.234132235404
1185,0.280408988215
1186,0.736812790418
1187,0.133169046681
1188,0.112676787606
1189,0.86508869396
1190,0.423729668976
1191,0.575165584965
1192,0.142896562987
1193,0.138974522527
1194,0.373930465842
1195,0.926674249077
1196,0.481861450208
1197,0.777124557397
1198,0.894552998444
1199,0.165311505468
1200,0.946732460587
1201,0.144566552467
1202,0.777830602796
1203,0.845768949557
1204,0.410710182446
1205,0.817138565657
1206,0.305245821947
1207,0.217204899835
1208,0.628737027876
1209,0.788068844363
1210,0.108411316005
1211,0.480780785707
1212,0.46662144484
1213,0.102174823193
1214,0.267556550916
1215,0.309466745189
1216,0.271638602357
1217,0.704406582381
1218,0.62149957975
1219,0.835757606727
1220,0.5
1221,0.853291319008
1222,0.217105705787
1223,0.599228190324
1224,0.77986927629
1225,0.799641472146
1226,0.668772576465
1227,0.814439014235
1228,0.159279727482
1229,0.773487888403
1230,0.508380613376
1231,0.602671144812
1232,0.292325871898
1233,0.116228250197
1234,0.867023930012
1235,0.522226229236
1236,0.848053529644
1237,0.19496744227
1238,0.492821517929
1239,0.447958521805
1240,0.314544758392
1241,0.729165948396
1242,0.539789131892
1243,0.886716228593
1244,0.850865591903
1245,0.198892649588
1246,0.777894686787
1247,0.2611114435
1248,0.7757207121
1249,0.466240373422
1250,0.2268015332
1251,0.5
1252,0.310371175645
1253,0.937328652194
1254,0.839596750092
1255,0.145894398565
1256,0.468724842285
1257,0.5
1258,0.411367839942
1259,0.860597018478
1260,0.911886663055
1261,0.518131307488
1262,0.739467253749
1263,0.24009213476
1264,0.712362857442
1265,0.890104405672
1266,0.796542386274
1267,0.596741814034
1268,0.783829014546
1269,0.737691991625
1270,0.660902984587
1271,0.735893052705
1272,0.81671596793
1273,0.126256370203
1274,0.445818888485
1275,0.517790654246
1276,0.881132130004
1277,0.691652839838
1278,0.758690123026
1279,0.164435988137
1280,0.840646752309
1281,0.707255539235
1282,0.39487375161
1283,0.263251942295
1284,0.465275778703
1285,0.5
1286,0.155896005588
1287,0.368138770944
1288,0.131910465552
1289,0.257477389054
1290,0.254772142168
1291,0.487147641796
1292,0.448906451859
1293,0.42954295496
1294,0.69134556946
1295,0.18390112291
1296,0.637177132314
1297,0.511335253927
1298,0.645655960562
1299,0.390341593812
1300,0.243208273861
1301,0.929093103021
1302,0.790460706661
1303,0.694693836169
1304,0.206358612663
1305,0.58175278172
1306,0.390462233604
1307,0.678240676533
1308,0.898246979177
1309,0.25496356316
1310,0.455209046061
1311,0.795914149087
1312,0.863939636632
1313,0.768193838402
1314,0.828276314454
1315,0.377022835273
1316,0.25731697917
1317,0.878295274061
1318,0.697205123592
1319,0.369216651517
1320,0.157246445031
1321,0.587179483173
1322,0.627321617376
1323,0.406052853577
1324,0.793280818481
1325,0.456233659986
1326,0.875005235205
1327,0.836766402596
1328,0.483149992643
1329,0.645279014842
1330,0.862854048452
1331,0.903618023228
1332,0.162337918157
1333,0.54186470443
1334,0.207909692814
1335,0.734688718185
1336,0.114152693717
1337,0.333962566288
1338,0.229391015097
1339,0.872595549779
1340,0.398925958436
1341,0.50745530536
1342,0.522118619731
1343,0.590123364921
1344,0.866235417651
1345,0.881497684219
1346,0.725851607669
1347,0.483617845469
1348,0.183512740261
1349,0.836867647121
1350,0.686726721119
1351,0.291821475357
1352,0.76384325091
1353,0.344383626547
1354,0.941948760902
1355,0.437162522712
1356,0.855894039537
1357,0.10419407753
1358,0.455913796693
1359,0.297303638285
1360,0.137923302548
1361,0.580483648415
1362,0.781256350507
1363,0.754733826416
1364,0.477034151366
1365,0.378580605705
1366,0.126042674301
1367,0.281091557859
1368,0.708450284253
1369,0.625963142028
1370,0.366572312726
1371,0.588434966692
1372,0.935616002272
1373,0.4797644659
1374,0.491002810269
1375,0.752169388801
1376,0.382120340573
1377,0.355662289212
1378,0.765367953443
1379,0.740308544535
1380,0.827859282311
1381,0.659971234914
1382,0.330764379758
1383,0.211785625898
1384,0.863837716875
1385,0.282565235159
1386,0.280908613822
1387,0.602634484424
1388,0.934763742659
1389,0.764465437231
1390,0.105255991667
1391,0.640416691009
1392,0.796566918766
1393,0.126844486546
1394,0.515676295157
1395,0.348679676467
1396,0.892357737928
1397,0.819399850096
1398,0.261769225377
1399,0.533245370263
1400,0.811079322249
1401,0.353699223416
1402,0.759511427658
1403,0.374655714289
1404,0.288305044653
1405,0.479951329516
1406,0.425858021878
1407,0.718290322015
1408,0.155020873284
1409,0.319975690134
1410,0.809999251007
1411,0.232940583945
1412,0.263530507563
1413,0.883965397301
1414,0.347852507042
1415,0.806723835301
1416,0.14740656986
1417,0.132494870216
1418,0.753640175582
1419,0.899821359185
1420,0.703567581431
1421,0.67987276936
1422,0.58671483642
1423,0.536567869755
1424,0.157865962977
1425,0.293248098024
1426,0.238378986201
1427,0.265137584455
1428,0.433310710019
1429,0.755385519315
1430,0.111612628341
1431,0.236828557871
1432,0.760516678246
1433,0.81654285819
1434,0.812612264305
1435,0.822991843996
1436,0.699589333089
1437,0.725790690157
1438,0.606652987342
1439,0.774326320005
1440,0.737158646513
1441,0.63614925427
1442,0.484601863589
1443,0.734480472531
1444,0.644772939908
1445,0.299842690338
1446,0.492475772495
1447,0.292747004779
1448,0.393022627428
1449,0.12194205973
1450,0.251169943143
1451,0.543911408042
1452,0.523806407931
1453,0.5
1454,0.178478826055
1455,0.809307178222
1456,0.881872910093
1457,0.11933256296
1458,0.353379245985
1459,0.945246891138
1460,0.563812869327
1461,0.647663662848
1462,0.345149543612
1463,0.542918307533
1464,0.354093203732
1465,0.879342807879
1466,0.339971176384
1467,0.128509538347
1468,0.776731296999
1469,0.355727727517
1470,0.838440800365
1471,0.533075292606
1472,0.713715656187
1473,0.527347560884
1474,0.658886391988
1475,0.634873828565
1476,0.150997087334
1477,0.209908102974
1478,0.711751401951
1479,0.169540515043
1480,0.224193714905
1481,0.100294407821
1482,0.466081004028
1483,0.486778406379
1484,0.420545082677
1485,0.417859732881
1486,0.300536122799
1487,0.5
1488,0.909823180795
1489,0.404416232321
1490,0.859494579325
1491,0.5
1492,0.46118764094
1493,0.634483293765
1494,0.210752673769
1495,0.90699511791
1496,0.847541852527
1497,0.938686202521
1498,0.945839250886
1499,0.418160869568
1500,0.597338577373
1501,0.441339335537
1502,0.445192455125
1503,0.922200212949
1504,0.76083438732
1505,0.755736503501
1506,0.465682800384
1507,0.377421197454
1508,0.18508564229
1509,0.915953265165
1510,0.647636798529
1511,0.264314851568
1512,0.107438757087
1513,0.249004103518
1514,0.145924427
1515,0.663630968845
1516,0.672217492556
1517,0.357900432815
1518,0.152186660113
1519,0.235539663221
1520,0.588095991619
1521,0.113000689141
1522,0.441244534423
1523,0.334528999724
1524,0.334788494916
1525,0.212308726496
1526,0.649457509631
1527,0.734811973525
1528,0.546648429572
1529,0.263482389347
1530,0.602246661661
1531,0.572554457969
1532,0.470850226166
1533,0.303730112355
1534,0.943747895141
1535,0.612348125549
1536,0.757887563438
1537,0.376601779799
1538,0.751121033796
1539,0.848927917097
1540,0.43171058984
1541,0.805164887634
1542,0.747135925925
1543,0.693442299996
1544,0.693194896878
1545,0.334948184521
1546,0.156798315257
1547,0.339539965586
1548,0.153834832181
1549,0.372890147392
1550,0.875049589375
1551,0.88121385109
1552,0.250912086126
1553,0.28738999176
1554,0.952420409653
1555,0.639346268862
1556,0.956422796514
1557,0.881399164706
1558,0.25700178077
1559,0.319570329706
1560,0.381211272744
1561,0.880663769908
1562,0.582075404506
1563,0.6004266172
1564,0.576856632493
1565,0.349416447256
1566,0.835899891092
1567,0.367381274045
1568,0.709260242634
1569,0.689837403282
1570,0.21720985764
1571,0.631626264409
1572,0.285847158492
1573,0.748338811497
1574,0.683560826706
1575,0.655708585767
1576,0.809021761011
1577,0.744713352027
1578,0.274305950322
1579,0.875797561693
1580,0.802314059137
1581,0.446030914382
1582,0.815102949518
1583,0.560022046821
1584,0.819396597192
1585,0.827209340628
1586,0.93295661544
1587,0.851207886046
1588,0.342539233659
1589,0.844708950735
1590,0.456379173777
1591,0.791346300106
1592,0.601260319756
1593,0.481956856425
1594,0.524698506617
1595,0.477645410676
1596,0.347120175905
1597,0.400640849204
1598,0.452416996806
1599,0.615796090479
1600,0.418351174333
1601,0.340590739321
1602,0.338186388617
1603,0.337948812567
1604,0.452413502927
1605,0.348614185205
1606,0.406355689125
1607,0.160167019939
1608,0.204110551956
1609,0.186234889029
1610,0.231717125885
1611,0.175055971322
1612,0.651137660524
1613,0.320819762823
1614,0.156842146274
1615,0.791430584118
1616,0.347184543433
1617,0.293782918403
1618,0.80853551915
1619,0.486473348951
1620,0.72667856003
1621,0.681590110893
1622,0.271675595572
1623,0.303136950508
1624,0.742472563949
1625,0.348626753538
1626,0.704306947852
1627,0.149632804708
1628,0.780788279194
1629,0.599620362023
1630,0.820307510742
1631,0.315236631543
1632,0.863382401013
1633,0.707527478995
1634,0.75657888383
1635,0.361046102727
1636,0.950368664786
1637,0.232218102908
1638,0.121295373839
1639,0.693822897018
1640,0.87255017509
1641,0.296723780847
1642,0.5
1643,0.392390221835
1644,0.878453967161
1645,0.861591936677
1646,0.561751445559
1647,0.562821505909
1648,0.432762927893
1649,0.471787549954
1650,0.947827811948
1651,0.912125752949
1652,0.883852779815
1653,0.907561512118
1654,0.515283306606
1655,0.487672262018
1656,0.672881130202
1657,0.595933873232
1658,0.139286594359
1659,0.706002285509
1660,0.448508901776
1661,0.156389844379
1662,0.482619323811
1663,0.212819440624
1664,0.400233645961
1665,0.416920727482
1666,0.453125847704
1667,0.442857508592
1668,0.892865024055
1669,0.787320895789
1670,0.280825919641
1671,0.810091276133
1672,0.152961264959
1673,0.388382562439
1674,0.816042184283
1675,0.355143352262
1676,0.398551610866
1677,0.89374782624
1678,0.461174533525
1679,0.788463568823
1680,0.725419438301
1681,0.851284886818
1682,0.284996484583
1683,0.874681407252
1684,0.905925114084
1685,0.200465418551
1686,0.922857002319
1687,0.207465439869
1688,0.292999827189
1689,0.377220072378
1690,0.816947293697
1691,0.463490415536
1692,0.350411121106
1693,0.90149292999
1694,0.944281577517
1695,0.66339491133
1696,0.132010282012
1697,0.149067084452
1698,0.30669454472
1699,0.259422345741
1700,0.233638547554
1701,0.794944438669
1702,0.882436400005
1703,0.909589743219
1704,0.209158982545
1705,0.803907166849
1706,0.83072980264
1707,0.436504338797
1708,0.924030394496
1709,0.258953606699
1710,0.150612544363
1711,0.581148244373
1712,0.462723517987
1713,0.928515163463
1714,0.446140341409
1715,0.296481265249
1716,0.762027621874
1717,0.877138638317
1718,0.379079154402
1719,0.46128149898
1720,0.67951556827
1721,0.480900660301
1722,0.63564058245
1723,0.345073834609
1724,0.275543926275
1725,0.433503306831
1726,0.637666802331
1727,0.904571779042
1728,0.712337691532
1729,0.131543417021
1730,0.509666736618
1731,0.797900704102
1732,0.811230895187
1733,0.588913469157
1734,0.598983689389
1735,0.839562339969
1736,0.806273178166
1737,0.872007848656
1738,0.812897065763
1739,0.829870593361
1740,0.545577243082
1741,0.921989304831
1742,0.298466012843
1743,0.337371212112
1744,0.128796025386
1745,0.42491079579
1746,0.117774603196
1747,0.652359352746
1748,0.579989166959
1749,0.749310277658
1750,0.702346372981
1751,0.522007496803
1752,0.561955793806
1753,0.218381488758
1754,0.554917279669
1755,0.817036160345
1756,0.259987383685
1757,0.385452676747
1758,0.655826505011
1759,0.645934966994
1760,0.255450618852
1761,0.920394106915
1762,0.856575527672
1763,0.763955196982
1764,0.882147535037
1765,0.24695040082
1766,0.505452769485
1767,0.621061184236
1768,0.507373222646
1769,0.829903181865
1770,0.261858955468
1771,0.19200774823
1772,0.252801150107
1773,0.195755904387
1774,0.5
1775,0.592871990012
1776,0.659412180303
1777,0.415173962666
1778,0.567098425433
1779,0.84017875954
1780,0.426767774479
1781,0.148593060179
1782,0.353673906307
1783,0.292871463803
1784,0.822948128776
1785,0.820786504691
1786,0.278626588695
1787,0.868412306026
1788,0.94479185412
1789,0.33232548551
1790,0.629886151469
1791,0.492883444609
1792,0.355857177956
1793,0.649804788446
1794,0.148978443088
1795,0.421213467598
1796,0.25881481536
1797,0.657300596984
1798,0.143653505412
1799,0.715822814086
1800,0.562861328704
1801,0.34235821732
1802,0.742806406421
1803,0.191847543983
1804,0.620916972327
1805,0.396312958325
1806,0.78533184294
1807,0.802479857462
1808,0.352266948328
1809,0.905590715523
1810,0.775790664748
1811,0.461555874068
1812,0.825859513094
1813,0.683223775204
1814,0.260636614658
1815,0.857319023036
1816,0.190699550851
1817,0.810014939845
1818,0.796294433176
1819,0.245932583903
1820,0.899196321189
1821,0.898223860422
1822,0.246074116413
1823,0.679162675665
1824,0.727968933241
1825,0.30767986718
1826,0.217025190697
1827,0.11827829886
1828,0.199185432228
1829,0.306248087706
1830,0.376247528322
1831,0.494995523786
1832,0.156879942507
1833,0.454242565847
1834,0.193701321576
1835,0.929671235568
1836,0.826901853829
1837,0.2560902499
1838,0.526383564652
1839,0.719965820225
1840,0.672185911194
1841,0.319574481464
1842,0.57576650239
1843,0.138784769202
1844,0.331637382967
1845,0.54680288313
1846,0.256450514545
1847,0.792716154089
1848,0.697004664394
1849,0.180975775153
1850,0.928896205468
1851,0.649079725194
1852,0.757947468125
1853,0.0944473852102
1854,0.235882290202
1855,0.693534089198
1856,0.193359486879
1857,0.196869186422
1858,0.402468012035
1859,0.101860639277
1860,0.217785914882
1861,0.239078002434
1862,0.371094865217
1863,0.120150822723
1864,0.170864654449
1865,0.729356369428
1866,0.594552699777
1867,0.671284267831
1868,0.319245303245
1869,0.175565940538
1870,0.146288956004
1871,0.835970403233
1872,0.115234116247
1873,0.311821124385
1874,0.785225823752
1875,0.614487544081
1876,0.338970545317
1877,0.776954156624
1878,0.462825999375
1879,0.682228210046
1880,0.456695458191
1881,0.412844550369
1882,0.590645260968
1883,0.236632156555
1884,0.603798929497
1885,0.806898775861
1886,0.299312344818
1887,0.339094438002
1888,0.150597830438
1889,0.601883177176
1890,0.5
1891,0.617503666324
1892,0.183640486033
1893,0.334837896147
1894,0.875115454387
1895,0.445050720183
1896,0.721404536108
1897,0.775412721092
1898,0.753051587559
1899,0.317953256472
1900,0.436881056505
1901,0.800626220164
1902,0.707217499848
1903,0.869811278843
1904,0.955115144395
1905,0.306392291033
1906,0.19187262991
1907,0.876827700966
1908,0.821453742653
1909,0.79862978101
1910,0.562936613888
1911,0.437869705446
1912,0.642888754038
1913,0.474099652058
1914,0.451386334372
1915,0.265816132104
1916,0.400006672197
1917,0.746417968999
1918,0.4234619808
1919,0.394155136276
1920,0.5
1921,0.309659782858
1922,0.589557383453
1923,0.652576687372
1924,0.5
1925,0.897207312807
1926,0.139807386938
1927,0.108571745228
1928,0.102500467967
1929,0.553339526704
1930,0.861065699081
1931,0.108880108128
1932,0.448152828328
1933,0.198133630468
1934,0.117776865964
1935,0.162890994933
1936,0.9327645806
1937,0.157070965219
1938,0.393739297094
1939,0.445336706245
1940,0.34372610265
1941,0.226731592413
1942,0.920975150353
1943,0.264007053402
1944,0.861837810953
1945,0.476346915947
1946,0.160907053157
1947,0.421259651844
1948,0.260646451169
1949,0.27107631651
1950,0.885980632721
1951,0.616977197249
1952,0.284912814053
1953,0.461537971134
1954,0.407212859874
1955,0.46119780309
1956,0.656695314257
1957,0.542216777211
1958,0.838489985619
1959,0.795472477474
1960,0.171774037495
1961,0.181429931072
1962,0.915770033654
1963,0.6840905011
1964,0.482248612379
1965,0.781587908026
1966,0.424045867702
1967,0.240258595781
1968,0.64027066358
1969,0.729345994511
1970,0.221236951765
1971,0.850822467694
1972,0.377617660803
1973,0.817790372999
1974,0.658057832177
1975,0.75181527546
1976,0.87357001457
1977,0.516666875088
1978,0.575507671518
1979,0.615379331558
1980,0.224515883939
1981,0.949147123792
1982,0.604864264905
1983,0.937562883695
1984,0.786192566632
1985,0.533481664721
1986,0.5
1987,0.932575570475
1988,0.55551967781
1989,0.605562987616
1990,0.863864889811
1991,0.172466097312
1992,0.507652637567
1993,0.663887576693
1994,0.608207301272
1995,0.687232957446
1996,0.335387856768
1997,0.822407484132
1998,0.383326033946
1999,0.538469210765
2000,0.632443484748
2001,0.141728486271
2002,0.572907221568
2003,0.749349448945
2004,0.356844876762
2005,0.425577874891
2006,0.244837810682
2007,0.704797112354
2008,0.893762990348
2009,0.385155230786
2010,0.225013028383
2011,0.82760284805
2012,0.745328895018
2013,0.616803340138
2014,0.567475004544
2015,0.76453617926
2016,0.840110613708
2017,0.694256863342
2018,0.446596304423
2019,0.0970849790711
2020,0.770235239234
2021,0.472794611363
2022,0.813916025852
2023,0.27613091648
2024,0.470823850619
2025,0.639121231864
2026,0.872947222458
2027,0.638104461762
2028,0.792098284842
2029,0.534400751895
2030,0.51520456495
2031,0.796299147565
2032,0.739791931072
2033,0.374768216045
2034,0.16374518355
2035,0.854572796854
2036,0.212757809918
2037,0.150464274138
2038,0.567849517655
2039,0.427666779715
2040,0.176999988945
2041,0.422489787497
2042,0.758664885226
2043,0.331788142503
2044,0.272159061547
2045,0.835236596104
2046,0.843150892242
2047,0.557633507391
2048,0.710562153582
2049,0.648171760586
2050,0.921540729096
2051,0.53353279101
2052,0.90296858348
2053,0.531674339047
2054,0.888521410427
2055,0.133465869313
2056,0.726761440602
2057,0.61372067156
2058,0.547641949624
2059,0.853264044259
2060,0.166104077498
2061,0.279439992143
2062,0.149507360884
2063,0.139167588154
2064,0.622164572247
2065,0.172262017507
2066,0.17905209177
2067,0.523088116693
2068,0.297284688269
2069,0.412170490968
2070,0.647506750416
2071,0.297981606432
2072,0.240146653249
2073,0.238439423116
2074,0.756788471447
2075,0.883321694857
2076,0.459360060292
2077,0.626254420471
2078,0.426397821815
2079,0.859279739325
2080,0.230284833382
2081,0.368708436845
2082,0.596536244246
2083,0.902552752415
2084,0.341751275651
2085,0.793273658951
2086,0.413646303965
2087,0.829716258079
2088,0.539553808844
2089,0.733127196369
2090,0.442304710509
2091,0.165985715492
2092,0.922875416596
2093,0.756018832146
2094,0.793789613305
2095,0.738969933652
2096,0.334014606464
2097,0.448849245906
2098,0.255974287097
2099,0.785650032002
2100,0.206303710141
2101,0.955642370451
2102,0.847146241125
2103,0.589709627426
2104,0.892280548548
2105,0.695809254242
2106,0.58434639269
2107,0.691597434194
2108,0.875569424498
2109,0.58975949912
2110,0.716137016793
2111,0.266813251794
2112,0.466718217821
2113,0.138837338213
2114,0.720550018451
2115,0.357867060101
2116,0.916580473115
2117,0.368891727779
2118,0.302809313185
2119,0.185024963345
2120,0.190485080233
2121,0.658497458445
2122,0.751230505138
2123,0.668969997338
2124,0.198482118889
2125,0.617886185365
2126,0.577067493848
2127,0.267058176952
2128,0.872475190268
2129,0.252724837358
2130,0.687908403158
2131,0.672384850372
2132,0.553918886882
2133,0.825230039297
2134,0.190277078311
2135,0.391204188057
2136,0.398165326891
2137,0.252978477535
2138,0.878188871151
2139,0.305375127203
2140,0.811393530065
2141,0.410755603499
2142,0.46600079763
2143,0.617179407873
2144,0.505824473917
2145,0.696110215939
2146,0.381120508718
2147,0.348574066411
2148,0.857948741848
2149,0.873291072016
2150,0.341995987138
2151,0.567266758685
2152,0.646392888087
2153,0.238932041786
2154,0.697008467633
2155,0.742453439491
2156,0.225897951381
2157,0.411951319286
2158,0.5
2159,0.130273959236
2160,0.311704033678
2161,0.733182804113
2162,0.422662001427
2163,0.879215054679
2164,0.580130378955
2165,0.413011395496
2166,0.527604332431
2167,0.39480101969
2168,0.639058259052
2169,0.4487747714
2170,0.33021058644
2171,0.5
2172,0.581902200375
2173,0.702945030913
2174,0.387841709906
2175,0.727991950266
2176,0.535832545161
2177,0.637016928544
2178,0.384127335924
2179,0.355429603521
2180,0.608514787152
2181,0.842939975723
2182,0.756889494437
2183,0.19734526709
2184,0.198940254334
2185,0.731697490845
2186,0.84933013174
2187,0.854411497918
2188,0.340962269995
2189,0.595869757763
2190,0.718018888344
2191,0.136288699049
2192,0.313059038914
2193,0.168614844287
2194,0.482964799224
2195,0.0942802436133
2196,0.18054011779
2197,0.5
2198,0.520739940155
2199,0.713837616906
2200,0.554295862554
2201,0.904430370523
2202,0.187638840629
2203,0.624336800156
2204,0.121392865486
2205,0.861107189128
2206,0.530943909117
2207,0.568165230032
2208,0.209570934093
2209,0.918976740682
2210,0.79430745421
2211,0.669314851987
2212,0.294080735091
2213,0.257969775965
2214,0.43888031376
2215,0.418831362348
2216,0.63684372576
2217,0.835661985784
2218,0.603640415012
2219,0.798575369501
2220,0.391651697782
2221,0.434868360548
2222,0.800144970637
2223,0.833507819665
2224,0.242438272706
2225,0.385401740004
2226,0.541671610416
2227,0.230018291465
2228,0.749097337187
2229,0.949512621371
2230,0.5715571733
2231,0.546539186041
2232,0.702484085956
2233,0.454049767209
2234,0.891542306954
2235,0.305155675362
2236,0.315169102722
2237,0.424256659859
2238,0.12599649608
2239,0.532520502685
2240,0.281617869678
2241,0.701745028859
2242,0.868153840208
2243,0.434363486267
2244,0.876957528138
2245,0.524008660133
2246,0.557912351736
2247,0.699630674346
2248,0.598325487576
2249,0.193384425403
2250,0.266012836589
2251,0.5
2252,0.762441445671
2253,0.635113778671
2254,0.291810273443
2255,0.118748059442
2256,0.367405863881
2257,0.724021830374
2258,0.291521691624
2259,0.783016721193
2260,0.473433745119
2261,0.610958554706
2262,0.214147639386
2263,0.428226123545
2264,0.900961638673
2265,0.338802775333
2266,0.278564067072
2267,0.806280846874
2268,0.233448631593
2269,0.486160430596
2270,0.254245809695
2271,0.450946741671
2272,0.807746251599
2273,0.814211231589
2274,0.895585875255
2275,0.273047068027
2276,0.75037736037
2277,0.877432692282
2278,0.608511800617
2279,0.29685425748
2280,0.862543580313
2281,0.636456363261
2282,0.752915737725
2283,0.861612943214
2284,0.145595933185
2285,0.270743404279
2286,0.248015342896
2287,0.831102107261
2288,0.642521280016
2289,0.601906549567
2290,0.829058899046
2291,0.304932468916
2292,0.816448459987
2293,0.290299097949
2294,0.318479405419
2295,0.904737482697
2296,0.620325944386
2297,0.884649425733
2298,0.865785730801
2299,0.551927232142
2300,0.367877104325
2301,0.507599304427
2302,0.589765854006
2303,0.579553333361
2304,0.932197279791
2305,0.924536642
2306,0.557229803167
2307,0.743068409834
2308,0.92260219232
2309,0.194197825094
2310,0.673714665005
2311,0.810652829688
2312,0.818597722299
2313,0.860418037588
2314,0.492062596465
2315,0.218789871514
2316,0.596389087163
2317,0.595196100387
2318,0.859408302828
2319,0.922542467062
2320,0.620510717997
2321,0.877582407931
2322,0.871883660233
2323,0.810304458626
2324,0.641643530187
2325,0.421941593897
2326,0.182927460411
2327,0.468045524096
2328,0.618399412662
2329,0.262707417869
2330,0.924058993227
2331,0.5838920702
2332,0.207475346893
2333,0.521087392214
2334,0.487919199664
2335,0.454777042835
2336,0.829712516999
2337,0.518962782946
2338,0.791156868956
2339,0.932118787072
2340,0.405908039162
2341,0.390089848309
2342,0.919520333045
2343,0.904343011599
2344,0.827999856476
2345,0.856053450504
2346,0.759895299515
2347,0.124763037249
2348,0.238527801467
2349,0.366411842932
2350,0.418391458672
2351,0.810460652557
2352,0.33098050387
2353,0.159566430125
2354,0.68609755916
2355,0.213155104858
2356,0.219799663243
2357,0.657245529634
2358,0.847037482731
2359,0.467716264839
2360,0.899505919712
2361,0.335309528098
2362,0.35833727014
2363,0.19558776031
2364,0.18724328386
2365,0.141723872155
2366,0.563923181206
2367,0.847412056045
2368,0.252340036973
2369,0.204916446195
2370,0.176949561824
2371,0.295550436803
2372,0.938745652597
2373,0.752100213735
2374,0.414646460177
2375,0.785406138459
2376,0.450528285781
2377,0.748438627972
2378,0.374677845359
2379,0.816856754274
2380,0.87216897297
2381,0.785575407136
2382,0.132252292562
2383,0.733797801452
2384,0.445022139714
2385,0.257764922333
2386,0.853286531353
2387,0.473132106554
2388,0.62637023461
2389,0.860956429446
2390,0.404802060053
2391,0.633137954743
2392,0.302428196188
2393,0.783476528284
2394,0.697970294828
2395,0.69034170493
2396,0.477730036244
2397,0.537468077773
2398,0.292439786587
2399,0.748634489811
2400,0.963644217953
2401,0.840057484563
2402,0.698294029828
2403,0.228376467304
2404,0.45953590578
2405,0.68217482631
2406,0.724628504325
2407,0.210687463606
2408,0.649544816347
2409,0.248408365261
2410,0.368886476856
2411,0.435595243621
2412,0.87447017554
2413,0.713512023598
2414,0.193744917463
2415,0.609491103181
2416,0.745399820903
2417,0.61301861323
2418,0.736419386033
2419,0.588422238263
2420,0.792557307142
2421,0.199125475024
2422,0.710273868653
2423,0.242915010672
2424,0.394657614422
2425,0.796400896247
2426,0.638369785956
2427,0.168548749593
2428,0.570730295505
2429,0.649140670364
2430,0.363204141033
2431,0.636503961894
2432,0.197589864099
2433,0.580359773946
2434,0.682638226575
2435,0.746957530016
2436,0.900976808944
2437,0.440872359915
2438,0.688533511005
2439,0.510505176743
2440,0.677048646493
2441,0.152576831099
2442,0.808897450497
2443,0.30240702821
2444,0.187112747593
2445,0.920640784865
2446,0.656111117709
2447,0.685642939482
2448,0.360927954645
2449,0.532124203177
2450,0.722640972745
2451,0.228642027377
2452,0.194107710988
2453,0.286401784349
2454,0.861309023474
2455,0.216096149963
2456,0.306638282029
2457,0.587312671976
2458,0.208471344103
2459,0.600400565232
2460,0.870872922149
2461,0.815387922455
2462,0.204286463454
2463,0.883957981138
2464,0.799052400938
2465,0.289609700154
2466,0.845355974491
2467,0.12468479166
2468,0.841111772546
2469,0.201117285443
2470,0.154746252594
2471,0.841843396993
2472,0.867050505993
2473,0.799781549851
2474,0.129361872876
2475,0.320016516867
2476,0.130665185291
2477,0.738170274799
2478,0.822349492993
2479,0.448757074109
2480,0.310956757925
2481,0.331183957023
2482,0.774390871876
2483,0.301798474027
2484,0.549749267873
2485,0.267964660663
2486,0.637924570483
2487,0.5
2488,0.883186454752
2489,0.779838100393
2490,0.192474345396
2491,0.891503855447
2492,0.640486061088
2493,0.206076659064
2494,0.745904284218
2495,0.109603397756
2496,0.611951757538
2497,0.809654819657
2498,0.59138305151
2499,0.680373378446
2500,0.29694602403
2501,0.522567823825
2502,0.176346056014
2503,0.730489697612
2504,0.73452294093
2505,0.13809843847
2506,0.746462336329
2507,0.351365673142
2508,0.440486317197
2509,0.296741818256
2510,0.760859048308
2511,0.788329827987
2512,0.40817592311
2513,0.647691300531
2514,0.60582169024
2515,0.371370615599
2516,0.754508047089
2517,0.5
2518,0.904085875205
2519,0.805892588036
2520,0.5
2521,0.116141929685
2522,0.148653920132
2523,0.70708125905
2524,0.400499895545
2525,0.251135836033
2526,0.192215170335
2527,0.878380236256
2528,0.798751050752
2529,0.888124445343
2530,0.676004173625
2531,0.70682157879
2532,0.147634276269
2533,0.322297804051
2534,0.64510981619
2535,0.90995274894
2536,0.842569207521
2537,0.252874448954
2538,0.152904233223
2539,0.740241828024
2540,0.402599418951
2541,0.154779054552
2542,0.795417403615
2543,0.87257382715
2544,0.31755558246
2545,0.836360515768
2546,0.5
2547,0.136460119316
2548,0.579540180071
2549,0.556517807722
2550,0.933975730019
2551,0.894005490266
2552,0.638145071205
2553,0.600325641207
2554,0.633642330189
2555,0.748021209959
2556,0.853018691322
2557,0.137165466693
2558,0.180950435639
2559,0.679200322817
2560,0.641874190099
2561,0.665303891141
2562,0.227070131401
2563,0.273355400446
2564,0.606802040412
2565,0.196312422321
2566,0.194620793912
2567,0.449963470397
2568,0.71992609185
2569,0.932953443844
2570,0.428987402789
2571,0.813449247893
2572,0.737998568517
2573,0.701899616154
2574,0.5
2575,0.837960797153
2576,0.716986816627
2577,0.876255012739
2578,0.621649814502
2579,0.199886832908
2580,0.1600806818
2581,0.304110663388
2582,0.757805979791
2583,0.476782728825
2584,0.38553151183
2585,0.568110327086
2586,0.84820143311
2587,0.300072179542
2588,0.505796206752
2589,0.892911186301
2590,0.84266912229
2591,0.152578803921
2592,0.802738078021
2593,0.597893936701
2594,0.400656538703
2595,0.576225489418
2596,0.152295313657
2597,0.141115590843
2598,0.37258672408
2599,0.538770027698
2600,0.180411336398
2601,0.463063354877
2602,0.789847711825
2603,0.685500629091
2604,0.773797736805
2605,0.213854988127
2606,0.158619221444
2607,0.735648481847
2608,0.379703486182
2609,0.345850860136
2610,0.195262139422
2611,0.864700307161
2612,0.579221797763
2613,0.158697757305
2614,0.933852564197
2615,0.217898759144
2616,0.692484171675
2617,0.672443661953
2618,0.577599956616
2619,0.809159381566
2620,0.491540193691
2621,0.754461349035
2622,0.52889326807
2623,0.4547580145
2624,0.84447906021
2625,0.842773814515
2626,0.16143150935
2627,0.663898410673
2628,0.653528716195
2629,0.16358666135
2630,0.405154901781
2631,0.232187564686
2632,0.402871877269
2633,0.219160565306
2634,0.284465592608
2635,0.761387909649
2636,0.442484564198
2637,0.643281648639
2638,0.911077418616
2639,0.765798856291
2640,0.505576444825
2641,0.15695771093
2642,0.197466114593
2643,0.240671820261
2644,0.705687865068
2645,0.562867750823
2646,0.350693370364
2647,0.181026836841
2648,0.322233569581
2649,0.186506157686
2650,0.465689218431
2651,0.840694869434
2652,0.767419999266
2653,0.189372831969
2654,0.961796247914
2655,0.213749901213
2656,0.754213943027
2657,0.211704624824
2658,0.58880170902
2659,0.795215907871
2660,0.811386683587
2661,0.762412494193
2662,0.29550618339
2663,0.893432845216
2664,0.864985469578
2665,0.58461826888
2666,0.342893246682
2667,0.818404648157
2668,0.907878453152
2669,0.902430401972
2670,0.692882053348
2671,0.190508719779
2672,0.852933346739
2673,0.724582890601
2674,0.61963787087
2675,0.909322902004
2676,0.167503044371
2677,0.533363628772
2678,0.422618533223
2679,0.922084527463
2680,0.179295949593
2681,0.231112992665
2682,0.141133182614
2683,0.38385755877
2684,0.878147264681
2685,0.871410668392
2686,0.258075905579
2687,0.23524052815
2688,0.176069643346
2689,0.533439524105
2690,0.311517584111
2691,0.708308214372
2692,0.167224242097
2693,0.595814352665
2694,0.391082635834
2695,0.556876978821
2696,0.37639691538
2697,0.218205230065
2698,0.18388236981
2699,0.821371367139
2700,0.5
2701,0.753505150743
2702,0.857787323716
2703,0.851312131674
2704,0.130859776302
2705,0.847060878453
2706,0.800330346529
2707,0.649844191143
2708,0.845231792657
2709,0.149244482599
2710,0.645510379866
2711,0.477305976457
2712,0.897455005873
2713,0.414088005344
2714,0.5
2715,0.426455441838
2716,0.433393980576
2717,0.5792477333
2718,0.246955107741
2719,0.596204687906
2720,0.680770502196
2721,0.770802687248
2722,0.305142755594
2723,0.509405534915
2724,0.638170750084
2725,0.443048124198
2726,0.170702157934
2727,0.676967458563
2728,0.330441444502
2729,0.714598854008
2730,0.636460513374
2731,0.461481976739
2732,0.834211232305
2733,0.817804905064
2734,0.247441204555
2735,0.521026930228
2736,0.194511897662
2737,0.280321128555
2738,0.329062095768
2739,0.190633691375
2740,0.480747965419
2741,0.138307745864
2742,0.845853440253
2743,0.85570887526
2744,0.859107545084
2745,0.168693970088
2746,0.408190568387
2747,0.60637097988
2748,0.701010360694
2749,0.354314562985
2750,0.475657989672
2751,0.799502922542
2752,0.476635716279
2753,0.810241908837
2754,0.455969558556
2755,0.12509820128
2756,0.598337847538
2757,0.596575908492
2758,0.77798622184
2759,0.878912234747
2760,0.399879789773
2761,0.772202532012
2762,0.384338453398
2763,0.423391524453
2764,0.233005924671
2765,0.473997966947
2766,0.577004756352
2767,0.419776533629
2768,0.865671844621
2769,0.912256094304
2770,0.401274599269
2771,0.539683674434
2772,0.379146666531
2773,0.248501713173
2774,0.331042798554
2775,0.136081660633
2776,0.61155569795
2777,0.184591027413
2778,0.354807260562
2779,0.212415111125
2780,0.199942735802
2781,0.525528474565
2782,0.663116325862
2783,0.222548714348
2784,0.147623087738
2785,0.432718638501
2786,0.597104479853
2787,0.631934532463
2788,0.904585812196
2789,0.295173330141
2790,0.859828681733
2791,0.357800521383
2792,0.794817893604
2793,0.482064969364
2794,0.209300072915
2795,0.276416964601
2796,0.370598724147
2797,0.2708953664
2798,0.273935341308
2799,0.850866741268
2800,0.856717025111
2801,0.563293447812
2802,0.791194584792
2803,0.490556215824
2804,0.220738524481
2805,0.135334161877
2806,0.308753231818
2807,0.695615695168
2808,0.627072372464
2809,0.18406971314
2810,0.355258023537
2811,0.313802374329
2812,0.801614271002
2813,0.32095008259
2814,0.303548571878
2815,0.698805691061
2816,0.27412581224
2817,0.837971271729
2818,0.479743478834
2819,0.920951966518
2820,0.301078345565
2821,0.285203876969
2822,0.609020125581
2823,0.35643874266
2824,0.172648198353
2825,0.121301689936
2826,0.634971552255
2827,0.851800872027
2828,0.759875770707
2829,0.19517899708
2830,0.773140195491
2831,0.37253357733
2832,0.248577560257
2833,0.801893835528
2834,0.555053969772
2835,0.646177927123
2836,0.765985080299
2837,0.169704024591
2838,0.27351285176
2839,0.634429955224
2840,0.371056092681
2841,0.678713344882
2842,0.131735705318
2843,0.449592077057
2844,0.551475529693
2845,0.767300625312
2846,0.846920607595
2847,0.857490843866
2848,0.752739709006
2849,0.629648650852
2850,0.508606206776
2851,0.392853348589
2852,0.297654599264
2853,0.295260356721
2854,0.659330256849
2855,0.405664844018
2856,0.145215872041
2857,0.138669822998
2858,0.360842396579
2859,0.187282110088
2860,0.802544114614
2861,0.436725931491
2862,0.344524149137
2863,0.536933996711
2864,0.20141181334
2865,0.256691562822
2866,0.316116941949
2867,0.855135864292
2868,0.86712365642
2869,0.921747842121
2870,0.84657091202
2871,0.22344359303
2872,0.431353618033
2873,0.774800319471
2874,0.380776611644
2875,0.296680796111
2876,0.88321114941
2877,0.132735386713
2878,0.268334594775
2879,0.610205500735
2880,0.589877556445
2881,0.1305420117
2882,0.190665270888
2883,0.588942416178
2884,0.331982551777
2885,0.621576217767
2886,0.864828433569
2887,0.309199834935
2888,0.713792830127
2889,0.434483700899
2890,0.296176692247
2891,0.681606947637
2892,0.337925801168
2893,0.902823354425
2894,0.314876088095
2895,0.854667266254
2896,0.891737668687
2897,0.384072931969
2898,0.17801411973
2899,0.468754928708
2900,0.190380900061
2901,0.783347824801
2902,0.800647862497
2903,0.823516096108
2904,0.430882562971
2905,0.26448969308
2906,0.860485319962
2907,0.562494669478
2908,0.773654241246
2909,0.162748501707
2910,0.757931040809
2911,0.273979265641
2912,0.312802722771
2913,0.49123713337
2914,0.413420256729
2915,0.5
2916,0.199772099676
2917,0.523158797785
2918,0.250778565137
2919,0.163839969762
2920,0.722853955625
2921,0.176648327622
2922,0.574687324728
2923,0.370772511807
2924,0.176440811834
2925,0.637157243865
2926,0.182281868818
2927,0.742941948464
2928,0.145666735884
2929,0.145441276736
2930,0.882460436539
2931,0.46082972417
2932,0.273709854903
2933,0.387777979552
2934,0.219408752269
2935,0.627318829543
2936,0.844807258115
2937,0.896920654167
2938,0.897773301736
2939,0.253540353209
2940,0.837486633983
2941,0.383296081576
2942,0.723638294951
2943,0.171278025449
2944,0.396174049384
2945,0.447936050395
2946,0.90008543778
2947,0.116287458026
2948,0.704166717299
2949,0.430590393921
2950,0.407354868794
2951,0.240984097978
2952,0.308233008514
2953,0.830795499036
2954,0.143249465148
2955,0.5
2956,0.611406328217
2957,0.292676907382
2958,0.181613082797
2959,0.332473170231
2960,0.538065741694
2961,0.920703016627
2962,0.662559177406
2963,0.290022603501
2964,0.544429218407
2965,0.600800379777
2966,0.841460837424
2967,0.907742225858
2968,0.89778359345
2969,0.543950800701
2970,0.651506088484
2971,0.200596849533
2972,0.664234480217
2973,0.594808659727
2974,0.219191035672
2975,0.798337696812
2976,0.227883515833
2977,0.601643355062
2978,0.727414261109
2979,0.508965328199
2980,0.517380551796
2981,0.349374843115
2982,0.188768768065
2983,0.765805802621
2984,0.191928510762
2985,0.164685507702
2986,0.897099708661
2987,0.54466574138
2988,0.173749286681
2989,0.225506761497
2990,0.356087409087
2991,0.862389684799
2992,0.627666517116
2993,0.279484523969
2994,0.851824740898
2995,0.254895418973
2996,0.679197647417
2997,0.307185828474
2998,0.307785634861
2999,0.833404570705
3000,0.259377477879
3001,0.207869461837
3002,0.342005928581
3003,0.753272921028
3004,0.142805540691
3005,0.909236551014
3006,0.772938356584
3007,0.469685491705
3008,0.321991432076
3009,0.316718916103
3010,0.854178157054
3011,0.708516758706
3012,0.810503594634
3013,0.861466396754
3014,0.227391489348
3015,0.548808421844
3016,0.186939311485
3017,0.296236723941
3018,0.363363571042
3019,0.123036236978
3020,0.349381784758
3021,0.362413866324
3022,0.903444382651
3023,0.654423281771
3024,0.687295250454
3025,0.750566403156
3026,0.738482008887
3027,0.360951586317
3028,0.291730853546
3029,0.335512290639
3030,0.886876644923
3031,0.857418006762
3032,0.736254160505
3033,0.858409332232
3034,0.820534310585
3035,0.386540375192
3036,0.584019290211
3037,0.180343973327
3038,0.274863308558
3039,0.858308656723
3040,0.849832282524
3041,0.639283018478
3042,0.644606722451
3043,0.626215824317
3044,0.830510071442
3045,0.71608825537
3046,0.438086904704
3047,0.284068310239
3048,0.297361134178
3049,0.350099840247
3050,0.789966558238
3051,0.858963284026
3052,0.868379885855
3053,0.898969164073
3054,0.66421507541
3055,0.367837444223
3056,0.827741513883
3057,0.265157403768
3058,0.294731838036
3059,0.696978605591
3060,0.872595636071
3061,0.472468526933
3062,0.16316592122
3063,0.738915319498
3064,0.378232946243
3065,0.666373596444
3066,0.563786714481
3067,0.274833680737
3068,0.595161935409
3069,0.42886611448
3070,0.82445159453
3071,0.9025932155
3072,0.849138221373
3073,0.297136565424
3074,0.137555930602
3075,0.819045409551
3076,0.174599535477
3077,0.156671098719
3078,0.379854755569
3079,0.892410094372
3080,0.254017794413
3081,0.476330310624
3082,0.860456624832
3083,0.296726819635
3084,0.704307295485
3085,0.92108803382
3086,0.463196989562
3087,0.200415375334
3088,0.230022964342
3089,0.85137923334
3090,0.722164762211
3091,0.131097728603
3092,0.675936259632
3093,0.606037198973
3094,0.676116562585
3095,0.77429192956
3096,0.893442982533
3097,0.405678378417
3098,0.732691508459
3099,0.296377937133
3100,0.864096791058
3101,0.803800603497
3102,0.844643088128
3103,0.946381997215
3104,0.752395307934
3105,0.71057688751
3106,0.274412222091
3107,0.181596016701
3108,0.463773867316
3109,0.236563196618
3110,0.839041674712
3111,0.825466559019
3112,0.784049613558
3113,0.129006087533
3114,0.165147754138
3115,0.40769497461
3116,0.519253396714
3117,0.843793366687
3118,0.855306844072
3119,0.284514650833
3120,0.466954212527
3121,0.452798007773
3122,0.273595089726
3123,0.351133044153
3124,0.813231390228
3125,0.586605048735
3126,0.839524741895
3127,0.456813260961
3128,0.244334618813
3129,0.808649331522
3130,0.861411648626
3131,0.642616008145
3132,0.779171037606
3133,0.23282632369
3134,0.676275875483
3135,0.168901912331
3136,0.263648296843
3137,0.71272988351
3138,0.463893361953
3139,0.163684357304
3140,0.27469445607
3141,0.8919891971
3142,0.904364101161
3143,0.298965248228
3144,0.245187761318
3145,0.448555434974
3146,0.860475166183
3147,0.152027660205
3148,0.234479547053
3149,0.70287614184
3150,0.553201334648
3151,0.662500618926
3152,0.522618411822
3153,0.5
3154,0.5946022138
3155,0.567789244502
3156,0.616399371316
3157,0.622597962426
3158,0.288998347872
3159,0.18853832291
3160,0.200183555313
3161,0.871121226091
3162,0.222911146511
3163,0.53517600822
3164,0.658458130586
3165,0.543317574084
3166,0.262930102797
3167,0.810247465052
3168,0.889653291871
3169,0.622220828152
3170,0.334406382856
3171,0.742909900843
3172,0.896884469236
3173,0.428528273659
3174,0.423030342617
3175,0.319925351265
3176,0.818749680414
3177,0.250777149599
3178,0.165279629532
3179,0.832511681253
3180,0.551412639482
3181,0.521570909101
3182,0.719444895537
3183,0.639420295457
3184,0.679529162262
3185,0.764128231405
3186,0.671838714849
3187,0.168866839391
3188,0.424952182529
3189,0.847086900744
3190,0.891382424805
3191,0.255895105357
3192,0.769080957792
3193,0.5
3194,0.856931585709
3195,0.166651009414
3196,0.765204095234
3197,0.920588106635
3198,0.29843442718
3199,0.187826140946
3200,0.747390782046
3201,0.437206229263
3202,0.838094114273
3203,0.531647751256
3204,0.622017202423
3205,0.204597365761
3206,0.493846452083
3207,0.526596594004
3208,0.911230889525
3209,0.376320912239
3210,0.388869035709
3211,0.849377369714
3212,0.806190229704
3213,0.532591750617
3214,0.282444712815
3215,0.152755616832
3216,0.462952030138
3217,0.355457531164
3218,0.362335835991
3219,0.528500106036
3220,0.722747603313
3221,0.654619332627
3222,0.582230585244
3223,0.371740772953
3224,0.842371270195
3225,0.878552008288
3226,0.793927435641
3227,0.313186124221
3228,0.481183147437
3229,0.866739211937
3230,0.848056146724
3231,0.841930097845
3232,0.672417385512
3233,0.653645702611
3234,0.931593978256
3235,0.657608145258
3236,0.43949704934
3237,0.332320620767
3238,0.90224990926
3239,0.842401271397
3240,0.840202841714
3241,0.854098526584
3242,0.362781627197
3243,0.653470237349
3244,0.850975115521
3245,0.151338405985
3246,0.121800790338
3247,0.19954725913
3248,0.769232741316
3249,0.822690279384
3250,0.359110728275
3251,0.770111282761
3252,0.364906840311
3253,0.381749093355
3254,0.44347386465
3255,0.696373363439
3256,0.618152725242
3257,0.3370978272
3258,0.223437638884
3259,0.61889360322
3260,0.156350831397
3261,0.560497835839
3262,0.117806665397
3263,0.852032389556
3264,0.758502989485
3265,0.269467406017
3266,0.883170937876
3267,0.760889173191
3268,0.249190512167
3269,0.577645176473
3270,0.582678220873
3271,0.924460763046
3272,0.838190606076
3273,0.409851006949
3274,0.211451595379
3275,0.65992652405
3276,0.46580852402
3277,0.273562759669
3278,0.889406590432
3279,0.654302634923
3280,0.287796082313
3281,0.80869463032
3282,0.769539327116
3283,0.250359726589
3284,0.657992329394
3285,0.869690316344
3286,0.836728198385
3287,0.252604203997
3288,0.166554995097
3289,0.786346617657
3290,0.398158316927
3291,0.33077286554
3292,0.429213976627
3293,0.897068145417
3294,0.411941319238
3295,0.360224515614
3296,0.25921772412
3297,0.859213217521
3298,0.688955395172
3299,0.337253580628
3300,0.488632113743
3301,0.235276766472
3302,0.152418919453
3303,0.136669643272
3304,0.688404313091
3305,0.314110891483
3306,0.331276742256
3307,0.138050092264
3308,0.140676296765
3309,0.388168588225
3310,0.299628587289
3311,0.846866454913
3312,0.831020979254
3313,0.577861854596
3314,0.873759199002
3315,0.190235859751
3316,0.604219686754
3317,0.663523878689
3318,0.284311946971
3319,0.535452042882
3320,0.14431150733
3321,0.728309509454
3322,0.856793593587
3323,0.382078656234
3324,0.845304544913
3325,0.673064380019
3326,0.623814759499
3327,0.700639697922
3328,0.379488095921
3329,0.357502379765
3330,0.115705788232
3331,0.684259984115
3332,0.880284716593
3333,0.836396791858
3334,0.323345325873
3335,0.433964478683
3336,0.597575405951
3337,0.156081707433
3338,0.589660888738
3339,0.777394177597
3340,0.928863693874
3341,0.839380430374
3342,0.176256557155
3343,0.59838365483
3344,0.5
3345,0.424309352729
3346,0.454831470515
3347,0.825904110945
3348,0.267216420425
3349,0.241965624377
3350,0.450679318006
3351,0.541531195309
3352,0.744080689033
3353,0.712416684129
3354,0.595209914899
3355,0.527723206615
3356,0.164195074597
3357,0.124047013993
3358,0.649221650945
3359,0.35015955779
3360,0.724331835287
3361,0.880059579934
3362,0.212574267048
3363,0.743540926905
3364,0.354897632882
3365,0.411060433327
3366,0.726983794197
3367,0.428210277774
3368,0.864964090499
3369,0.894495316818
3370,0.910759675089
3371,0.581257591442
3372,0.737428945271
3373,0.758058937351
3374,0.272890935942
3375,0.819532126826
3376,0.232574641888
3377,0.5
3378,0.164511974567
3379,0.747869742003
3380,0.711623957993
3381,0.128709323792
3382,0.207126953209
3383,0.169008409444
3384,0.663026722727
3385,0.434637414713
3386,0.795117192708
3387,0.529996501559
3388,0.712657184601
3389,0.734789381391
3390,0.262660121791
3391,0.172848736289
3392,0.737076579938
3393,0.413901466502
3394,0.14424898163
3395,0.284346977757
3396,0.193292317183
3397,0.906204991343
3398,0.220964513275
3399,0.482258341082
3400,0.73068982339
3401,0.33203275368
3402,0.47029799409
3403,0.472014217625
3404,0.6412934472
3405,0.860460380271
3406,0.684919623142
3407,0.645453116567
3408,0.283157959365
3409,0.752727085443
3410,0.667032771259
3411,0.840750005557
3412,0.5
3413,0.730182220136
3414,0.548621871144
3415,0.802846917482
3416,0.355725413341
3417,0.713174391192
3418,0.879166906029
3419,0.14311951042
3420,0.841562084903
3421,0.15450690966
3422,0.182945638684
3423,0.829486750837
3424,0.18674739564
3425,0.422106187421
3426,0.289427324605
3427,0.797643534525
3428,0.786688719762
3429,0.781497233624
3430,0.927833963425
3431,0.241974571539
3432,0.590696687665
3433,0.362019136236
3434,0.406460261402
3435,0.216612363947
3436,0.675332541287
3437,0.653065649128
3438,0.665616195196
3439,0.651044828246
3440,0.61648540293
3441,0.5
3442,0.553582312433
3443,0.572232882709
3444,0.646422686188
3445,0.657193018983
3446,0.804198674174
3447,0.675535023045
3448,0.839446121946
3449,0.431912595693
3450,0.739708642036
3451,0.230907994686
3452,0.312131332516
3453,0.76654098114
3454,0.255098314081
3455,0.687661989572
3456,0.745896172068
3457,0.732544939304
3458,0.165737524627
3459,0.655766753815
3460,0.884233761744
3461,0.89667150393
3462,0.802062769909
3463,0.214291945087
3464,0.185698139678
3465,0.645205148573
3466,0.158193492614
3467,0.471101978334
3468,0.340498794355
3469,0.928367211728
3470,0.61186109092
3471,0.856459734486
3472,0.941689908021
3473,0.887080992216
3474,0.267996380716
3475,0.612600694529
3476,0.301243596444
3477,0.88147026467
3478,0.658154705594
3479,0.801928825142
3480,0.378628513354
3481,0.653814849108
3482,0.145999191671
3483,0.818912289766
3484,0.12700808533
3485,0.260797642888
3486,0.873829566778
3487,0.750852625208
3488,0.588113397888
3489,0.195823476442
3490,0.280981108081
3491,0.446902446673
3492,0.676754762218
3493,0.838637818196
3494,0.447098198666
3495,0.821612278217
3496,0.132382908925
3497,0.210218017595
3498,0.115506583073
3499,0.378049944488
3500,0.601524405214
3501,0.181055376409
3502,0.45870205595
3503,0.440770344904
3504,0.738857605582
3505,0.846934652701
3506,0.465529181886
3507,0.46166332315
3508,0.208514100181
3509,0.32271401388
3510,0.556796461364
3511,0.466780665243
3512,0.743449270028
3513,0.199007511963
3514,0.786974132666
3515,0.343443879907
3516,0.794430049447
3517,0.197917615662
3518,0.764515306014
3519,0.611687559894
3520,0.206142093361
3521,0.365190014576
3522,0.5
3523,0.891387178224
3524,0.78479878506
3525,0.574189205211
3526,0.911245869252
3527,0.726572235605
3528,0.830154064241
3529,0.137934498809
3530,0.627681594118
3531,0.886540456111
3532,0.901325349399
3533,0.753385750368
3534,0.892694081966
3535,0.909149505255
3536,0.544007001003
3537,0.133632232334
3538,0.868013130682
3539,0.599946427211
3540,0.86195744784
3541,0.636081053851
3542,0.754018737669
3543,0.90236979554
3544,0.225192334272
3545,0.158093868626
3546,0.90490292078
3547,0.366147048443
3548,0.678033771244
3549,0.466362357139
3550,0.606126977207
3551,0.3325931634
3552,0.450080181888
3553,0.857961883954
3554,0.830762205413
3555,0.843852799415
3556,0.385615589138
3557,0.508442097019
3558,0.192596969317
3559,0.263670186244
3560,0.389843344473
3561,0.28086786922
3562,0.130070596857
3563,0.902401985274
3564,0.237920404201
3565,0.242344742306
3566,0.730846530213
3567,0.199922979129
3568,0.3577407318
3569,0.214948196723
3570,0.562962683445
3571,0.343816368757
3572,0.87182881482
3573,0.119851458066
3574,0.754438897506
3575,0.5
3576,0.652448931703
3577,0.895540001716
3578,0.261934028672
3579,0.710583119263
3580,0.488148229055
3581,0.18822671886
3582,0.49104425723
3583,0.148073741077
3584,0.490443328773
3585,0.896522761073
3586,0.851683923446
3587,0.352945046524
3588,0.891027635225
3589,0.352564547232
3590,0.703882846541
3591,0.331037539352
3592,0.757473143122
3593,0.880641004689
3594,0.593871939571
3595,0.670421512938
3596,0.562695266332
3597,0.25425170538
3598,0.276765847913
3599,0.745084119108
3600,0.848630604676
3601,0.836675150469
3602,0.415778316904
3603,0.510854089284
3604,0.332786569539
3605,0.187630953206
3606,0.232165110048
3607,0.584602562975
3608,0.842074248783
3609,0.293136747483
3610,0.535709060246
3611,0.293563366492
3612,0.61992590344
3613,0.764747719925
3614,0.147076424094
3615,0.926413017029
3616,0.149381740945
3617,0.274626834726
3618,0.153327550884
3619,0.73591492926
3620,0.808750185181
3621,0.813072522885
3622,0.21541898435
3623,0.90911289347
3624,0.471798100185
3625,0.379391227164
3626,0.172899715626
3627,0.623609740264
3628,0.656206987226
3629,0.401347614025
3630,0.401681443429
3631,0.909619531193
3632,0.622647729381
3633,0.831954111694
3634,0.58922634461
3635,0.899964390642
3636,0.802930355326
3637,0.648069957266
3638,0.173670919995
3639,0.271522513027
3640,0.940652348244
3641,0.665596174174
3642,0.71070625528
3643,0.276433006357
3644,0.393603097215
3645,0.367402273835
3646,0.839004791084
3647,0.350985496791
3648,0.241452372547
3649,0.624686062514
3650,0.86146313669
3651,0.1537428317
3652,0.431530288324
3653,0.539704732127
3654,0.175277706709
3655,0.915796517976
3656,0.234941883317
3657,0.719091726693
3658,0.700471266017
3659,0.16759986678
3660,0.170339771821
3661,0.523955935399
3662,0.226593507219
3663,0.151218441799
3664,0.788843466983
3665,0.219780199429
3666,0.354568797876
3667,0.373368389112
3668,0.845782119926
3669,0.784884447524
3670,0.792741264615
3671,0.464545949903
3672,0.482004240266
3673,0.709038742887
3674,0.340429093665
3675,0.514332310292
3676,0.362797248503
3677,0.720646531074
3678,0.746847929674
3679,0.355642379677
3680,0.174212019146
3681,0.131804473335
3682,0.292383153903
3683,0.258555960402
3684,0.363759885958
3685,0.296363904868
3686,0.15592283192
3687,0.574555164296
3688,0.351570427659
3689,0.568123313838
3690,0.286527186448
3691,0.751666989028
3692,0.508668877224
3693,0.844398176039
3694,0.881201552496
3695,0.196863195166
3696,0.790430239274
3697,0.853824799939
3698,0.430449697305
3699,0.769765093865
3700,0.515313826802
3701,0.780651035279
3702,0.90396664336
3703,0.764299500812
3704,0.446532981694
3705,0.292231608361
3706,0.292603253483
3707,0.581767570002
3708,0.445821404871
3709,0.647297195172
3710,0.349710302499
3711,0.20421417911
3712,0.277859085851
3713,0.377612138398
3714,0.950219422384
3715,0.710641693151
3716,0.715928509412
3717,0.21336049962
3718,0.147888896339
3719,0.451711480071
3720,0.824314571472
3721,0.449171380478
3722,0.711898276993
3723,0.852778052147
3724,0.533819830545
3725,0.355153024983
3726,0.616950423837
3727,0.248390421763
3728,0.155065468946
3729,0.862250846711
3730,0.247782858281
3731,0.166590567252
3732,0.837296663176
3733,0.813046970267
3734,0.334573726019
3735,0.775714548239
3736,0.903638783771
3737,0.344814285633
3738,0.673377442045
3739,0.714090518133
3740,0.319376355579
3741,0.803858320924
3742,0.583418835606
3743,0.438842261435
3744,0.415234025189
3745,0.173503567977
3746,0.596777216133
3747,0.864526461865
3748,0.565735701893
3749,0.198899715857
3750,0.569478037146
3751,0.124465457525
