MoleculeId,tfidf_et-PredictedProbability
1,0.708396383278
2,0.932014422867
3,0.21664205979
4,0.288457265577
5,0.123579304645
6,0.379758056758
7,0.797467466404
8,0.725741996984
9,0.67285167642
10,0.241938810396
11,0.804574320663
12,0.493918532211
13,0.638857960537
14,0.719413032621
15,0.650683930238
16,0.683261675854
17,0.704183121188
18,0.208179001642
19,0.379330316899
20,0.426500696096
21,0.560506976354
22,0.580022466159
23,0.219178416958
24,0.342541736172
25,0.162291315673
26,0.908342925282
27,0.649418702445
28,0.247126354469
29,0.816546627256
30,0.739300787312
31,0.100270125901
32,0.62478388818
33,0.100270125901
34,0.617944108171
35,0.677586504212
36,0.389298696532
37,0.690510529086
38,0.415015685336
39,0.44215042852
40,0.831898847748
41,0.734048778287
42,0.139092027039
43,0.105951944083
44,0.653297319193
45,0.377268000734
46,0.924132217353
47,0.700991226786
48,0.273628365773
49,0.103104133998
50,0.622779124701
51,0.838383937752
52,0.663922024024
53,0.392495897663
54,0.799000988439
55,0.402420501139
56,0.670620651522
57,0.282609602141
58,0.247794710285
59,0.907371240985
60,0.452013688985
61,0.291539189332
62,0.562459093316
63,0.586421390901
64,0.360071878664
65,0.262947020158
66,0.354632122323
67,0.665238096235
68,0.64994841766
69,0.162412160853
70,0.670907517355
71,0.27033977658
72,0.38416295599
73,0.923455864308
74,0.406853812221
75,0.775037970876
76,0.932014422867
77,0.655980893247
78,0.87041888294
79,0.766016071209
80,0.242356602581
81,0.706128851201
82,0.279381515965
83,0.707549329554
84,0.932014422867
85,0.650460471951
86,0.629916032037
87,0.585162246907
88,0.406527484663
89,0.837703885796
90,0.319026529185
91,0.904082644935
92,0.768798103776
93,0.813064528984
94,0.306595229247
95,0.395605875464
96,0.432592620862
97,0.631239286337
98,0.429482248353
99,0.464905628791
100,0.495016460083
101,0.157941640431
102,0.467936710348
103,0.756744084239
104,0.856328436501
105,0.244959301857
106,0.619932190601
107,0.7033637937
108,0.915885390609
109,0.100270125901
110,0.926391254059
111,0.248702957437
112,0.308713921491
113,0.100270125901
114,0.827479485376
115,0.751224948203
116,0.296481199486
117,0.342440452119
118,0.385237129822
119,0.487469375431
120,0.843014415391
121,0.391203509983
122,0.260761269632
123,0.481072117388
124,0.606739113466
125,0.69589570123
126,0.863822734318
127,0.745625806088
128,0.320838120742
129,0.807082841914
130,0.474379163899
131,0.328643934627
132,0.863752132112
133,0.22474605653
134,0.798815627359
135,0.292561856096
136,0.143370063244
137,0.307448048719
138,0.247749952733
139,0.572797962531
140,0.856693509047
141,0.786623796777
142,0.377468022702
143,0.920011243217
144,0.788929867963
145,0.86608772418
146,0.919660797895
147,0.331725629893
148,0.756213687942
149,0.357736892049
150,0.280078751371
151,0.286315780222
152,0.646994332363
153,0.852501334595
154,0.403096733418
155,0.603170098969
156,0.366656916226
157,0.773220046335
158,0.1671888347
159,0.704532623251
160,0.609374191288
161,0.537426375502
162,0.223604678035
163,0.441097210838
164,0.190170508785
165,0.317129960322
166,0.479633309107
167,0.492945557919
168,0.57019341097
169,0.829834099576
170,0.153955049406
171,0.431310414301
172,0.303090358874
173,0.735265128706
174,0.386335943739
175,0.831461584989
176,0.888277362498
177,0.658931581718
178,0.572857933389
179,0.323187624018
180,0.138022182639
181,0.496166350546
182,0.70044787046
183,0.436702702955
184,0.396857992912
185,0.867460585957
186,0.32332570399
187,0.870320227846
188,0.814671341026
189,0.461414305158
190,0.534143732576
191,0.713288556344
192,0.919680457022
193,0.777672696361
194,0.3900290544
195,0.485540168009
196,0.31129806999
197,0.683199594523
198,0.53460690226
199,0.635177919931
200,0.442008640236
201,0.915573658795
202,0.590964650777
203,0.465561272665
204,0.904841863451
205,0.803626758397
206,0.326455474264
207,0.28374512556
208,0.195967584738
209,0.896512171236
210,0.28373781169
211,0.247396012804
212,0.560762700757
213,0.538758399674
214,0.316107504554
215,0.932014422867
216,0.282004325775
217,0.578798096673
218,0.15750472143
219,0.848775781672
220,0.914011243217
221,0.149172538315
222,0.192194563966
223,0.628839928885
224,0.469405573973
225,0.304461187083
226,0.416726840635
227,0.702663977987
228,0.501689242045
229,0.556977180611
230,0.303418254983
231,0.149541758467
232,0.699670629045
233,0.804515652511
234,0.7674502664
235,0.693600079524
236,0.495487846058
237,0.355354209646
238,0.205476177169
239,0.417500041966
240,0.244010141783
241,0.824197669905
242,0.16052351228
243,0.397109165249
244,0.178687466429
245,0.459967885375
246,0.545334142784
247,0.477264931928
248,0.687907482422
249,0.446540047203
250,0.401897452245
251,0.796650809039
252,0.633047192016
253,0.263317092825
254,0.178106475596
255,0.482340239795
256,0.619494312395
257,0.258269387795
258,0.405440953355
259,0.757506087054
260,0.932014422867
261,0.79253959234
262,0.852461410495
263,0.483036588068
264,0.363561208257
265,0.114463981581
266,0.205197244877
267,0.535604480089
268,0.135962297506
269,0.900923060157
270,0.192881727577
271,0.584616516833
272,0.777668202199
273,0.238475518377
274,0.493822627806
275,0.714981594721
276,0.32096708137
277,0.551591004218
278,0.391902792256
279,0.87669620142
280,0.279242276305
281,0.534223416043
282,0.352961556219
283,0.809443247792
284,0.650538119495
285,0.689096666363
286,0.27358601159
287,0.53677540614
288,0.429843269001
289,0.70152975006
290,0.542486261349
291,0.325482969325
292,0.787313689331
293,0.851680449547
294,0.54698956495
295,0.755283343277
296,0.639705265864
297,0.353581645065
298,0.538271891629
299,0.115724861797
300,0.757751325599
301,0.771380746866
302,0.307026928977
303,0.78502688096
304,0.656248289847
305,0.900638023843
306,0.298080036829
307,0.594890205394
308,0.433874608726
309,0.282681868643
310,0.910262221801
311,0.489919497773
312,0.911121898464
313,0.79434236278
314,0.478815774517
315,0.71304065145
316,0.915573658795
317,0.415960721396
318,0.721431376574
319,0.728113748898
320,0.880721598139
321,0.860389794819
322,0.176877511678
323,0.141497609717
324,0.490708593968
325,0.366307779495
326,0.651087609013
327,0.724217804016
328,0.674306418118
329,0.359741808545
330,0.742243587759
331,0.255767961757
332,0.597740722735
333,0.838224400702
334,0.660940126901
335,0.168350296003
336,0.873298343069
337,0.620114053344
338,0.405662968745
339,0.600144967064
340,0.73262960441
341,0.73639655569
342,0.594855172375
343,0.807476941325
344,0.153465153912
345,0.799759501293
346,0.332742403329
347,0.876320227846
348,0.750587050711
349,0.121871747319
350,0.841063960211
351,0.184940034904
352,0.663820639179
353,0.2655098695
354,0.613951218434
355,0.520397833376
356,0.52233010477
357,0.135815791536
358,0.189766645454
359,0.853312425621
360,0.932014422867
361,0.302621565024
362,0.433634954133
363,0.424854357392
364,0.865978581985
365,0.816930478827
366,0.906155676867
367,0.420412945067
368,0.809509297592
369,0.284278102707
370,0.759609782106
371,0.716636567543
372,0.192775156037
373,0.681873808493
374,0.905796702035
375,0.562785616802
376,0.206438416973
377,0.735328338443
378,0.602242136189
379,0.366085793082
380,0.739289074454
381,0.126038413985
382,0.193325592228
383,0.53294991193
384,0.19290342843
385,0.349413288446
386,0.688487440268
387,0.131802791834
388,0.788592478745
389,0.726805533708
390,0.919680457022
391,0.629801023942
392,0.888457540118
393,0.827547234169
394,0.247751332059
395,0.486536783818
396,0.360601559846
397,0.120616989793
398,0.558790526324
399,0.760644121106
400,0.449485215965
401,0.908003185095
402,0.802337007412
403,0.586602387135
404,0.869627981982
405,0.498684691854
406,0.7797279587
407,0.270220237755
408,0.26533949961
409,0.876894122115
410,0.141792412953
411,0.872243304769
412,0.88223969295
413,0.689943281926
414,0.122895800665
415,0.896710802481
416,0.399253030055
417,0.296363152198
418,0.75838236417
419,0.569216034956
420,0.823232199978
421,0.353018154502
422,0.37345252473
423,0.765579608427
424,0.57552109545
425,0.636143667633
426,0.837575098286
427,0.881251150789
428,0.806765942425
429,0.830330257519
430,0.932014422867
431,0.81365495115
432,0.480977425739
433,0.312778781993
434,0.490444121684
435,0.580602522571
436,0.673194599158
437,0.772848470661
438,0.141597681215
439,0.910262221801
440,0.806574947448
441,0.459939876626
442,0.924132217353
443,0.848824957214
444,0.269913366134
445,0.173938425253
446,0.900094817513
447,0.15750472143
448,0.452638371677
449,0.488202207008
450,0.414269535732
451,0.290418606507
452,0.267434935807
453,0.302562537771
454,0.123773470383
455,0.823232199978
456,0.171019735432
457,0.888304057999
458,0.837700406674
459,0.24120849425
460,0.799058762935
461,0.56936910577
462,0.591633731402
463,0.831989598306
464,0.505254534683
465,0.662034008364
466,0.362341069977
467,0.199798369652
468,0.123431890607
469,0.875031084486
470,0.806336554377
471,0.487743882579
472,0.681135766388
473,0.489715570377
474,0.433393440685
475,0.792899572286
476,0.911452684658
477,0.751091528909
478,0.584977578222
479,0.817357757118
480,0.229382051043
481,0.755576743489
482,0.433450789105
483,0.160573337575
484,0.745730757277
485,0.672342148479
486,0.120061792568
487,0.25630928008
488,0.280961294458
489,0.833193412422
490,0.540674736269
491,0.369920741768
492,0.625815868772
493,0.90732683205
494,0.805878508377
495,0.357943451535
496,0.904919169012
497,0.571535197829
498,0.724894699504
499,0.199635538638
500,0.292280231567
501,0.404457380712
502,0.400331530653
503,0.210852434761
504,0.299981857229
505,0.875647641109
506,0.64328840226
507,0.675613294864
508,0.21227853603
509,0.577486650393
510,0.853903804744
511,0.439439365609
512,0.859761139346
513,0.697400863731
514,0.184785885473
515,0.281278167128
516,0.87555266658
517,0.696933904379
518,0.420659716257
519,0.313627001081
520,0.100270125901
521,0.491359821028
522,0.132445693496
523,0.434791454161
524,0.63378529274
525,0.610856075085
526,0.198226102346
527,0.618800078445
528,0.550243271222
529,0.197064261539
530,0.727069379206
531,0.912977995135
532,0.632980914102
533,0.883082644935
534,0.474405194986
535,0.361126099004
536,0.795098898393
537,0.932014422867
538,0.396570717021
539,0.807146921337
540,0.203428768256
541,0.756481699361
542,0.545867396879
543,0.365036725494
544,0.589977578425
545,0.536635226566
546,0.25195874533
547,0.506676884116
548,0.46503053485
549,0.39823266642
550,0.626803938549
551,0.377634662151
552,0.216047628646
553,0.384586999419
554,0.24483899111
555,0.708905823885
556,0.534511322581
557,0.124228459234
558,0.71131042699
559,0.300396334271
560,0.585681890726
561,0.341428466248
562,0.344063748985
563,0.777861491793
564,0.170710886909
565,0.842776027683
566,0.799743965555
567,0.402624080948
568,0.730471656538
569,0.858958561665
570,0.833328449603
571,0.88568807303
572,0.391751235263
573,0.272968432925
574,0.295007528549
575,0.195126529994
576,0.507642216411
577,0.766499592079
578,0.346148513382
579,0.159124062212
580,0.183760963334
581,0.295668437227
582,0.83151229142
583,0.561723954223
584,0.233221175614
585,0.426781808703
586,0.795235358287
587,0.808956566152
588,0.406128838009
589,0.304202877791
590,0.678323361438
591,0.816061364773
592,0.735907423866
593,0.448152323043
594,0.331841270228
595,0.381084177083
596,0.146222826837
597,0.323639759055
598,0.796613006631
599,0.78042994513
600,0.682576158296
601,0.381179176139
602,0.841180957705
603,0.833696475781
604,0.815040208214
605,0.859110052331
606,0.631981903949
607,0.37222272747
608,0.869873071475
609,0.255007546272
610,0.59983258515
611,0.905796702035
612,0.364902514336
613,0.734900062752
614,0.850981167309
615,0.650699984425
616,0.629014236234
617,0.77843149512
618,0.665335664352
619,0.543350734504
620,0.244149036942
621,0.781451032236
622,0.50617788841
623,0.836432015486
624,0.554714734225
625,0.799522459054
626,0.53957034294
627,0.658192485932
628,0.66719491163
629,0.406932622258
630,0.303514916775
631,0.857498877084
632,0.150384932433
633,0.483620491737
634,0.792203745726
635,0.700470888116
636,0.563649350492
637,0.779530113122
638,0.411004010396
639,0.229590270999
640,0.845465155991
641,0.597783018538
642,0.428658935728
643,0.38172595828
644,0.393031765939
645,0.578648287628
646,0.870742964161
647,0.919680457022
648,0.308948627834
649,0.779114005011
650,0.665264242501
651,0.476772458679
652,0.626689913735
653,0.711652925653
654,0.525333251073
655,0.717784879708
656,0.913678907549
657,0.542152502397
658,0.782608750782
659,0.922596187645
660,0.332462622786
661,0.889809709348
662,0.567347113908
663,0.47216773792
664,0.477970160136
665,0.318716962918
666,0.181011168942
667,0.457981702786
668,0.650813214498
669,0.619616666933
670,0.44786888666
671,0.543023619898
672,0.900485265041
673,0.768614622228
674,0.799429566265
675,0.799276991498
676,0.393815570909
677,0.504376512822
678,0.633410880975
679,0.390914472948
680,0.217404863241
681,0.916596187645
682,0.713437196632
683,0.253413984801
684,0.404330184234
685,0.23602470532
686,0.628006797654
687,0.891953005764
688,0.854529054098
689,0.827608200027
690,0.809992415716
691,0.818463631996
692,0.288944417097
693,0.717885646897
694,0.906155676867
695,0.807248782439
696,0.430387499684
697,0.782838297041
698,0.780177169698
699,0.407009010455
700,0.151056909982
701,0.706174346726
702,0.122895800665
703,0.18427950864
704,0.773681566202
705,0.37483546164
706,0.476692976647
707,0.881034449437
708,0.874896752113
709,0.202662186769
710,0.817654938376
711,0.898459476127
712,0.100270125901
713,0.91177208944
714,0.492854362298
715,0.865003617264
716,0.138149973764
717,0.815059208908
718,0.260434130143
719,0.67641537111
720,0.759022883415
721,0.656814390787
722,0.245152936187
723,0.132445693496
724,0.849125070638
725,0.100270125901
726,0.165185194492
727,0.811405013877
728,0.804452004037
729,0.310407188814
730,0.849215063967
731,0.812524691498
732,0.551175038729
733,0.631946920987
734,0.453330592038
735,0.7503805135
736,0.100270125901
737,0.861226660504
738,0.51882523903
739,0.894307237649
740,0.435554758186
741,0.894269971486
742,0.399424418527
743,0.316723628626
744,0.896512171236
745,0.634507410248
746,0.670463037977
747,0.238284505899
748,0.235705070385
749,0.178430000307
750,0.138044221144
751,0.59102140031
752,0.777214541458
753,0.838950356108
754,0.901383792236
755,0.505387511198
756,0.467229194796
757,0.669527304001
758,0.57850636615
759,0.876330443869
760,0.297482634721
761,0.243880955076
762,0.612329347529
763,0.498459773497
764,0.286756376793
765,0.504614515028
766,0.800533100091
767,0.324698778677
768,0.484088967065
769,0.310956827049
770,0.360914731939
771,0.409855340177
772,0.392822532472
773,0.36412208722
774,0.900404279029
775,0.456657725748
776,0.864450049207
777,0.243932811706
778,0.412878148224
779,0.731431788876
780,0.457904885611
781,0.932014422867
782,0.714423655426
783,0.335191161941
784,0.911121898464
785,0.247392954585
786,0.466725741582
787,0.561263950515
788,0.262260287406
789,0.323828783029
790,0.685810740086
791,0.375833601046
792,0.172029743491
793,0.33277899585
794,0.90323969295
795,0.669492830841
796,0.911798251509
797,0.301201214248
798,0.824762053336
799,0.265880985158
800,0.541850955591
801,0.312411189443
802,0.132445693496
803,0.25381127086
804,0.799276971764
805,0.797908379465
806,0.639099460416
807,0.499706760365
808,0.284968202679
809,0.298557998694
810,0.416940560598
811,0.520013256464
812,0.700763149601
813,0.740804460096
814,0.807342120287
815,0.160885538638
816,0.407775908235
817,0.364978910138
818,0.823870190723
819,0.398944738574
820,0.829548402759
821,0.651680204055
822,0.922596187645
823,0.637938863673
824,0.785586734447
825,0.459152407413
826,0.609697315149
827,0.315275957797
828,0.485695672346
829,0.856045424678
830,0.301008442735
831,0.819023401793
832,0.815307051094
833,0.889263046339
834,0.19805484146
835,0.126002443119
836,0.863542902596
837,0.475716649728
838,0.169297454268
839,0.759173236205
840,0.483832453423
841,0.890501955212
842,0.759162013418
843,0.6876122942
844,0.605736227927
845,0.783730559431
846,0.298611336803
847,0.567169779755
848,0.544930922564
849,0.127062467331
850,0.275299907223
851,0.184287164246
852,0.808094612855
853,0.291392506565
854,0.512449473411
855,0.419081694272
856,0.519801496547
857,0.315564824195
858,0.818667444472
859,0.166010649094
860,0.224503864756
861,0.412991678361
862,0.464438296319
863,0.443388656822
864,0.500301536557
865,0.305283381548
866,0.883215612819
867,0.892405626302
868,0.263589902803
869,0.228712732458
870,0.224395540462
871,0.902864246734
872,0.356880974031
873,0.819804295358
874,0.330560927599
875,0.636495564772
876,0.432037641638
877,0.196905116568
878,0.470051123394
879,0.440718388066
880,0.711938942873
881,0.550652667405
882,0.926391254059
883,0.481206811012
884,0.148195571441
885,0.416736801016
886,0.724784303795
887,0.900569493339
888,0.415250914703
889,0.694118301695
890,0.865842358673
891,0.380798931618
892,0.786541847115
893,0.456305504811
894,0.345584079098
895,0.503330623408
896,0.431412987821
897,0.306880987016
898,0.710375022509
899,0.21585114619
900,0.865508045034
901,0.32467810362
902,0.288333085144
903,0.645932737335
904,0.209203420786
905,0.820044688659
906,0.836081260886
907,0.84598360419
908,0.900638023843
909,0.743544060275
910,0.394742431931
911,0.928219356453
912,0.461615733824
913,0.550319468287
914,0.462818960344
915,0.316241720854
916,0.359472068264
917,0.259496119112
918,0.861644298998
919,0.580442552576
920,0.754348508568
921,0.26788089123
922,0.698209378556
923,0.240775170451
924,0.619255867813
925,0.219959088089
926,0.237437871899
927,0.384648444937
928,0.904841863451
929,0.426957595686
930,0.210294276073
931,0.252593072936
932,0.900307237649
933,0.882406794806
934,0.840412166107
935,0.390647357879
936,0.890229201773
937,0.45876152738
938,0.315410450258
939,0.833837819697
940,0.569501490442
941,0.727257904426
942,0.584412229388
943,0.799574224375
944,0.221959562768
945,0.83509951078
946,0.185984820077
947,0.824393939102
948,0.531584847076
949,0.853850533454
950,0.221293267827
951,0.855011366949
952,0.673649314112
953,0.194772764372
954,0.320834907317
955,0.622762810283
956,0.567225663263
957,0.549237900415
958,0.610903832955
959,0.932014422867
960,0.655141623656
961,0.475374940075
962,0.932014422867
963,0.911798251509
964,0.709239340355
965,0.241720244133
966,0.858060993009
967,0.151633744581
968,0.25301117308
969,0.932014422867
970,0.702870919637
971,0.737220350978
972,0.368675606535
973,0.278385811213
974,0.316200887206
975,0.547572515674
976,0.75111119971
977,0.458768558006
978,0.818940792103
979,0.497179744247
980,0.136817830825
981,0.932014422867
982,0.564974151597
983,0.728282155081
984,0.880856712562
985,0.245633911928
986,0.827534666365
987,0.571515984586
988,0.507488913944
989,0.634918920452
990,0.205548083238
991,0.100270125901
992,0.100270125901
993,0.311615975315
994,0.846948755791
995,0.374655778948
996,0.231478517556
997,0.100270125901
998,0.695038829796
999,0.443152514336
1000,0.391633385378
1001,0.313551191653
1002,0.24520101457
1003,0.47504333724
1004,0.757565975744
1005,0.840938841636
1006,0.402432227058
1007,0.382929554933
1008,0.303195128262
1009,0.581887726371
1010,0.137041077214
1011,0.922237466107
1012,0.510761343654
1013,0.465130926207
1014,0.824197416611
1015,0.416916625041
1016,0.863159127419
1017,0.695065299357
1018,0.625084901838
1019,0.383736465744
1020,0.914388074409
1021,0.447781129372
1022,0.844063338427
1023,0.137020167798
1024,0.120061792568
1025,0.326183406498
1026,0.100270125901
1027,0.247085812915
1028,0.763215253114
1029,0.621204975525
1030,0.728977445334
1031,0.583015180382
1032,0.599749261723
1033,0.30183093033
1034,0.323084630275
1035,0.358192205371
1036,0.444134944162
1037,0.464668766005
1038,0.764687482481
1039,0.102080080652
1040,0.84664572499
1041,0.326603574566
1042,0.843618906734
1043,0.755802192107
1044,0.88683380533
1045,0.932014422867
1046,0.36916817162
1047,0.296989609286
1048,0.244202905274
1049,0.797821095575
1050,0.413083509328
1051,0.644221209915
1052,0.386648109673
1053,0.364319007577
1054,0.337753495515
1055,0.825379175722
1056,0.314785120112
1057,0.573691542635
1058,0.393796712405
1059,0.754757341455
1060,0.483412664721
1061,0.354413179535
1062,0.828271396767
1063,0.395105107985
1064,0.793519634193
1065,0.536219206103
1066,0.619281524093
1067,0.806535318775
1068,0.147731803716
1069,0.855850630196
1070,0.488881372251
1071,0.433829612111
1072,0.266868082347
1073,0.550509267892
1074,0.167385780642
1075,0.388836735988
1076,0.779815430321
1077,0.885505868895
1078,0.486897597958
1079,0.346823851573
1080,0.343157194902
1081,0.631886778523
1082,0.414148308512
1083,0.279738686825
1084,0.124967095598
1085,0.663487989835
1086,0.261521514364
1087,0.566261906726
1088,0.86129073218
1089,0.811017955727
1090,0.105951944083
1091,0.870781814693
1092,0.631575884439
1093,0.373785109877
1094,0.88675581833
1095,0.793582906809
1096,0.849072066672
1097,0.168422303344
1098,0.354260690113
1099,0.543514989639
1100,0.143370971312
1101,0.558579701335
1102,0.854606841726
1103,0.711609493861
1104,0.426365040153
1105,0.877799493325
1106,0.791037862267
1107,0.816342595262
1108,0.596266556298
1109,0.876626786072
1110,0.671123229428
1111,0.59465876005
1112,0.617143184167
1113,0.652040583303
1114,0.274244628661
1115,0.574666902935
1116,0.926014422867
1117,0.771349870556
1118,0.798117027027
1119,0.151886797591
1120,0.680085523726
1121,0.54275707562
1122,0.716853272233
1123,0.799586008431
1124,0.790585064321
1125,0.244971942704
1126,0.932014422867
1127,0.861745776468
1128,0.837575098286
1129,0.805323772523
1130,0.900094817513
1131,0.869873071475
1132,0.303655651979
1133,0.849311333266
1134,0.538680974281
1135,0.496265942837
1136,0.358432798684
1137,0.501637483517
1138,0.899489035472
1139,0.314093026385
1140,0.26011904285
1141,0.350037534038
1142,0.288092651244
1143,0.448234778749
1144,0.551369589861
1145,0.168848501601
1146,0.289039927523
1147,0.436205427296
1148,0.898082644935
1149,0.37614984103
1150,0.568817469002
1151,0.844822699545
1152,0.85642229695
1153,0.539203689981
1154,0.816985784598
1155,0.789487326834
1156,0.781959283467
1157,0.845240125119
1158,0.62091608121
1159,0.201892241272
1160,0.828477714128
1161,0.387868331657
1162,0.621561569856
1163,0.163868469319
1164,0.878243304769
1165,0.615530575438
1166,0.806434388671
1167,0.427305049466
1168,0.582119861462
1169,0.179631877946
1170,0.899118718814
1171,0.647645326308
1172,0.804181919745
1173,0.851681162225
1174,0.689903425888
1175,0.59072139177
1176,0.812481321521
1177,0.576359903768
1178,0.839825462197
1179,0.544811569263
1180,0.225741514512
1181,0.932014422867
1182,0.286594199208
1183,0.419166214697
1184,0.316310162224
1185,0.473034929209
1186,0.828674567056
1187,0.192688824334
1188,0.158100791752
1189,0.8925798572
1190,0.53342564949
1191,0.730854343289
1192,0.106246747319
1193,0.207136052708
1194,0.202997180467
1195,0.926014422867
1196,0.419965503415
1197,0.885435830263
1198,0.875031059656
1199,0.3179015579
1200,0.839840999347
1201,0.152194887184
1202,0.903094992536
1203,0.276191037224
1204,0.722776210259
1205,0.773838587449
1206,0.538688251477
1207,0.194978412447
1208,0.670064193194
1209,0.844745025022
1210,0.314203052169
1211,0.649391110667
1212,0.526879833346
1213,0.100270125901
1214,0.277078904385
1215,0.546904051414
1216,0.288031903924
1217,0.91087757789
1218,0.706560411738
1219,0.886519892772
1220,0.513505786484
1221,0.824914108362
1222,0.294749930195
1223,0.819580248292
1224,0.76074640449
1225,0.891151250578
1226,0.880106298497
1227,0.75526149139
1228,0.22604610123
1229,0.420182050993
1230,0.786268920224
1231,0.882680889191
1232,0.134255648248
1233,0.17462438579
1234,0.894538371861
1235,0.678464030247
1236,0.856829789106
1237,0.832008991335
1238,0.877276467099
1239,0.331459453715
1240,0.698624024411
1241,0.681739582459
1242,0.451905960595
1243,0.813970983413
1244,0.822803500427
1245,0.154554546191
1246,0.674554218032
1247,0.465283555322
1248,0.823006442726
1249,0.138861147434
1250,0.352887871991
1251,0.539277700381
1252,0.301197741643
1253,0.717961075668
1254,0.902456105853
1255,0.146665800043
1256,0.75837671522
1257,0.149960776453
1258,0.606626173205
1259,0.91087757789
1260,0.839547367618
1261,0.889177333475
1262,0.701163033925
1263,0.174651359348
1264,0.756126538799
1265,0.848652471806
1266,0.783253408258
1267,0.615846333139
1268,0.890456105853
1269,0.72864343318
1270,0.842012973533
1271,0.667185193895
1272,0.868509965012
1273,0.277452763562
1274,0.850163275293
1275,0.187221179685
1276,0.465613566098
1277,0.276615586507
1278,0.837732187234
1279,0.179523160325
1280,0.707571011374
1281,0.834566205983
1282,0.809047755951
1283,0.421217620862
1284,0.67789537607
1285,0.41243407757
1286,0.214214807682
1287,0.483077506277
1288,0.130581197698
1289,0.302827311163
1290,0.371992025386
1291,0.847288242794
1292,0.503662578186
1293,0.381776326473
1294,0.830448224926
1295,0.1453750918
1296,0.289664209801
1297,0.393873671106
1298,0.84649043836
1299,0.55719895247
1300,0.367182503852
1301,0.780365799152
1302,0.798701741283
1303,0.329798374337
1304,0.408243130981
1305,0.423563257436
1306,0.230613414931
1307,0.424464884674
1308,0.869914426511
1309,0.150864906832
1310,0.295881446039
1311,0.23533044733
1312,0.877353298124
1313,0.853287569907
1314,0.46122037406
1315,0.717356582058
1316,0.189152595752
1317,0.90199314289
1318,0.418901499687
1319,0.33399880444
1320,0.0810735171261
1321,0.582713296218
1322,0.765943245997
1323,0.427569366951
1324,0.19417710944
1325,0.454743407464
1326,0.871124304127
1327,0.726223196557
1328,0.452576402509
1329,0.683048581847
1330,0.91087757789
1331,0.894280781751
1332,0.28811855231
1333,0.874543211255
1334,0.161441556791
1335,0.91087757789
1336,0.091746031746
1337,0.849052432323
1338,0.180716068828
1339,0.883850128263
1340,0.395720316835
1341,0.417362860962
1342,0.33549110625
1343,0.548141279204
1344,0.886080248292
1345,0.858313370969
1346,0.74167659678
1347,0.359204805434
1348,0.247794865953
1349,0.546916870986
1350,0.526482787762
1351,0.830163304747
1352,0.784789479227
1353,0.380980593291
1354,0.817869758999
1355,0.845533911648
1356,0.885929790064
1357,0.0797310304747
1358,0.862157781654
1359,0.330102298148
1360,0.254510766163
1361,0.659667473885
1362,0.227807225865
1363,0.683965697357
1364,0.481727328115
1365,0.550846877802
1366,0.137798933074
1367,0.254227667111
1368,0.345775576208
1369,0.794255506144
1370,0.272721748163
1371,0.812165804569
1372,0.854919208053
1373,0.252675570679
1374,0.41675235934
1375,0.461073139752
1376,0.577671581206
1377,0.169723917637
1378,0.805614174337
1379,0.652094295406
1380,0.823259251043
1381,0.53244848091
1382,0.334658439577
1383,0.279042054859
1384,0.793890072195
1385,0.293100495271
1386,0.111914160401
1387,0.0724112364244
1388,0.830804843709
1389,0.634601184787
1390,0.307632074335
1391,0.805645384934
1392,0.565659420057
1393,0.0507445697577
1394,0.447150558364
1395,0.346859897069
1396,0.877673324119
1397,0.805421451222
1398,0.324375826298
1399,0.871042216654
1400,0.895256734877
1401,0.568781783964
1402,0.761177061945
1403,0.236852240945
1404,0.218299916458
1405,0.453657663592
1406,0.289131369558
1407,0.817677730349
1408,0.17596460684
1409,0.484590624949
1410,0.873121659164
1411,0.251642289188
1412,0.282496260201
1413,0.892915102963
1414,0.299468783736
1415,0.901838122988
1416,0.133543687116
1417,0.151223302822
1418,0.559923993524
1419,0.622536015139
1420,0.812816749789
1421,0.890239290825
1422,0.679182439468
1423,0.327366580571
1424,0.419177129965
1425,0.269182407387
1426,0.808378345042
1427,0.624987063544
1428,0.458794232229
1429,0.668410314984
1430,0.215580599838
1431,0.10056182122
1432,0.759120229727
1433,0.83678921031
1434,0.864229396944
1435,0.902456105853
1436,0.80951495197
1437,0.764682994793
1438,0.878900741612
1439,0.620166795602
1440,0.747151910973
1441,0.907240011753
1442,0.28705521049
1443,0.292691303794
1444,0.692921188852
1445,0.475104683257
1446,0.833368335429
1447,0.41105007733
1448,0.355350139494
1449,0.113522347536
1450,0.07210839599
1451,0.687005214734
1452,0.768216524717
1453,0.426219945256
1454,0.351930186813
1455,0.802390810042
1456,0.756835836445
1457,0.10171679198
1458,0.363116788231
1459,0.896162646374
1460,0.613243013007
1461,0.622095662744
1462,0.451042719126
1463,0.296813230181
1464,0.0929754310017
1465,0.906325853753
1466,0.431356115994
1467,0.308120455755
1468,0.875954858062
1469,0.370010450219
1470,0.809303803436
1471,0.799601824155
1472,0.860847495331
1473,0.806824013424
1474,0.518293838664
1475,0.876911714212
1476,0.149254670768
1477,0.241525461993
1478,0.765620705802
1479,0.174896311101
1480,0.413494349782
1481,0.10696787258
1482,0.397618348813
1483,0.651516606356
1484,0.473934821082
1485,0.458537544227
1486,0.861213844631
1487,0.29002804814
1488,0.882793771914
1489,0.379201414983
1490,0.468261842127
1491,0.423512345498
1492,0.302697636792
1493,0.877765568769
1494,0.144163779013
1495,0.711741114453
1496,0.45629208203
1497,0.810051344521
1498,0.872992247768
1499,0.525924421119
1500,0.781734673612
1501,0.35145572264
1502,0.343699297446
1503,0.91087757789
1504,0.823370252658
1505,0.818866327057
1506,0.63224890684
1507,0.247049135307
1508,0.146056808688
1509,0.637079998633
1510,0.724904243079
1511,0.259887865832
1512,0.143064363808
1513,0.124998365479
1514,0.125410855036
1515,0.36044775486
1516,0.378937804385
1517,0.391593400381
1518,0.111778101167
1519,0.087260097708
1520,0.571866957566
1521,0.192344687476
1522,0.408839527013
1523,0.37145375396
1524,0.513081830181
1525,0.354734913173
1526,0.6906983329
1527,0.65850887319
1528,0.852555739831
1529,0.313349110589
1530,0.588876166119
1531,0.529355594779
1532,0.595640514602
1533,0.389160058832
1534,0.910414614927
1535,0.73601954381
1536,0.862484232264
1537,0.18519138756
1538,0.617137027629
1539,0.704500341311
1540,0.188386001235
1541,0.780770215365
1542,0.844909420513
1543,0.528036594896
1544,0.91087757789
1545,0.518392538882
1546,0.271396591838
1547,0.237326568294
1548,0.278447306507
1549,0.430535428123
1550,0.83041698733
1551,0.80365549148
1552,0.253719697582
1553,0.225566098848
1554,0.817984492764
1555,0.481880555033
1556,0.781350054565
1557,0.763930938625
1558,0.277067650066
1559,0.613416299765
1560,0.859465167382
1561,0.53826535826
1562,0.229476967899
1563,0.712800301651
1564,0.606281063942
1565,0.43003444304
1566,0.789281076816
1567,0.313838523156
1568,0.894325853753
1569,0.888890335161
1570,0.113522347536
1571,0.639905909274
1572,0.352544315946
1573,0.740650409099
1574,0.523670354967
1575,0.888057802622
1576,0.906852810089
1577,0.333245967712
1578,0.408172705888
1579,0.691661019424
1580,0.228964643163
1581,0.558547010108
1582,0.910414614927
1583,0.49949840953
1584,0.897466827101
1585,0.894368920454
1586,0.889799537963
1587,0.642184342644
1588,0.276700505799
1589,0.896276193426
1590,0.661214194506
1591,0.809513086955
1592,0.477893030175
1593,0.394557077904
1594,0.748973857792
1595,0.862199207946
1596,0.720771031406
1597,0.219544497835
1598,0.327026143869
1599,0.752434227954
1600,0.533080707659
1601,0.274939632789
1602,0.307715825026
1603,0.299537878656
1604,0.367707591293
1605,0.696174983237
1606,0.621145422847
1607,0.144005942888
1608,0.162385868327
1609,0.267078641928
1610,0.240422096375
1611,0.0776915567905
1612,0.672696213436
1613,0.484636191186
1614,0.0550208855472
1615,0.803679956273
1616,0.31333741704
1617,0.168955132396
1618,0.317218178846
1619,0.563146991779
1620,0.687366460242
1621,0.821291601455
1622,0.256406414374
1623,0.722765214236
1624,0.755199461699
1625,0.474227394759
1626,0.768720572119
1627,0.154358223457
1628,0.827425711624
1629,0.529247980172
1630,0.897297375695
1631,0.197600991727
1632,0.886990169771
1633,0.873757848773
1634,0.836033988179
1635,0.330165048443
1636,0.754132067365
1637,0.724832195218
1638,0.072813283208
1639,0.376279088988
1640,0.78962159976
1641,0.250021473606
1642,0.714884787907
1643,0.307468876439
1644,0.91087757789
1645,0.383596413708
1646,0.866926149961
1647,0.484560661448
1648,0.661662520442
1649,0.382770853459
1650,0.817110244965
1651,0.90586289079
1652,0.265560257708
1653,0.906351262101
1654,0.46137647413
1655,0.885591863605
1656,0.522661188441
1657,0.520842111701
1658,0.0507445697577
1659,0.62000363618
1660,0.489236734697
1661,0.280193245796
1662,0.309545666752
1663,0.329721072503
1664,0.572175975208
1665,0.690639846791
1666,0.417298167475
1667,0.394349606803
1668,0.832343101875
1669,0.834642146615
1670,0.271638906837
1671,0.711365365997
1672,0.152015909339
1673,0.691926880313
1674,0.895096591166
1675,0.19862284334
1676,0.21469304335
1677,0.889127942364
1678,0.472898032204
1679,0.590619858491
1680,0.830199325824
1681,0.894966979612
1682,0.842968289587
1683,0.861373418693
1684,0.907240011753
1685,0.311129818541
1686,0.871836722007
1687,0.158974973666
1688,0.50297454161
1689,0.197147010312
1690,0.809491183267
1691,0.240513480671
1692,0.585390116004
1693,0.745260138969
1694,0.888890335161
1695,0.619777035653
1696,0.143069585195
1697,0.212997817123
1698,0.184727801057
1699,0.294545930748
1700,0.381568938125
1701,0.640717365691
1702,0.71911055485
1703,0.712461926867
1704,0.407796392588
1705,0.235929955818
1706,0.909598805512
1707,0.42511658329
1708,0.857748584108
1709,0.138208855472
1710,0.334794428799
1711,0.882292223926
1712,0.548997997818
1713,0.841639770557
1714,0.336296259229
1715,0.383294051247
1716,0.511351700023
1717,0.82510376813
1718,0.365755069985
1719,0.350832043665
1720,0.062981411863
1721,0.393377772557
1722,0.907240011753
1723,0.458473876727
1724,0.198505923901
1725,0.425381492152
1726,0.393909873333
1727,0.91087757789
1728,0.671408026124
1729,0.121134539247
1730,0.835175977428
1731,0.235987864706
1732,0.620177977997
1733,0.218692944482
1734,0.134255711743
1735,0.83249455496
1736,0.8562367674
1737,0.882914089047
1738,0.403752987939
1739,0.847736958142
1740,0.581277406595
1741,0.91087757789
1742,0.724775908742
1743,0.462270638557
1744,0.0974112364244
1745,0.447055700102
1746,0.358959252623
1747,0.761116159138
1748,0.607222948029
1749,0.238809800632
1750,0.638685776834
1751,0.117703634085
1752,0.8860027303
1753,0.371854399775
1754,0.853362702374
1755,0.556790033948
1756,0.27124844369
1757,0.296946330341
1758,0.497632556873
1759,0.789733415137
1760,0.393083146492
1761,0.84300444124
1762,0.894755186889
1763,0.634150882542
1764,0.680230072716
1765,0.261143254828
1766,0.676572478263
1767,0.841723816306
1768,0.267931348056
1769,0.53281640647
1770,0.263712102838
1771,0.281257202217
1772,0.556102501905
1773,0.167582289056
1774,0.810980838195
1775,0.563317471609
1776,0.327412377414
1777,0.561559645841
1778,0.684269719493
1779,0.724189526039
1780,0.343919673613
1781,0.136859649123
1782,0.231388393579
1783,0.478880448389
1784,0.874832331694
1785,0.769353862932
1786,0.219568408009
1787,0.862789318025
1788,0.902456105853
1789,0.862880877316
1790,0.724188226354
1791,0.101458855472
1792,0.398498445998
1793,0.866621237807
1794,0.108522347536
1795,0.710543529017
1796,0.474303875321
1797,0.637637123708
1798,0.0550208855472
1799,0.81971820193
1800,0.614629232379
1801,0.750909102758
1802,0.339336200962
1803,0.167862470185
1804,0.833326221991
1805,0.428621157715
1806,0.796527164162
1807,0.868453827225
1808,0.246091532968
1809,0.76401310119
1810,0.331769944101
1811,0.409467001952
1812,0.349300684544
1813,0.513283855483
1814,0.0987441883695
1815,0.834497127419
1816,0.451356582922
1817,0.813765366977
1818,0.877846531817
1819,0.299980045421
1820,0.694797716108
1821,0.845489874917
1822,0.608342760619
1823,0.426165077112
1824,0.907240011753
1825,0.229728850168
1826,0.160186032226
1827,0.286349260833
1828,0.206147945622
1829,0.275940691243
1830,0.370355508919
1831,0.446791607917
1832,0.202312770563
1833,0.691065236332
1834,0.352364225569
1835,0.91087757789
1836,0.864846156086
1837,0.228443717991
1838,0.338348139783
1839,0.857210894341
1840,0.516190129696
1841,0.117258866864
1842,0.520938477811
1843,0.212777978653
1844,0.629736548425
1845,0.867293246033
1846,0.700297167582
1847,0.892382825267
1848,0.787966439968
1849,0.162227216592
1850,0.897142355792
1851,0.355879923788
1852,0.708922507806
1853,0.211862191711
1854,0.187411975261
1855,0.742614310513
1856,0.291790631961
1857,0.193101503759
1858,0.768052178427
1859,0.126546725627
1860,0.166713068904
1861,0.785754955827
1862,0.340196401548
1863,0.275491493142
1864,0.289943215883
1865,0.887281502679
1866,0.14269138756
1867,0.655974527888
1868,0.4175947113
1869,0.558350449446
1870,0.106624305329
1871,0.724189526039
1872,0.176337568229
1873,0.278780901966
1874,0.205966410592
1875,0.71378927232
1876,0.400327534601
1877,0.889127942364
1878,0.808307138664
1879,0.549734595828
1880,0.311968315607
1881,0.642346581521
1882,0.852111646546
1883,0.234056676606
1884,0.601797127858
1885,0.838963089551
1886,0.057981411863
1887,0.389936516511
1888,0.391986699007
1889,0.281821105795
1890,0.450018074423
1891,0.658003410192
1892,0.318765743003
1893,0.204581529582
1894,0.764817880105
1895,0.462687703915
1896,0.622138986097
1897,0.822285249214
1898,0.818178898008
1899,0.264109212503
1900,0.251797543926
1901,0.905718847732
1902,0.425081452274
1903,0.893152710166
1904,0.864157366447
1905,0.473110403806
1906,0.37311390859
1907,0.894351262101
1908,0.818818735336
1909,0.877291502998
1910,0.406293767075
1911,0.830711164808
1912,0.41188657514
1913,0.288407128933
1914,0.560793532819
1915,0.290221085905
1916,0.525086020077
1917,0.419576215203
1918,0.411049228505
1919,0.187404380517
1920,0.485879676406
1921,0.145341818809
1922,0.805446661717
1923,0.58391927134
1924,0.71076508861
1925,0.867523930644
1926,0.220412014886
1927,0.148489974937
1928,0.274754384897
1929,0.461790356138
1930,0.791789667767
1931,0.131175856307
1932,0.452413725613
1933,0.125905085294
1934,0.305522444218
1935,0.0722723475355
1936,0.891518063203
1937,0.168415056717
1938,0.44469229608
1939,0.638945367987
1940,0.166177449553
1941,0.324603784428
1942,0.903151250578
1943,0.399884948809
1944,0.892584118411
1945,0.76973249002
1946,0.16220710703
1947,0.145362364244
1948,0.196063770537
1949,0.391645611355
1950,0.91087757789
1951,0.226606552613
1952,0.344101037618
1953,0.514778146356
1954,0.351215237952
1955,0.355128466832
1956,0.91087757789
1957,0.773609035151
1958,0.856689470808
1959,0.748430479855
1960,0.0747310304747
1961,0.22076862446
1962,0.795265596228
1963,0.754308486625
1964,0.3488550706
1965,0.775052942476
1966,0.477839017601
1967,0.439387372916
1968,0.697060162934
1969,0.73116255165
1970,0.0593159983292
1971,0.893961239374
1972,0.785311599675
1973,0.83911173312
1974,0.893378065926
1975,0.163565616941
1976,0.848177905274
1977,0.81835851711
1978,0.847298912769
1979,0.872679808845
1980,0.379066115145
1981,0.892771059905
1982,0.526092362597
1983,0.869510183574
1984,0.789319664902
1985,0.424861040515
1986,0.892099293547
1987,0.869885091597
1988,0.817044378043
1989,0.874157781654
1990,0.757731600303
1991,0.416735609689
1992,0.432488399202
1993,0.506498142765
1994,0.821520150706
1995,0.66843769373
1996,0.324735382963
1997,0.863802085009
1998,0.548234898331
1999,0.609012662012
2000,0.884731238128
2001,0.171818540918
2002,0.872841436213
2003,0.670817125139
2004,0.342694910097
2005,0.529740993029
2006,0.246528898003
2007,0.417801876191
2008,0.709855882827
2009,0.416217838812
2010,0.272446375388
2011,0.782629740246
2012,0.672518985555
2013,0.881451006162
2014,0.825394683094
2015,0.731418329696
2016,0.670057653844
2017,0.882914089047
2018,0.538708280405
2019,0.202980652389
2020,0.742008291153
2021,0.350292072195
2022,0.757726080421
2023,0.264908014242
2024,0.33043709211
2025,0.575286417541
2026,0.893961239374
2027,0.46921535108
2028,0.782366793442
2029,0.518068583515
2030,0.538890078166
2031,0.744322407938
2032,0.905047081374
2033,0.489754420345
2034,0.106624305329
2035,0.893817818788
2036,0.379525520705
2037,0.27821916595
2038,0.48385237996
2039,0.499282371271
2040,0.165745500114
2041,0.590229442702
2042,0.867623341048
2043,0.287128833166
2044,0.736325119716
2045,0.906351262101
2046,0.81722176955
2047,0.819200289501
2048,0.742410122513
2049,0.482385974393
2050,0.891151250578
2051,0.834176659947
2052,0.835929826959
2053,0.597692018074
2054,0.856055114472
2055,0.0507445697577
2056,0.650936951754
2057,0.793254526573
2058,0.839872840374
2059,0.507644488848
2060,0.13464807853
2061,0.437588491554
2062,0.239503098792
2063,0.104388507501
2064,0.513121998623
2065,0.0661612364244
2066,0.0740261432567
2067,0.440853640709
2068,0.259424197083
2069,0.580068614842
2070,0.894729778541
2071,0.29692754808
2072,0.159763194217
2073,0.272061911813
2074,0.459895068392
2075,0.687380620871
2076,0.756906122877
2077,0.856386651555
2078,0.524319479122
2079,0.475052154722
2080,0.245914861264
2081,0.488242975978
2082,0.5840141982
2083,0.884155704467
2084,0.354795852201
2085,0.252458000025
2086,0.341860624766
2087,0.767019637138
2088,0.808017509124
2089,0.446579294182
2090,0.486972218893
2091,0.452781377424
2092,0.78476066429
2093,0.648424681389
2094,0.865154361067
2095,0.854919208053
2096,0.270465278615
2097,0.509759114429
2098,0.177834622789
2099,0.884644075778
2100,0.114197994987
2101,0.82083880615
2102,0.829568697734
2103,0.351544637123
2104,0.903981026166
2105,0.520539167709
2106,0.619527727648
2107,0.552678081926
2108,0.748188851059
2109,0.48065485716
2110,0.284505371631
2111,0.323058973191
2112,0.586811666389
2113,0.0717972013367
2114,0.383929013096
2115,0.321564181961
2116,0.902456105853
2117,0.24779661729
2118,0.741081740359
2119,0.355522939527
2120,0.306239478883
2121,0.58162527124
2122,0.297473415092
2123,0.785198690518
2124,0.460191046664
2125,0.435423194926
2126,0.549443544085
2127,0.25301182964
2128,0.91087757789
2129,0.1542778141
2130,0.845673463356
2131,0.898818539716
2132,0.459837923443
2133,0.562900234841
2134,0.142359267735
2135,0.298936424622
2136,0.640402797194
2137,0.207142614992
2138,0.888292276004
2139,0.23607208034
2140,0.902456105853
2141,0.473381417896
2142,0.768731280619
2143,0.55739511761
2144,0.525244855851
2145,0.459818546787
2146,0.390125759864
2147,0.246948716488
2148,0.884644075778
2149,0.720356308829
2150,0.833270940108
2151,0.448069987182
2152,0.218868459026
2153,0.270451699155
2154,0.662322755332
2155,0.748635474567
2156,0.207268416217
2157,0.0978863826232
2158,0.438583660254
2159,0.0507445697577
2160,0.597931889893
2161,0.910414614927
2162,0.380449968261
2163,0.712678640393
2164,0.582257336528
2165,0.0717972013367
2166,0.658522574556
2167,0.757056109487
2168,0.534916722055
2169,0.139721177945
2170,0.598311423306
2171,0.900806422992
2172,0.530693890938
2173,0.589734900262
2174,0.520024525645
2175,0.493310932981
2176,0.696144475796
2177,0.907702974716
2178,0.817786901084
2179,0.814815673928
2180,0.169190094802
2181,0.689280292892
2182,0.756282055468
2183,0.409560178742
2184,0.793354805451
2185,0.838034750005
2186,0.82089184721
2187,0.863145994413
2188,0.44163201987
2189,0.820508645643
2190,0.50735658523
2191,0.2233563929
2192,0.225086580087
2193,0.213785202253
2194,0.554486591683
2195,0.106358604845
2196,0.242536441371
2197,0.312232654326
2198,0.794010586019
2199,0.43898042975
2200,0.387574330259
2201,0.693491305439
2202,0.191224726837
2203,0.466862802554
2204,0.113039891395
2205,0.829290326858
2206,0.645580067696
2207,0.327429433778
2208,0.0895895989975
2209,0.897598805512
2210,0.49246284839
2211,0.681305485722
2212,0.29543694546
2213,0.15991360648
2214,0.510208779144
2215,0.105262113617
2216,0.91087757789
2217,0.739500757911
2218,0.353373775847
2219,0.172564745196
2220,0.384705846985
2221,0.7952069845
2222,0.635887890336
2223,0.860803527438
2224,0.327284110584
2225,0.302285332897
2226,0.388500957203
2227,0.328842953343
2228,0.569907796177
2229,0.847308611628
2230,0.533973162462
2231,0.327351920936
2232,0.647890572359
2233,0.800282406692
2234,0.880847927294
2235,0.379440760861
2236,0.400079368712
2237,0.492340088028
2238,0.495415246447
2239,0.274598204591
2240,0.660173522559
2241,0.560601310039
2242,0.906325853753
2243,0.423440683978
2244,0.899151891125
2245,0.506761039882
2246,0.56904786742
2247,0.472855407932
2248,0.720850633677
2249,0.250638235356
2250,0.201953634085
2251,0.588241581359
2252,0.560354218089
2253,0.905961239374
2254,0.76572715422
2255,0.0661319966583
2256,0.553859952621
2257,0.84889402586
2258,0.553364130379
2259,0.646337242394
2260,0.83167856895
2261,0.762129499745
2262,0.120078774836
2263,0.362917908679
2264,0.7277001884
2265,0.521219198463
2266,0.590186871537
2267,0.506968196813
2268,0.199272244621
2269,0.66840520858
2270,0.414180415388
2271,0.635691942269
2272,0.425240610115
2273,0.858649716987
2274,0.91087757789
2275,0.142757424475
2276,0.588996774882
2277,0.848149490024
2278,0.624398658485
2279,0.134019423559
2280,0.875497329555
2281,0.522760831284
2282,0.410399483305
2283,0.887395672202
2284,0.228544928498
2285,0.212172932331
2286,0.241912943057
2287,0.775439397761
2288,0.882755186889
2289,0.708272003137
2290,0.898431338052
2291,0.418250150779
2292,0.856866097869
2293,0.15927213868
2294,0.24404978355
2295,0.888714370512
2296,0.70891826019
2297,0.851684568186
2298,0.776549343757
2299,0.774147346116
2300,0.561051909325
2301,0.261532355049
2302,0.900714370512
2303,0.768409744424
2304,0.91087757789
2305,0.882006034981
2306,0.481947364615
2307,0.869096832179
2308,0.8980027303
2309,0.388173073138
2310,0.613683828678
2311,0.899956258364
2312,0.530969438807
2313,0.872305790565
2314,0.225299858459
2315,0.296197532974
2316,0.457458260058
2317,0.597938359878
2318,0.877254192289
2319,0.91087757789
2320,0.6273931049
2321,0.649352166114
2322,0.753954979058
2323,0.824580048543
2324,0.465440682935
2325,0.444315811493
2326,0.188128729267
2327,0.301195201229
2328,0.753593825968
2329,0.78849411346
2330,0.874576931641
2331,0.832677729556
2332,0.153249791145
2333,0.579762808654
2334,0.130384578871
2335,0.754413525289
2336,0.653686471437
2337,0.476231497166
2338,0.475344141082
2339,0.806945887579
2340,0.742054581946
2341,0.312283531409
2342,0.877978106991
2343,0.789182712124
2344,0.557490074423
2345,0.902456105853
2346,0.709569767315
2347,0.165916936416
2348,0.0557445697577
2349,0.424825140978
2350,0.835224158177
2351,0.566564203131
2352,0.192903163706
2353,0.158483709273
2354,0.897904381715
2355,0.151247151971
2356,0.108023428136
2357,0.91087757789
2358,0.810105523859
2359,0.179692677015
2360,0.693167031805
2361,0.329891199783
2362,0.244582843608
2363,0.312704570638
2364,0.0557445697577
2365,0.405345223486
2366,0.709671162458
2367,0.501253044975
2368,0.269255581099
2369,0.292136915372
2370,0.112581907668
2371,0.823137379702
2372,0.875958917243
2373,0.68593429305
2374,0.585206824109
2375,0.8155467025
2376,0.367013066795
2377,0.782693781265
2378,0.578979901153
2379,0.899281502679
2380,0.88273288903
2381,0.906351262101
2382,0.0685369674185
2383,0.686511185004
2384,0.0917752715121
2385,0.213692256002
2386,0.907702974716
2387,0.120233918129
2388,0.620552211059
2389,0.91087757789
2390,0.311447651603
2391,0.728623925
2392,0.124196360466
2393,0.760647985502
2394,0.869968168634
2395,0.443548374716
2396,0.322174126318
2397,0.558230581038
2398,0.306113732542
2399,0.455771024024
2400,0.866588223501
2401,0.91087757789
2402,0.865276467099
2403,0.265583598324
2404,0.348190150724
2405,0.73510657579
2406,0.351227039349
2407,0.193612724994
2408,0.781473534097
2409,0.43800687643
2410,0.502290097975
2411,0.460062723
2412,0.844565071289
2413,0.554842919513
2414,0.180885642136
2415,0.54304792478
2416,0.897774770161
2417,0.402486018562
2418,0.854765934787
2419,0.492011832826
2420,0.66307075631
2421,0.446435480845
2422,0.765946848995
2423,0.34138502227
2424,0.638519859545
2425,0.758668403936
2426,0.572359342356
2427,0.154495118726
2428,0.435467610974
2429,0.724289674369
2430,0.423109601007
2431,0.200123678762
2432,0.208544258986
2433,0.512183200597
2434,0.740588958576
2435,0.798002060937
2436,0.726872227646
2437,0.63412753997
2438,0.674917437614
2439,0.162598694316
2440,0.581635242658
2441,0.110460526316
2442,0.855738236841
2443,0.343479914003
2444,0.318875374177
2445,0.907240011753
2446,0.490512672469
2447,0.602325348848
2448,0.655301741491
2449,0.794831162692
2450,0.837882447488
2451,0.484326001395
2452,0.16815834877
2453,0.215433620283
2454,0.82700217366
2455,0.264191349586
2456,0.520866305041
2457,0.61446040036
2458,0.096746031746
2459,0.932012099274
2460,0.864883383969
2461,0.711971863327
2462,0.398185471892
2463,0.879848416183
2464,0.509941759404
2465,0.376912105773
2466,0.721397010375
2467,0.206977803321
2468,0.54834945933
2469,0.233887770393
2470,0.222058935217
2471,0.919906836117
2472,0.88861821703
2473,0.85679085638
2474,0.188232898423
2475,0.334933078417
2476,0.226890668701
2477,0.46943961164
2478,0.799661077622
2479,0.642372622118
2480,0.225583599975
2481,0.472293869533
2482,0.843592804099
2483,0.503313471615
2484,0.904234812947
2485,0.125170671243
2486,0.796029689615
2487,0.456861952115
2488,0.638432311401
2489,0.802891616731
2490,0.175955853897
2491,0.84349539829
2492,0.531983523092
2493,0.32977281514
2494,0.641141785139
2495,0.191364095982
2496,0.91233467992
2497,0.820673376558
2498,0.692873060398
2499,0.598041151566
2500,0.268366726818
2501,0.300198076276
2502,0.170615230221
2503,0.609818365497
2504,0.715007136964
2505,0.0911904761905
2506,0.703793361492
2507,0.538883978426
2508,0.392544568712
2509,0.342274875343
2510,0.814206286666
2511,0.845193942975
2512,0.480313896006
2513,0.667499654857
2514,0.208147393964
2515,0.850146408372
2516,0.89922607228
2517,0.760977654962
2518,0.915345432608
2519,0.536730127127
2520,0.898522491057
2521,0.320519778593
2522,0.167026182881
2523,0.760304468262
2524,0.414046843141
2525,0.593092589557
2526,0.478626012933
2527,0.914342088126
2528,0.888269267733
2529,0.873381513613
2530,0.240011352492
2531,0.539639664955
2532,0.202029125845
2533,0.258299421148
2534,0.889605200618
2535,0.825637713662
2536,0.57648040953
2537,0.105380570993
2538,0.136339217609
2539,0.792629570086
2540,0.295803656044
2541,0.101797201337
2542,0.786206991103
2543,0.878792402305
2544,0.414116850326
2545,0.899555523592
2546,0.786899344324
2547,0.096068749773
2548,0.311942851277
2549,0.567825584697
2550,0.832271638883
2551,0.789582608918
2552,0.492347192638
2553,0.834725754704
2554,0.733628173356
2555,0.820988897074
2556,0.842274131008
2557,0.281380252149
2558,0.0622577276525
2559,0.443640760067
2560,0.769961270994
2561,0.88364642456
2562,0.852082737644
2563,0.393315281053
2564,0.868379788285
2565,0.13099460608
2566,0.210472415448
2567,0.290753076484
2568,0.285784903435
2569,0.902236824968
2570,0.632034550535
2571,0.795212903419
2572,0.765145043129
2573,0.682434687959
2574,0.146755040195
2575,0.872263030405
2576,0.596938278708
2577,0.932012099274
2578,0.278309086374
2579,0.179253108003
2580,0.209835324354
2581,0.439812849495
2582,0.36907594646
2583,0.564193866498
2584,0.478857312847
2585,0.489230669763
2586,0.73094323857
2587,0.274925487986
2588,0.419219675816
2589,0.769134200989
2590,0.868704797116
2591,0.0619346748023
2592,0.148658891762
2593,0.914342088126
2594,0.485212324145
2595,0.512376679122
2596,0.162074994299
2597,0.0733142266231
2598,0.544269982951
2599,0.524242219062
2600,0.381290314971
2601,0.498053513586
2602,0.807164386951
2603,0.778747941092
2604,0.718313544738
2605,0.289238246882
2606,0.15143487395
2607,0.613929540905
2608,0.379407889642
2609,0.110288763009
2610,0.263402588227
2611,0.608889627188
2612,0.932012099274
2613,0.39889755208
2614,0.783161475762
2615,0.60284611877
2616,0.635591049592
2617,0.413941426278
2618,0.287873950199
2619,0.900723480187
2620,0.568465967619
2621,0.900733406564
2622,0.350026561748
2623,0.875006855182
2624,0.835112166537
2625,0.394405209301
2626,0.0965512407269
2627,0.725287567554
2628,0.470870772058
2629,0.122279728986
2630,0.386248640323
2631,0.23464502231
2632,0.195477636835
2633,0.14346575973
2634,0.2178390452
2635,0.862160660094
2636,0.513382544524
2637,0.641499013596
2638,0.806014362047
2639,0.696517317873
2640,0.287959469817
2641,0.152167873556
2642,0.389805400184
2643,0.106008671067
2644,0.313854214395
2645,0.504858659572
2646,0.697487877996
2647,0.141919617105
2648,0.39316179621
2649,0.178561983832
2650,0.122999461323
2651,0.881401128407
2652,0.769231851289
2653,0.130354189584
2654,0.879205628787
2655,0.66815407421
2656,0.919906836117
2657,0.1613343177
2658,0.612476992554
2659,0.890972565255
2660,0.607562776595
2661,0.469474299951
2662,0.208290824908
2663,0.860491981405
2664,0.636714701134
2665,0.851812145127
2666,0.559156157177
2667,0.617620200238
2668,0.884060870396
2669,0.883722543706
2670,0.793429825386
2671,0.123658889614
2672,0.477020823357
2673,0.840876695111
2674,0.806371352783
2675,0.813136415742
2676,0.398771636333
2677,0.663618697325
2678,0.373208401187
2679,0.773414848369
2680,0.252969367985
2681,0.106008671067
2682,0.247598751587
2683,0.14410113809
2684,0.820459173093
2685,0.765332969165
2686,0.13071359961
2687,0.363285719258
2688,0.366730487098
2689,0.688886439903
2690,0.470648631975
2691,0.773377753997
2692,0.406972550228
2693,0.782611115019
2694,0.317328165935
2695,0.588610553425
2696,0.358730275808
2697,0.465131419772
2698,0.204305056692
2699,0.666637541735
2700,0.244934946901
2701,0.854902528737
2702,0.927799645062
2703,0.904539571802
2704,0.136345175099
2705,0.701048324347
2706,0.798025676829
2707,0.603466308233
2708,0.723746036222
2709,0.180387193216
2710,0.553836988397
2711,0.121025583893
2712,0.910484321497
2713,0.372663277017
2714,0.335617617762
2715,0.298947336855
2716,0.827035964363
2717,0.860769566596
2718,0.343138835285
2719,0.524020570944
2720,0.494985027062
2721,0.655293845589
2722,0.271439069702
2723,0.290943812895
2724,0.392525812143
2725,0.411849864435
2726,0.323343184008
2727,0.844134007741
2728,0.351251945841
2729,0.685302623565
2730,0.886475899534
2731,0.726036103964
2732,0.862034972317
2733,0.808774402631
2734,0.242092611133
2735,0.577111486876
2736,0.147062730355
2737,0.381635597707
2738,0.310447092409
2739,0.329456708083
2740,0.734425453423
2741,0.190103666028
2742,0.91233467992
2743,0.65318680334
2744,0.764695362178
2745,0.115919567962
2746,0.457172040987
2747,0.242254363284
2748,0.767291968134
2749,0.458733570523
2750,0.599327750752
2751,0.832645897538
2752,0.464709298577
2753,0.537655357252
2754,0.774649541505
2755,0.0956460979681
2756,0.781928171639
2757,0.237791206707
2758,0.73438732404
2759,0.174668099359
2760,0.839759878397
2761,0.79498427274
2762,0.488750475098
2763,0.810120081531
2764,0.427697819913
2765,0.424000415982
2766,0.601597476311
2767,0.846961244878
2768,0.756262780295
2769,0.847825676237
2770,0.458796050441
2771,0.690700509233
2772,0.398625624683
2773,0.601351821013
2774,0.297440678309
2775,0.113766820898
2776,0.815577792486
2777,0.0926699074919
2778,0.377150290359
2779,0.236628831443
2780,0.31339051653
2781,0.634850675375
2782,0.809322881605
2783,0.129064165195
2784,0.119690889176
2785,0.418789847366
2786,0.202797775302
2787,0.234460071748
2788,0.87348584029
2789,0.425760917433
2790,0.780205352188
2791,0.444350021959
2792,0.886520952352
2793,0.44653466603
2794,0.325414198267
2795,0.335387169024
2796,0.585738745421
2797,0.311307767975
2798,0.262770407417
2799,0.814994649451
2800,0.854559866842
2801,0.74134128235
2802,0.739789378794
2803,0.577721882722
2804,0.287384727675
2805,0.0863154797559
2806,0.303590471655
2807,0.63291472323
2808,0.866659051643
2809,0.27594433368
2810,0.412869309959
2811,0.39185292286
2812,0.811251217256
2813,0.400315520601
2814,0.181921392912
2815,0.463350686499
2816,0.489186673904
2817,0.743466535257
2818,0.777243563075
2819,0.881872185283
2820,0.346815204106
2821,0.476290582617
2822,0.895668013253
2823,0.42528026555
2824,0.250712603336
2825,0.0874896753573
2826,0.339069406291
2827,0.703928490514
2828,0.72736044232
2829,0.299268530925
2830,0.658181737267
2831,0.673967779972
2832,0.427198392229
2833,0.705822868074
2834,0.634296626207
2835,0.881872185283
2836,0.377967836257
2837,0.121592702533
2838,0.145655266366
2839,0.886594447929
2840,0.208875252864
2841,0.616327844481
2842,0.187791611124
2843,0.754268002272
2844,0.278053406582
2845,0.81219877536
2846,0.483609870298
2847,0.931008754793
2848,0.765767650189
2849,0.435537282119
2850,0.650624385461
2851,0.397202416431
2852,0.493240621742
2853,0.525636575257
2854,0.427951429997
2855,0.349943980185
2856,0.156374256462
2857,0.19192694947
2858,0.6606992757
2859,0.097877163686
2860,0.746309525665
2861,0.377624833628
2862,0.358007481328
2863,0.406727681336
2864,0.0872274310657
2865,0.211664507863
2866,0.459432404303
2867,0.925460367696
2868,0.891246614759
2869,0.905238157428
2870,0.61523413146
2871,0.27915765249
2872,0.36655951646
2873,0.548210552058
2874,0.706003658339
2875,0.413136921059
2876,0.906271867284
2877,0.126838714175
2878,0.475050514716
2879,0.915345432608
2880,0.239577502638
2881,0.0619346748023
2882,0.380177013846
2883,0.572137291024
2884,0.33954084992
2885,0.396173642344
2886,0.872571203064
2887,0.555158056146
2888,0.712155865055
2889,0.340527148233
2890,0.125425509733
2891,0.603692504172
2892,0.315469282616
2893,0.925418692681
2894,0.334075680403
2895,0.900040261077
2896,0.878014362998
2897,0.909797045511
2898,0.420657454673
2899,0.374481395603
2900,0.0918311606694
2901,0.842054030341
2902,0.496020922521
2903,0.882404472888
2904,0.482930508223
2905,0.402274915976
2906,0.932012099274
2907,0.554963065965
2908,0.896016962549
2909,0.0876644940027
2910,0.48758425679
2911,0.160751777698
2912,0.342745914244
2913,0.61541334272
2914,0.556875260835
2915,0.452624028398
2916,0.324860534438
2917,0.713307704905
2918,0.121507527366
2919,0.149384257963
2920,0.776511298169
2921,0.43672777741
2922,0.538323250404
2923,0.604191098668
2924,0.233228592798
2925,0.474641297783
2926,0.393432681772
2927,0.70796866753
2928,0.395162036134
2929,0.228410507857
2930,0.651291548938
2931,0.467582266091
2932,0.543944551929
2933,0.45098829679
2934,0.302408350164
2935,0.809445201042
2936,0.856080623045
2937,0.336994770149
2938,0.858069109573
2939,0.342016336153
2940,0.805056263956
2941,0.382193469105
2942,0.684082447123
2943,0.135373926899
2944,0.486403829508
2945,0.165035157717
2946,0.803353749535
2947,0.103272959611
2948,0.84428559609
2949,0.369806582452
2950,0.277629945969
2951,0.299656149481
2952,0.637563038855
2953,0.559549550768
2954,0.191650457586
2955,0.562008505598
2956,0.90435844902
2957,0.34968890405
2958,0.356385559479
2959,0.780961692494
2960,0.217287057255
2961,0.916986237305
2962,0.48574403757
2963,0.475639358534
2964,0.402337060034
2965,0.491237913727
2966,0.480536083233
2967,0.861008515045
2968,0.767631722285
2969,0.535623469732
2970,0.909480977015
2971,0.396166374724
2972,0.694623271701
2973,0.627651532825
2974,0.143517466802
2975,0.853598042253
2976,0.283906396511
2977,0.72266635685
2978,0.544714822928
2979,0.779938553121
2980,0.114338355573
2981,0.460086949034
2982,0.336302235582
2983,0.760227316828
2984,0.0619346748023
2985,0.173167453697
2986,0.75423111057
2987,0.28169181916
2988,0.238280686125
2989,0.131489743401
2990,0.07926076976
2991,0.910484321497
2992,0.349886880405
2993,0.372681292685
2994,0.865081741011
2995,0.243513520793
2996,0.277722923253
2997,0.707078279913
2998,0.196300226497
2999,0.862208502192
3000,0.38439851237
3001,0.223514215209
3002,0.442848416873
3003,0.700912342324
3004,0.402523153423
3005,0.904581246817
3006,0.699666780002
3007,0.449729318718
3008,0.27068157743
3009,0.38761791359
3010,0.668265966849
3011,0.812781457015
3012,0.708059453987
3013,0.810915897013
3014,0.357953849348
3015,0.466294006185
3016,0.316619262563
3017,0.452318745974
3018,0.330602946148
3019,0.1015063368
3020,0.715852156086
3021,0.249189095219
3022,0.890806902142
3023,0.866556522361
3024,0.770448733897
3025,0.86406437667
3026,0.794379158662
3027,0.568162392228
3028,0.530558114591
3029,0.0906459058657
3030,0.80299604763
3031,0.864085804841
3032,0.513857479205
3033,0.738355489081
3034,0.692302662464
3035,0.0828380361469
3036,0.0881011940416
3037,0.276707330481
3038,0.436624068215
3039,0.853406372443
3040,0.618937997201
3041,0.807082807119
3042,0.495259624901
3043,0.626677758738
3044,0.908122225707
3045,0.452740042923
3046,0.510937401554
3047,0.0967512405895
3048,0.32907237109
3049,0.333863990659
3050,0.672726437981
3051,0.918903491635
3052,0.932012099274
3053,0.847899907406
3054,0.533800766495
3055,0.202484238563
3056,0.822340628196
3057,0.28711449016
3058,0.0950624266801
3059,0.718545878567
3060,0.656225145887
3061,0.342043139024
3062,0.306300708568
3063,0.458246732009
3064,0.293129342954
3065,0.53584462945
3066,0.591433575385
3067,0.544400419368
3068,0.504604859843
3069,0.314362687633
3070,0.61925730803
3071,0.783007313146
3072,0.918903491635
3073,0.471688988548
3074,0.169574306413
3075,0.711244238027
3076,0.213203411748
3077,0.192064143952
3078,0.550975773395
3079,0.873333270793
3080,0.264094738108
3081,0.600479473435
3082,0.932012099274
3083,0.379377253712
3084,0.742553560834
3085,0.89145555904
3086,0.394482358746
3087,0.127690363043
3088,0.282381525956
3089,0.89182732676
3090,0.837158153017
3091,0.319967007135
3092,0.542867992662
3093,0.702790765075
3094,0.932012099274
3095,0.839463351272
3096,0.919906836117
3097,0.376261982817
3098,0.844142455477
3099,0.242809687624
3100,0.565545107468
3101,0.750590063967
3102,0.918229598465
3103,0.688228605511
3104,0.802326259214
3105,0.583505927965
3106,0.298139101513
3107,0.116031313458
3108,0.572987353214
3109,0.386314786148
3110,0.911438459652
3111,0.877559405613
3112,0.873655851438
3113,0.0937805250305
3114,0.181483857709
3115,0.435450997277
3116,0.286539600567
3117,0.712841058568
3118,0.684653082928
3119,0.713110928228
3120,0.611095100418
3121,0.431379326231
3122,0.438375113594
3123,0.54823240983
3124,0.76898543899
3125,0.521530196957
3126,0.564421022965
3127,0.684686157889
3128,0.652177269512
3129,0.477400923695
3130,0.879141351601
3131,0.177148872999
3132,0.913313429523
3133,0.431545985697
3134,0.608871135137
3135,0.1402557818
3136,0.351723762656
3137,0.858964577567
3138,0.192532155295
3139,0.198413791575
3140,0.345027380305
3141,0.851183650765
3142,0.877971453605
3143,0.819502074986
3144,0.243314867107
3145,0.376292481769
3146,0.906271867284
3147,0.204336552916
3148,0.338877331481
3149,0.332297934883
3150,0.697482992969
3151,0.738506202579
3152,0.526286051858
3153,0.88353315962
3154,0.346206024379
3155,0.519989158421
3156,0.867701279165
3157,0.927799645062
3158,0.386188429096
3159,0.34744581616
3160,0.206052680464
3161,0.88861821703
3162,0.570484502497
3163,0.341542133494
3164,0.294683204223
3165,0.334734082946
3166,0.132385888621
3167,0.77622200498
3168,0.797816735902
3169,0.926463712178
3170,0.443417681131
3171,0.910129633914
3172,0.898838559552
3173,0.602567999645
3174,0.148485869336
3175,0.412870622835
3176,0.653481400156
3177,0.326081367699
3178,0.185656208263
3179,0.779119858658
3180,0.476737311129
3181,0.701661535247
3182,0.642262125827
3183,0.349381288177
3184,0.701631210304
3185,0.750092738607
3186,0.927799645062
3187,0.409893119483
3188,0.524972704589
3189,0.870952262756
3190,0.925266067528
3191,0.241630172459
3192,0.703609087694
3193,0.773381434588
3194,0.932012099274
3195,0.397661140265
3196,0.461489130941
3197,0.853455204839
3198,0.0806029754559
3199,0.372433264523
3200,0.739611486624
3201,0.0996311401304
3202,0.824100684383
3203,0.873010458286
3204,0.494972725614
3205,0.157979221307
3206,0.742373406008
3207,0.391778504461
3208,0.660302973973
3209,0.30599578584
3210,0.402476375116
3211,0.784294984933
3212,0.736787015849
3213,0.265373950199
3214,0.534089692027
3215,0.101069273863
3216,0.454038520865
3217,0.38507073124
3218,0.803934692669
3219,0.64235313118
3220,0.778300355011
3221,0.487289812584
3222,0.848048455456
3223,0.796627163224
3224,0.893258582047
3225,0.915345432608
3226,0.524442460532
3227,0.331549491422
3228,0.41617277173
3229,0.797822296057
3230,0.730880926248
3231,0.680966520039
3232,0.379533601257
3233,0.932012099274
3234,0.889465230971
3235,0.364483665589
3236,0.487699533836
3237,0.448658425273
3238,0.852823230498
3239,0.822882215626
3240,0.559752749108
3241,0.886358447371
3242,0.20737605231
3243,0.41653402813
3244,0.809523214427
3245,0.0858142266231
3246,0.0806029754559
3247,0.359502911125
3248,0.316905242161
3249,0.459056237564
3250,0.441557287162
3251,0.857843762898
3252,0.07926076976
3253,0.392677002267
3254,0.345900806183
3255,0.387595452542
3256,0.400565780899
3257,0.415749651993
3258,0.0955673727495
3259,0.748615855592
3260,0.521116106181
3261,0.838935455347
3262,0.097877163686
3263,0.806307630542
3264,0.632775837131
3265,0.217608192988
3266,0.86253896212
3267,0.458205187532
3268,0.282397342401
3269,0.882840437603
3270,0.239577502638
3271,0.911132978395
3272,0.612384713917
3273,0.154248965173
3274,0.553295032854
3275,0.749935821533
3276,0.373485316089
3277,0.276927211752
3278,0.861370636376
3279,0.88980355766
3280,0.194311371126
3281,0.609967209379
3282,0.650933257667
3283,0.152653769669
3284,0.520058310461
3285,0.868092493699
3286,0.774208187952
3287,0.27460577896
3288,0.195348837523
3289,0.755695200977
3290,0.507659407861
3291,0.318120264514
3292,0.540789564028
3293,0.734762745602
3294,0.532132054466
3295,0.367675930314
3296,0.45070694013
3297,0.710770404324
3298,0.801338221246
3299,0.464777002035
3300,0.458031389173
3301,0.437608251398
3302,0.206891778775
3303,0.35204197294
3304,0.780512692346
3305,0.410274583896
3306,0.418167149673
3307,0.0619346748023
3308,0.140661041745
3309,0.460168787745
3310,0.629478881399
3311,0.906786292823
3312,0.870635357318
3313,0.548927412194
3314,0.70709484805
3315,0.163854768389
3316,0.53539010906
3317,0.498194549507
3318,0.343073035388
3319,0.769194572385
3320,0.121199420978
3321,0.735827923933
3322,0.84860693604
3323,0.337130723926
3324,0.890629682111
3325,0.405928726047
3326,0.611274225424
3327,0.69251202329
3328,0.36265756991
3329,0.748861115019
3330,0.281840172447
3331,0.714076687932
3332,0.618338238537
3333,0.721324325031
3334,0.443324251123
3335,0.291911432983
3336,0.690781316249
3337,0.113866892911
3338,0.655371789641
3339,0.843470490204
3340,0.799375190408
3341,0.848695533978
3342,0.0799085310115
3343,0.932012099274
3344,0.376708032582
3345,0.409281523576
3346,0.694546686465
3347,0.746864750714
3348,0.245865548086
3349,0.488552104517
3350,0.129867395676
3351,0.884903827462
3352,0.814123900479
3353,0.637968122444
3354,0.0804516088487
3355,0.785723456001
3356,0.244392693591
3357,0.350321294438
3358,0.880902739854
3359,0.429490587699
3360,0.824655011982
3361,0.932012099274
3362,0.294552537389
3363,0.822746311158
3364,0.454211207309
3365,0.708062667797
3366,0.598286229069
3367,0.477212758002
3368,0.906271867284
3369,0.856796372434
3370,0.851440797675
3371,0.87284435185
3372,0.876169639827
3373,0.526055569331
3374,0.319948498687
3375,0.751897354438
3376,0.735094432514
3377,0.83209081575
3378,0.180299595829
3379,0.667096792381
3380,0.429339361335
3381,0.0678922771415
3382,0.366888733518
3383,0.382327191889
3384,0.733964556364
3385,0.440002814285
3386,0.677258901207
3387,0.146998386231
3388,0.869428426584
3389,0.513344434308
3390,0.366206523488
3391,0.126680073739
3392,0.675926076261
3393,0.526866978964
3394,0.279237781614
3395,0.118051585733
3396,0.328851714923
3397,0.844176336737
3398,0.249775066558
3399,0.528341050772
3400,0.8413680004
3401,0.357745777928
3402,0.163559875367
3403,0.730267578845
3404,0.541861921622
3405,0.881046060833
3406,0.760582513079
3407,0.528143725591
3408,0.208804825979
3409,0.661178542749
3410,0.744964981889
3411,0.851905118209
3412,0.217638629871
3413,0.378403713163
3414,0.842643946676
3415,0.698730206964
3416,0.450811402896
3417,0.836971850901
3418,0.832601359335
3419,0.145470669882
3420,0.819363710342
3421,0.155625701698
3422,0.245830645544
3423,0.633937111325
3424,0.249883543626
3425,0.348976466882
3426,0.276163300397
3427,0.866645910682
3428,0.725951518013
3429,0.586641377335
3430,0.843815886905
3431,0.423592118666
3432,0.42526078972
3433,0.497908783396
3434,0.486490331495
3435,0.257660544456
3436,0.527080697871
3437,0.744403401379
3438,0.517117769444
3439,0.288656338657
3440,0.908793701029
3441,0.179631700235
3442,0.699542941329
3443,0.76982957579
3444,0.67462845231
3445,0.565235285934
3446,0.226188643757
3447,0.798597974058
3448,0.896520952352
3449,0.675062936233
3450,0.601939887135
3451,0.349522360068
3452,0.525134553598
3453,0.854674266779
3454,0.282084106565
3455,0.780311592919
3456,0.554012804839
3457,0.594790706605
3458,0.295447418315
3459,0.909797045511
3460,0.927799645062
3461,0.736698643038
3462,0.919232942947
3463,0.155578046166
3464,0.0926659125189
3465,0.364765309205
3466,0.110682112585
3467,0.85602767931
3468,0.131764019778
3469,0.90257383861
3470,0.918229598465
3471,0.919232942947
3472,0.73418495054
3473,0.901528819114
3474,0.442855778747
3475,0.91233467992
3476,0.557626358473
3477,0.553435579964
3478,0.507859599142
3479,0.714734209687
3480,0.246422547144
3481,0.5672825875
3482,0.0671978326971
3483,0.578978396946
3484,0.44498557693
3485,0.131251093162
3486,0.599796101888
3487,0.90324016945
3488,0.311875888684
3489,0.148612818554
3490,0.469271377763
3491,0.511254784707
3492,0.59586839492
3493,0.918903491635
3494,0.36541447678
3495,0.693881040838
3496,0.201663083741
3497,0.291189953013
3498,0.143382115162
3499,0.220001871251
3500,0.385799874506
3501,0.331241617049
3502,0.662646248703
3503,0.376991019225
3504,0.466754958047
3505,0.914342088126
3506,0.473107507499
3507,0.375961332505
3508,0.339659786711
3509,0.395802090774
3510,0.255343740578
3511,0.698196713395
3512,0.707892742121
3513,0.260185616191
3514,0.889490764753
3515,0.256604190593
3516,0.754625011187
3517,0.0810523218611
3518,0.818114144922
3519,0.77877150659
3520,0.205071744281
3521,0.228155400821
3522,0.759013206325
3523,0.793605326482
3524,0.86947421413
3525,0.541923985841
3526,0.919906836117
3527,0.867208502192
3528,0.398175231347
3529,0.168852045078
3530,0.809538544014
3531,0.90862621551
3532,0.719700792971
3533,0.440625521139
3534,0.932012099274
3535,0.927799645062
3536,0.853556522361
3537,0.155447157997
3538,0.83648501159
3539,0.368780272767
3540,0.856630017938
3541,0.897691782353
3542,0.622831834002
3543,0.91233467992
3544,0.27535987763
3545,0.140844835569
3546,0.808544440609
3547,0.620294609057
3548,0.63285616936
3549,0.411699946441
3550,0.893492710957
3551,0.33523895939
3552,0.364021962349
3553,0.334272885372
3554,0.845263493519
3555,0.888267586322
3556,0.850483240739
3557,0.66280847922
3558,0.140433274242
3559,0.420852713209
3560,0.126328642118
3561,0.399220489434
3562,0.295514468371
3563,0.84925581599
3564,0.416216724193
3565,0.6057007091
3566,0.911132978395
3567,0.343253876854
3568,0.373990753828
3569,0.273802528311
3570,0.463518226792
3571,0.264393148281
3572,0.765415586878
3573,0.212327781244
3574,0.401176703721
3575,0.407796450861
3576,0.727124557251
3577,0.741985956711
3578,0.424994449994
3579,0.438124490003
3580,0.436090565989
3581,0.206599965458
3582,0.813257152467
3583,0.224897809255
3584,0.746687675293
3585,0.665919387206
3586,0.867899525489
3587,0.502876219339
3588,0.884060870396
3589,0.543629113791
3590,0.55558494631
3591,0.416927177567
3592,0.602340498047
3593,0.820676738322
3594,0.91435844902
3595,0.575664799253
3596,0.22163647246
3597,0.168371803062
3598,0.734433566089
3599,0.756894094093
3600,0.903932589918
3601,0.776722415698
3602,0.827329631659
3603,0.543267334956
3604,0.147380266277
3605,0.219132632166
3606,0.285591066925
3607,0.18427153952
3608,0.883053469039
3609,0.749526208679
3610,0.631562975205
3611,0.321630697401
3612,0.701133853146
3613,0.457437139825
3614,0.111543682925
3615,0.895668013253
3616,0.0619346748023
3617,0.328091174322
3618,0.389199493463
3619,0.668598728047
3620,0.827990011901
3621,0.66498981151
3622,0.125261290481
3623,0.808842648071
3624,0.115664278532
3625,0.410010941002
3626,0.645147461509
3627,0.584476693868
3628,0.76590159652
3629,0.638048255487
3630,0.470516709161
3631,0.817512742775
3632,0.303216257244
3633,0.775365208251
3634,0.70430767709
3635,0.645536544541
3636,0.931008754793
3637,0.878346951401
3638,0.171142488317
3639,0.42652099549
3640,0.864085804841
3641,0.295983967013
3642,0.592030840244
3643,0.398393091675
3644,0.339500987821
3645,0.384960583517
3646,0.766882045089
3647,0.444706002013
3648,0.315295153723
3649,0.360020177083
3650,0.906294346456
3651,0.35212172362
3652,0.752937219655
3653,0.174691754903
3654,0.180752874576
3655,0.919906836117
3656,0.576674431906
3657,0.779750126404
3658,0.663248805023
3659,0.181813967858
3660,0.209595840841
3661,0.332648021443
3662,0.345717018093
3663,0.0792957859134
3664,0.644788905676
3665,0.371532838507
3666,0.467215873544
3667,0.566837433861
3668,0.376564941718
3669,0.459646769364
3670,0.785738063466
3671,0.575098076369
3672,0.411983013477
3673,0.853758898033
3674,0.39454525761
3675,0.588835086898
3676,0.340991926912
3677,0.761296625253
3678,0.779926015511
3679,0.557212332081
3680,0.367477740744
3681,0.287404752694
3682,0.394130902411
3683,0.520570257115
3684,0.356269898624
3685,0.183062370728
3686,0.212041380744
3687,0.663552713431
3688,0.390765036156
3689,0.758774891582
3690,0.462226134443
3691,0.124832112332
3692,0.361113203435
3693,0.869916604126
3694,0.842861542765
3695,0.143614175212
3696,0.459276555777
3697,0.927799645062
3698,0.240256448929
3699,0.870782359389
3700,0.791087068778
3701,0.832009525265
3702,0.771516565992
3703,0.781657894198
3704,0.819985552592
3705,0.573600555125
3706,0.147926513058
3707,0.581427336467
3708,0.823587305495
3709,0.267605636441
3710,0.585632972879
3711,0.102532800017
3712,0.40816813479
3713,0.187245945489
3714,0.220132102323
3715,0.745371796727
3716,0.712129280529
3717,0.367656549618
3718,0.117711983579
3719,0.645711351966
3720,0.649136013343
3721,0.537186873473
3722,0.864761966952
3723,0.821507294862
3724,0.39856980967
3725,0.826592890291
3726,0.911178765941
3727,0.232523933131
3728,0.144211911246
3729,0.680789884016
3730,0.310240903366
3731,0.106216081304
3732,0.883335507049
3733,0.702468375425
3734,0.384250116183
3735,0.480841996525
3736,0.670719083268
3737,0.152515905147
3738,0.40463236063
3739,0.573671703809
3740,0.282442002678
3741,0.746094149293
3742,0.544159746233
3743,0.54118869483
3744,0.579284712495
3745,0.202943042316
3746,0.906294346456
3747,0.662463360294
3748,0.601770401758
3749,0.387226899708
3750,0.722654166427
3751,0.135705945671
