MoleculeId,pca_xgb-PredictedProbability
1,0.753494501114
2,0.841240167618
3,0.254650354385
4,0.276994049549
5,0.30711093545
6,0.131956160069
7,0.886663675308
8,0.677020311356
9,0.760441064835
10,0.256733953953
11,0.702499091625
12,0.422483861446
13,0.42314016819
14,0.59410071373
15,0.789029240608
16,0.894818365574
17,0.563892245293
18,0.397566407919
19,0.351353615522
20,0.188835918903
21,0.473575472832
22,0.473576813936
23,0.29634347558
24,0.132665246725
25,0.175063177943
26,0.923173904419
27,0.725059092045
28,0.220951765776
29,0.534094452858
30,0.86182063818
31,0.283273786306
32,0.683000862598
33,0.0808401107788
34,0.745147228241
35,0.54573559761
36,0.472232818604
37,0.559687495232
38,0.413404762745
39,0.7125877738
40,0.863334715366
41,0.753843665123
42,0.216320678592
43,0.131812646985
44,0.785855770111
45,0.531305670738
46,0.894896268845
47,0.216368481517
48,0.273367315531
49,0.389416515827
50,0.720310986042
51,0.752819657326
52,0.630256295204
53,0.381899803877
54,0.727609038353
55,0.388324350119
56,0.348365455866
57,0.286765754223
58,0.605511963367
59,0.854686498642
60,0.366540253162
61,0.139285132289
62,0.788795351982
63,0.593315958977
64,0.493828415871
65,0.327228039503
66,0.732354819775
67,0.687454402447
68,0.736816287041
69,0.231678500772
70,0.865275681019
71,0.339663654566
72,0.384236484766
73,0.87151914835
74,0.626898169518
75,0.896264851093
76,0.929682910442
77,0.571239173412
78,0.918624699116
79,0.837990045547
80,0.272635906935
81,0.908103525639
82,0.164085298777
83,0.532862246037
84,0.901166915894
85,0.839085817337
86,0.39649233222
87,0.495874166489
88,0.27807700634
89,0.700504362583
90,0.430582225323
91,0.82860571146
92,0.855863809586
93,0.776373565197
94,0.234429165721
95,0.625535070896
96,0.630026042461
97,0.521280407906
98,0.688004374504
99,0.650979816914
100,0.418907225132
101,0.210718974471
102,0.391104310751
103,0.56191599369
104,0.86839389801
105,0.224592328072
106,0.593122601509
107,0.611098885536
108,0.906140446663
109,0.0907363519073
110,0.67385995388
111,0.150896593928
112,0.208354637027
113,0.107147850096
114,0.750536978245
115,0.890528082848
116,0.678982257843
117,0.244266152382
118,0.333481222391
119,0.427826046944
120,0.884550750256
121,0.521506309509
122,0.25352832675
123,0.777628600597
124,0.267438471317
125,0.936771929264
126,0.845763981342
127,0.708045005798
128,0.183867111802
129,0.905854344368
130,0.577613949776
131,0.13577799499
132,0.740348756313
133,0.871229887009
134,0.818723142147
135,0.374766677618
136,0.129314020276
137,0.239065021276
138,0.270532399416
139,0.769894421101
140,0.830386400223
141,0.622062623501
142,0.513639628887
143,0.931498289108
144,0.722448527813
145,0.847597777843
146,0.848094880581
147,0.506069302559
148,0.79094427824
149,0.181267485023
150,0.18816511333
151,0.181267693639
152,0.736411094666
153,0.877583861351
154,0.607841253281
155,0.699568688869
156,0.40702855587
157,0.6083548069
158,0.3344386518
159,0.591463923454
160,0.641330599785
161,0.49085983634
162,0.18581584096
163,0.652088701725
164,0.401248306036
165,0.392142474651
166,0.588425278664
167,0.271489799023
168,0.67415612936
169,0.819619417191
170,0.316600769758
171,0.432566672564
172,0.626548171043
173,0.671154499054
174,0.164971441031
175,0.691193878651
176,0.928476631641
177,0.565170168877
178,0.539816915989
179,0.4158013165
180,0.144744068384
181,0.349961847067
182,0.466198086739
183,0.149233967066
184,0.786470115185
185,0.776111781597
186,0.561803340912
187,0.890275537968
188,0.674564361572
189,0.315390467644
190,0.33737051487
191,0.793019533157
192,0.850659191608
193,0.877636015415
194,0.278821289539
195,0.16783285141
196,0.261166870594
197,0.42508944869
198,0.468648940325
199,0.864878714085
200,0.505580425262
201,0.947563886642
202,0.424477517605
203,0.498826175928
204,0.798845529556
205,0.561663031578
206,0.255868166685
207,0.203239262104
208,0.14485630393
209,0.934350907803
210,0.176632300019
211,0.345010906458
212,0.47835829854
213,0.258221238852
214,0.387910217047
215,0.85779106617
216,0.482860118151
217,0.454246580601
218,0.331922531128
219,0.719516694546
220,0.646594524384
221,0.116097584367
222,0.441979199648
223,0.528762996197
224,0.688603579998
225,0.170865610242
226,0.347487181425
227,0.302156150341
228,0.209052801132
229,0.633131325245
230,0.408377736807
231,0.122892171144
232,0.744276762009
233,0.717324852943
234,0.611271381378
235,0.771549582481
236,0.545047223568
237,0.415076464415
238,0.252529263496
239,0.338810294867
240,0.161594256759
241,0.633405447006
242,0.533904492855
243,0.310612231493
244,0.0761468484998
245,0.50609767437
246,0.514231979847
247,0.302308261395
248,0.614582598209
249,0.736071527004
250,0.442788928747
251,0.808687865734
252,0.829697132111
253,0.223524600267
254,0.551245808601
255,0.524746060371
256,0.647706627846
257,0.178875789046
258,0.44194316864
259,0.80642670393
260,0.81580722332
261,0.848909795284
262,0.856110036373
263,0.727526962757
264,0.198532044888
265,0.149073392153
266,0.305335730314
267,0.341067641973
268,0.0890188738704
269,0.623060643673
270,0.363529205322
271,0.814030170441
272,0.776256322861
273,0.278021305799
274,0.239419415593
275,0.8483979702
276,0.302274852991
277,0.531622231007
278,0.413369178772
279,0.811504900455
280,0.411115676165
281,0.464691281319
282,0.499579310417
283,0.744549930096
284,0.746459364891
285,0.830539226532
286,0.319245934486
287,0.369419425726
288,0.321290642023
289,0.678600907326
290,0.693344116211
291,0.324284404516
292,0.706273138523
293,0.506950318813
294,0.703241050243
295,0.791731059551
296,0.601812779903
297,0.743781149387
298,0.662495493889
299,0.131219297647
300,0.556382536888
301,0.871104717255
302,0.475453525782
303,0.816608726978
304,0.604512453079
305,0.844983637333
306,0.191067159176
307,0.395031899214
308,0.415268301964
309,0.173647388816
310,0.92619651556
311,0.374105960131
312,0.894511759281
313,0.783553659916
314,0.395250767469
315,0.645635962486
316,0.935566902161
317,0.286970585585
318,0.532385766506
319,0.667710721493
320,0.79128497839
321,0.902940988541
322,0.0742620974779
323,0.136364266276
324,0.591847777367
325,0.382331937551
326,0.685626983643
327,0.58434176445
328,0.909128248692
329,0.501551687717
330,0.793377876282
331,0.409242391586
332,0.673850417137
333,0.494963973761
334,0.74286955595
335,0.190786972642
336,0.864017426968
337,0.867228031158
338,0.435986876488
339,0.562094628811
340,0.538307011127
341,0.555632591248
342,0.258562475443
343,0.605475366116
344,0.120156295598
345,0.81631141901
346,0.364130914211
347,0.913307785988
348,0.765001416206
349,0.134312883019
350,0.797592401505
351,0.226934045553
352,0.500243008137
353,0.457500368357
354,0.746495187283
355,0.547361493111
356,0.770360708237
357,0.112593047321
358,0.1633310467
359,0.679391503334
360,0.951981961727
361,0.43623867631
362,0.455118209124
363,0.699499666691
364,0.700336456299
365,0.51625919342
366,0.823580563068
367,0.332955181599
368,0.817294597626
369,0.270235002041
370,0.653841376305
371,0.896797478199
372,0.226835563779
373,0.65241932869
374,0.767250835896
375,0.404017269611
376,0.375671029091
377,0.665943324566
378,0.521723747253
379,0.372045457363
380,0.687595188618
381,0.151605531573
382,0.0918257534504
383,0.460118293762
384,0.132660523057
385,0.249648287892
386,0.833334684372
387,0.0724101960659
388,0.892176747322
389,0.66409432888
390,0.905221104622
391,0.7893191576
392,0.899896085262
393,0.558745920658
394,0.29166534543
395,0.452108830214
396,0.489893108606
397,0.175193428993
398,0.820980906487
399,0.411133557558
400,0.464816987514
401,0.928577542305
402,0.913703918457
403,0.724550127983
404,0.904852092266
405,0.328304231167
406,0.659587144852
407,0.368771523237
408,0.883869349957
409,0.573501765728
410,0.0883013233542
411,0.945402979851
412,0.764206528664
413,0.878737092018
414,0.25285577774
415,0.845049440861
416,0.688529789448
417,0.668984174728
418,0.593873083591
419,0.566688239574
420,0.91899818182
421,0.2843734622
422,0.524277031422
423,0.552098572254
424,0.668799519539
425,0.666807949543
426,0.820737421513
427,0.880186259747
428,0.695579588413
429,0.960210800171
430,0.924458861351
431,0.917962729931
432,0.494153290987
433,0.382825255394
434,0.548402667046
435,0.442303866148
436,0.722022533417
437,0.751507520676
438,0.315694361925
439,0.823874413967
440,0.723770141602
441,0.581206083298
442,0.894341826439
443,0.746661901474
444,0.405531942844
445,0.188514575362
446,0.897963225842
447,0.245787978172
448,0.288916409016
449,0.737710058689
450,0.319776266813
451,0.311700195074
452,0.224144950509
453,0.118230909109
454,0.20732216537
455,0.924971759319
456,0.493001520634
457,0.832237541676
458,0.679761886597
459,0.165478929877
460,0.805036067963
461,0.663120865822
462,0.264227122068
463,0.68449229002
464,0.505229592323
465,0.650196194649
466,0.461576998234
467,0.142037928104
468,0.185434535146
469,0.859615087509
470,0.709640860558
471,0.591473698616
472,0.770664691925
473,0.583176195621
474,0.670021593571
475,0.864118456841
476,0.821385025978
477,0.884731113911
478,0.600256860256
479,0.748399972916
480,0.353371292353
481,0.589541375637
482,0.483663201332
483,0.124502897263
484,0.582338392735
485,0.560247242451
486,0.168434858322
487,0.177223950624
488,0.1370588094
489,0.771708726883
490,0.32705450058
491,0.293821305037
492,0.601326644421
493,0.872624576092
494,0.804151058197
495,0.270822733641
496,0.829616904259
497,0.581261456013
498,0.525120913982
499,0.120264157653
500,0.298068642616
501,0.385281473398
502,0.330585420132
503,0.143274456263
504,0.130716964602
505,0.89866489172
506,0.666839838028
507,0.667998969555
508,0.193581297994
509,0.675575911999
510,0.936904907227
511,0.68936675787
512,0.68732625246
513,0.783246397972
514,0.361855447292
515,0.504468262196
516,0.736095964909
517,0.850814402103
518,0.373731017113
519,0.371570527554
520,0.0812253504992
521,0.650645673275
522,0.0660132691264
523,0.239623516798
524,0.254757523537
525,0.877493143082
526,0.162607312202
527,0.429915606976
528,0.265755593777
529,0.253340214491
530,0.585243463516
531,0.572951734066
532,0.371364921331
533,0.858186006546
534,0.47164902091
535,0.29478302598
536,0.849167764187
537,0.944713890553
538,0.519800007343
539,0.808503329754
540,0.203843802214
541,0.513737618923
542,0.589277505875
543,0.302615046501
544,0.700085818768
545,0.682539343834
546,0.221833243966
547,0.603250861168
548,0.479917019606
549,0.534961223602
550,0.556709766388
551,0.286112844944
552,0.401528805494
553,0.246419101954
554,0.175934016705
555,0.87142598629
556,0.644499957561
557,0.158322826028
558,0.793034672737
559,0.371309518814
560,0.533219516277
561,0.599224388599
562,0.229866415262
563,0.6581813097
564,0.261603474617
565,0.814761996269
566,0.843332052231
567,0.427479743958
568,0.649739027023
569,0.784987509251
570,0.839237868786
571,0.866803228855
572,0.274307489395
573,0.249169737101
574,0.456025153399
575,0.0940995290875
576,0.514118611813
577,0.861752331257
578,0.0799685940146
579,0.162404447794
580,0.16114962101
581,0.817992806435
582,0.866546630859
583,0.850715100765
584,0.397791236639
585,0.486608952284
586,0.892455160618
587,0.838084638119
588,0.636228084564
589,0.414604514837
590,0.889014184475
591,0.879565536976
592,0.806664943695
593,0.263878524303
594,0.259317070246
595,0.209558531642
596,0.0827145949006
597,0.287044525146
598,0.775177657604
599,0.934546470642
600,0.804361522198
601,0.490828812122
602,0.768922150135
603,0.833178043365
604,0.778249025345
605,0.813898921013
606,0.688344478607
607,0.308538019657
608,0.859188854694
609,0.30585694313
610,0.739782869816
611,0.795934915543
612,0.556003093719
613,0.784205675125
614,0.770230472088
615,0.518496155739
616,0.393717199564
617,0.879336118698
618,0.604553937912
619,0.44139868021
620,0.133526071906
621,0.571073949337
622,0.803046822548
623,0.92394477129
624,0.614917695522
625,0.656843304634
626,0.581511318684
627,0.438883692026
628,0.917918741703
629,0.565602958202
630,0.359017014503
631,0.857867777348
632,0.250318050385
633,0.335619449615
634,0.812518119812
635,0.628218173981
636,0.461331665516
637,0.607865095139
638,0.587428748608
639,0.269060701132
640,0.688052713871
641,0.657169759274
642,0.325370162725
643,0.242481932044
644,0.403889238834
645,0.394424438477
646,0.890807688236
647,0.931513726711
648,0.302280604839
649,0.639330804348
650,0.610786855221
651,0.635750174522
652,0.703054308891
653,0.576744675636
654,0.18552288413
655,0.361882299185
656,0.677915751934
657,0.364083379507
658,0.676055550575
659,0.864217162132
660,0.162695720792
661,0.913494467735
662,0.513978421688
663,0.582453846931
664,0.6240234375
665,0.26575127244
666,0.324457198381
667,0.48895034194
668,0.254002809525
669,0.416046202183
670,0.25066742301
671,0.823343098164
672,0.791556954384
673,0.657311618328
674,0.893187582493
675,0.786100924015
676,0.307767778635
677,0.388182997704
678,0.661473691463
679,0.516592562199
680,0.525751709938
681,0.901450514793
682,0.857412278652
683,0.412071496248
684,0.450271576643
685,0.121615514159
686,0.728943288326
687,0.809444904327
688,0.932139098644
689,0.865904271603
690,0.669098138809
691,0.852186977863
692,0.428781092167
693,0.875279247761
694,0.90632891655
695,0.743634343147
696,0.674185454845
697,0.57551586628
698,0.564747035503
699,0.666061043739
700,0.243553444743
701,0.695369839668
702,0.0824337601662
703,0.256514459848
704,0.835724830627
705,0.300077170134
706,0.627540528774
707,0.912990689278
708,0.880364537239
709,0.248065188527
710,0.827368974686
711,0.896102309227
712,0.0829163268209
713,0.744316875935
714,0.659116327763
715,0.82414406538
716,0.288722515106
717,0.909636735916
718,0.389794439077
719,0.519819915295
720,0.524364888668
721,0.362147182226
722,0.287698626518
723,0.124971695244
724,0.931879103184
725,0.0905813276768
726,0.257116794586
727,0.624492704868
728,0.480885654688
729,0.63524055481
730,0.722932398319
731,0.729417085648
732,0.777336597443
733,0.416207790375
734,0.645400762558
735,0.695558309555
736,0.0640138760209
737,0.862033724785
738,0.251737862825
739,0.9199436903
740,0.548923671246
741,0.813286602497
742,0.512542545795
743,0.260954976082
744,0.938845574856
745,0.640621304512
746,0.622193396091
747,0.209214180708
748,0.411473095417
749,0.0725719034672
750,0.330468952656
751,0.372234165668
752,0.612658202648
753,0.76765871048
754,0.883223712444
755,0.142955765128
756,0.754231452942
757,0.811397194862
758,0.804716110229
759,0.692135572433
760,0.401038944721
761,0.158740803599
762,0.529591977596
763,0.720452427864
764,0.265596210957
765,0.732416033745
766,0.87741458416
767,0.339174151421
768,0.737971365452
769,0.288647055626
770,0.227510750294
771,0.506393432617
772,0.385031223297
773,0.70771753788
774,0.832257151604
775,0.389730095863
776,0.823536813259
777,0.389986991882
778,0.132270202041
779,0.470511317253
780,0.554176449776
781,0.900077223778
782,0.839927196503
783,0.35835391283
784,0.872905671597
785,0.18602438271
786,0.716933846474
787,0.492200016975
788,0.188304454088
789,0.618884682655
790,0.745567679405
791,0.479109853506
792,0.194466292858
793,0.120880395174
794,0.83706921339
795,0.384004324675
796,0.805776953697
797,0.287865489721
798,0.88317155838
799,0.199985355139
800,0.332782417536
801,0.810990452766
802,0.0752032324672
803,0.372634321451
804,0.839302361012
805,0.745335578918
806,0.54618704319
807,0.191542610526
808,0.312061458826
809,0.514927208424
810,0.849626600742
811,0.625089108944
812,0.614127635956
813,0.746156811714
814,0.770007133484
815,0.789612233639
816,0.316515177488
817,0.346173346043
818,0.86066287756
819,0.293096929789
820,0.868332266808
821,0.655047953129
822,0.848692059517
823,0.514835298061
824,0.768201589584
825,0.338974028826
826,0.493124097586
827,0.288098871708
828,0.320030242205
829,0.906906068325
830,0.333968728781
831,0.837513387203
832,0.658472418785
833,0.8126116395
834,0.143810793757
835,0.174772083759
836,0.941828250885
837,0.578154683113
838,0.207478627563
839,0.913428962231
840,0.550722956657
841,0.91088104248
842,0.85708874464
843,0.486765772104
844,0.368737190962
845,0.756124734879
846,0.177676022053
847,0.842854082584
848,0.616727113724
849,0.264943301678
850,0.349281251431
851,0.140567958355
852,0.699029803276
853,0.347388595343
854,0.646551072598
855,0.513920724392
856,0.690112709999
857,0.17423646152
858,0.555918633938
859,0.172475650907
860,0.518942892551
861,0.451094537973
862,0.558054566383
863,0.589921236038
864,0.443098425865
865,0.495297431946
866,0.733964502811
867,0.950012743473
868,0.204403862357
869,0.71873819828
870,0.477765679359
871,0.893136978149
872,0.510191142559
873,0.82261288166
874,0.392422407866
875,0.521644115448
876,0.363572716713
877,0.210570544004
878,0.308900892735
879,0.150807157159
880,0.719162762165
881,0.627252161503
882,0.926422119141
883,0.596993207932
884,0.215093389153
885,0.271135747433
886,0.778459072113
887,0.702007353306
888,0.563740372658
889,0.624558091164
890,0.79313826561
891,0.385318636894
892,0.829275786877
893,0.855173230171
894,0.448185831308
895,0.334208250046
896,0.40484341979
897,0.356120407581
898,0.733237683773
899,0.160524681211
900,0.805820405483
901,0.113433167338
902,0.700228571892
903,0.596108973026
904,0.277498424053
905,0.531314015388
906,0.764269888401
907,0.85816937685
908,0.940062046051
909,0.809880077839
910,0.499326139688
911,0.889347374439
912,0.500791728497
913,0.51623570919
914,0.594394803047
915,0.367069363594
916,0.327189415693
917,0.236879065633
918,0.622467756271
919,0.547358512878
920,0.461342126131
921,0.776663839817
922,0.710155963898
923,0.163381934166
924,0.446417868137
925,0.164792403579
926,0.217218399048
927,0.485799789429
928,0.851417660713
929,0.399255156517
930,0.170834675431
931,0.335814863443
932,0.918988406658
933,0.610036015511
934,0.895591020584
935,0.381831943989
936,0.866193830967
937,0.773646712303
938,0.289751946926
939,0.858524799347
940,0.815624475479
941,0.814407348633
942,0.54185795784
943,0.865209460258
944,0.351844668388
945,0.852663218975
946,0.0752094238997
947,0.927633285522
948,0.753954172134
949,0.881553173065
950,0.445859611034
951,0.738587021828
952,0.64926981926
953,0.337832003832
954,0.351729810238
955,0.687166035175
956,0.480032265186
957,0.450656682253
958,0.728691756725
959,0.92459243536
960,0.52893024683
961,0.391781359911
962,0.834589779377
963,0.892788350582
964,0.812696993351
965,0.453702837229
966,0.933302819729
967,0.122442752123
968,0.553749203682
969,0.922437608242
970,0.478562504053
971,0.636247992516
972,0.393728017807
973,0.136685013771
974,0.0937145501375
975,0.639804363251
976,0.872869431973
977,0.528425633907
978,0.691211163998
979,0.337490737438
980,0.14973719418
981,0.917000114918
982,0.36216711998
983,0.897206902504
984,0.914051473141
985,0.638568997383
986,0.954146206379
987,0.408576458693
988,0.584208250046
989,0.572175204754
990,0.346463888884
991,0.0812462493777
992,0.0826516896486
993,0.655384242535
994,0.546117782593
995,0.335532575846
996,0.223941266537
997,0.129343688488
998,0.630656957626
999,0.522131979465
1000,0.478405117989
1001,0.374842911959
1002,0.153943955898
1003,0.529091477394
1004,0.553780436516
1005,0.847483634949
1006,0.379264205694
1007,0.283930122852
1008,0.528116643429
1009,0.565318703651
1010,0.455246269703
1011,0.882634699345
1012,0.444987744093
1013,0.108978375793
1014,0.807851791382
1015,0.767537951469
1016,0.791546702385
1017,0.718004405499
1018,0.599460363388
1019,0.59158873558
1020,0.871505916119
1021,0.552614152431
1022,0.659373939037
1023,0.324003309011
1024,0.177243486047
1025,0.255470901728
1026,0.0871380269527
1027,0.141199812293
1028,0.805981099606
1029,0.433571904898
1030,0.773475944996
1031,0.594082117081
1032,0.600035786629
1033,0.408482611179
1034,0.380337715149
1035,0.346093595028
1036,0.262161582708
1037,0.631603896618
1038,0.912610173225
1039,0.077667683363
1040,0.763235270977
1041,0.456499934196
1042,0.698649227619
1043,0.632660448551
1044,0.838345706463
1045,0.935169219971
1046,0.223691865802
1047,0.537089288235
1048,0.359672397375
1049,0.750761568546
1050,0.510858416557
1051,0.549545764923
1052,0.371813386679
1053,0.23824994266
1054,0.331086307764
1055,0.910508036613
1056,0.157704249024
1057,0.741267025471
1058,0.552360296249
1059,0.778659582138
1060,0.591847777367
1061,0.498685061932
1062,0.472938477993
1063,0.19856646657
1064,0.74606192112
1065,0.770318806171
1066,0.718722462654
1067,0.448643654585
1068,0.101476952434
1069,0.760375738144
1070,0.488707989454
1071,0.301685333252
1072,0.16992598772
1073,0.270249575377
1074,0.400382757187
1075,0.579515457153
1076,0.860790133476
1077,0.937525629997
1078,0.385351985693
1079,0.588528513908
1080,0.322666734457
1081,0.692650318146
1082,0.560739040375
1083,0.161056548357
1084,0.121971808374
1085,0.695211470127
1086,0.464196324348
1087,0.666509628296
1088,0.87662768364
1089,0.640360236168
1090,0.154578074813
1091,0.782872855663
1092,0.306954741478
1093,0.574737608433
1094,0.686590611935
1095,0.839068114758
1096,0.8860424757
1097,0.0819681212306
1098,0.237185150385
1099,0.692481517792
1100,0.0925682112575
1101,0.684477627277
1102,0.661212980747
1103,0.396228462458
1104,0.471925884485
1105,0.947014689445
1106,0.717139899731
1107,0.812961637974
1108,0.655323863029
1109,0.523741781712
1110,0.736487150192
1111,0.658380031586
1112,0.511121571064
1113,0.698792815208
1114,0.255221694708
1115,0.223962917924
1116,0.947377622128
1117,0.886918365955
1118,0.622179627419
1119,0.292081087828
1120,0.640065133572
1121,0.499277800322
1122,0.780398488045
1123,0.85377061367
1124,0.762549221516
1125,0.142653211951
1126,0.687899112701
1127,0.495019137859
1128,0.773961722851
1129,0.876117169857
1130,0.897963225842
1131,0.916796267033
1132,0.375541001558
1133,0.866485238075
1134,0.345304131508
1135,0.377041846514
1136,0.395311266184
1137,0.709514856339
1138,0.875528275967
1139,0.404205054045
1140,0.618375480175
1141,0.278924167156
1142,0.507968127728
1143,0.518916487694
1144,0.311741262674
1145,0.185160726309
1146,0.098483286798
1147,0.47205850482
1148,0.883769452572
1149,0.374416023493
1150,0.664299607277
1151,0.867545962334
1152,0.748088717461
1153,0.363045334816
1154,0.724693059921
1155,0.884872853756
1156,0.788486659527
1157,0.80330991745
1158,0.473480641842
1159,0.329870313406
1160,0.644409477711
1161,0.251818954945
1162,0.537764489651
1163,0.149906098843
1164,0.879429578781
1165,0.382049739361
1166,0.889734208584
1167,0.631363809109
1168,0.669236183167
1169,0.264894664288
1170,0.936652362347
1171,0.499267995358
1172,0.792227089405
1173,0.700386941433
1174,0.85557949543
1175,0.762210011482
1176,0.554915130138
1177,0.320521652699
1178,0.923521697521
1179,0.530275940895
1180,0.542460262775
1181,0.92773860693
1182,0.17688369751
1183,0.706525802612
1184,0.511667788029
1185,0.423549890518
1186,0.801387667656
1187,0.224646940827
1188,0.170702591538
1189,0.785421848297
1190,0.644143044949
1191,0.760175466537
1192,0.0892064720392
1193,0.154391884804
1194,0.168098315597
1195,0.951553046703
1196,0.616104364395
1197,0.923201858997
1198,0.900074720383
1199,0.233574062586
1200,0.852707207203
1201,0.308815181255
1202,0.917451202869
1203,0.829453408718
1204,0.640043437481
1205,0.816313862801
1206,0.173775792122
1207,0.140301659703
1208,0.585691034794
1209,0.763954877853
1210,0.212636783719
1211,0.571829140186
1212,0.355363845825
1213,0.0788001269102
1214,0.273792505264
1215,0.539692640305
1216,0.347530037165
1217,0.889813303947
1218,0.685568749905
1219,0.767880678177
1220,0.719829499722
1221,0.912355184555
1222,0.254035711288
1223,0.913934469223
1224,0.775870382786
1225,0.857926249504
1226,0.908765375614
1227,0.546798825264
1228,0.337711602449
1229,0.6327663064
1230,0.668282926083
1231,0.78024739027
1232,0.210485264659
1233,0.186426475644
1234,0.729332923889
1235,0.338785499334
1236,0.858091294765
1237,0.539544641972
1238,0.7312951684
1239,0.425090134144
1240,0.452514559031
1241,0.679285287857
1242,0.457367032766
1243,0.746584415436
1244,0.909529387951
1245,0.313688725233
1246,0.474456220865
1247,0.32708093524
1248,0.857897043228
1249,0.293619841337
1250,0.279432177544
1251,0.792035937309
1252,0.270951539278
1253,0.86949634552
1254,0.798459947109
1255,0.147506207228
1256,0.587499141693
1257,0.468357563019
1258,0.87095361948
1259,0.765287220478
1260,0.816676616669
1261,0.64529299736
1262,0.89435249567
1263,0.482666701078
1264,0.876463294029
1265,0.845944166183
1266,0.837884008884
1267,0.651758015156
1268,0.844185948372
1269,0.685270130634
1270,0.67603546381
1271,0.83232229948
1272,0.740632474422
1273,0.149543344975
1274,0.754367649555
1275,0.465115010738
1276,0.176724016666
1277,0.65526008606
1278,0.571811914444
1279,0.332681357861
1280,0.80455249548
1281,0.819081962109
1282,0.788368105888
1283,0.26353058219
1284,0.620105087757
1285,0.535636901855
1286,0.254661768675
1287,0.41009581089
1288,0.0757020041347
1289,0.303629696369
1290,0.409747570753
1291,0.456869095564
1292,0.720835328102
1293,0.373880654573
1294,0.620434343815
1295,0.0768850073218
1296,0.434533119202
1297,0.337737977505
1298,0.934403538704
1299,0.440575748682
1300,0.416748613119
1301,0.810532152653
1302,0.591622531414
1303,0.530213654041
1304,0.402494311333
1305,0.436244487762
1306,0.228012576699
1307,0.478810250759
1308,0.820481538773
1309,0.308046728373
1310,0.218054547906
1311,0.588814496994
1312,0.945145428181
1313,0.873344063759
1314,0.591523170471
1315,0.385603845119
1316,0.138894230127
1317,0.904699027538
1318,0.869778454304
1319,0.559813201427
1320,0.281570523977
1321,0.594341874123
1322,0.445406734943
1323,0.4509100914
1324,0.522370815277
1325,0.414119571447
1326,0.811275303364
1327,0.809176802635
1328,0.553477227688
1329,0.505419075489
1330,0.916429281235
1331,0.936385333538
1332,0.176174163818
1333,0.640043377876
1334,0.125145792961
1335,0.954283893108
1336,0.0566165819764
1337,0.569883584976
1338,0.210306271911
1339,0.935058474541
1340,0.134098500013
1341,0.515912294388
1342,0.438803613186
1343,0.425621330738
1344,0.866467416286
1345,0.748893976212
1346,0.851443111897
1347,0.233468621969
1348,0.337943822145
1349,0.476952880621
1350,0.324499577284
1351,0.705647647381
1352,0.928581774235
1353,0.11054994911
1354,0.888726532459
1355,0.875782847404
1356,0.809831261635
1357,0.0884123444557
1358,0.800200939178
1359,0.49651324749
1360,0.0776709094644
1361,0.501860260963
1362,0.446850001812
1363,0.600906133652
1364,0.643638134003
1365,0.311371713877
1366,0.368020385504
1367,0.28888052702
1368,0.525729179382
1369,0.481394886971
1370,0.307423144579
1371,0.817998230457
1372,0.82640171051
1373,0.518083572388
1374,0.431515276432
1375,0.599022090435
1376,0.497003495693
1377,0.457703918219
1378,0.805429041386
1379,0.593205332756
1380,0.88577824831
1381,0.550340116024
1382,0.524931609631
1383,0.350499600172
1384,0.639117181301
1385,0.195430785418
1386,0.216431990266
1387,0.561859846115
1388,0.774560272694
1389,0.54495871067
1390,0.236838459969
1391,0.918039619923
1392,0.627734601498
1393,0.0847871750593
1394,0.340355873108
1395,0.181258037686
1396,0.917710781097
1397,0.629119515419
1398,0.277179449797
1399,0.452042847872
1400,0.783069252968
1401,0.413871049881
1402,0.917456448078
1403,0.399960875511
1404,0.266688108444
1405,0.478560626507
1406,0.523186504841
1407,0.696033596992
1408,0.377544075251
1409,0.698364973068
1410,0.889590203762
1411,0.261254668236
1412,0.410691767931
1413,0.929115355015
1414,0.281555503607
1415,0.80541062355
1416,0.255198121071
1417,0.106455020607
1418,0.665203928947
1419,0.738135814667
1420,0.852684617043
1421,0.854787111282
1422,0.52646869421
1423,0.631785154343
1424,0.219631060958
1425,0.308237373829
1426,0.511768877506
1427,0.594518721104
1428,0.574477791786
1429,0.804724633694
1430,0.0696552842855
1431,0.071162968874
1432,0.415438622236
1433,0.848169565201
1434,0.441086888313
1435,0.744823157787
1436,0.804874420166
1437,0.774450838566
1438,0.79854875803
1439,0.368430346251
1440,0.910229504108
1441,0.823683261871
1442,0.28502753377
1443,0.248078793287
1444,0.608600258827
1445,0.389055401087
1446,0.769038558006
1447,0.21416978538
1448,0.791129231453
1449,0.248885795474
1450,0.274647206068
1451,0.476178646088
1452,0.537503302097
1453,0.503880023956
1454,0.673662483692
1455,0.860831260681
1456,0.62068516016
1457,0.0856730639935
1458,0.449849009514
1459,0.907778441906
1460,0.5033416152
1461,0.738490223885
1462,0.473148822784
1463,0.696310937405
1464,0.301972657442
1465,0.873832345009
1466,0.573021948338
1467,0.11089990288
1468,0.652922689915
1469,0.390349030495
1470,0.876193583012
1471,0.732652783394
1472,0.579248726368
1473,0.628162920475
1474,0.725849866867
1475,0.784796178341
1476,0.171736449003
1477,0.141423001885
1478,0.74168998003
1479,0.263522148132
1480,0.340295553207
1481,0.0927965044975
1482,0.638752639294
1483,0.498581081629
1484,0.634806990623
1485,0.695539653301
1486,0.57188552618
1487,0.335312128067
1488,0.770834803581
1489,0.403939008713
1490,0.72500115633
1491,0.751977562904
1492,0.533612370491
1493,0.860019147396
1494,0.120248891413
1495,0.820873320103
1496,0.66740167141
1497,0.840740859509
1498,0.903761446476
1499,0.694122195244
1500,0.784057676792
1501,0.615441977978
1502,0.343806058168
1503,0.912157595158
1504,0.729537665844
1505,0.750068604946
1506,0.48143774271
1507,0.238069161773
1508,0.29902112484
1509,0.911077916622
1510,0.686771094799
1511,0.183496788144
1512,0.0812315642834
1513,0.236668691039
1514,0.289919286966
1515,0.470973670483
1516,0.593479990959
1517,0.468048453331
1518,0.0659422874451
1519,0.163193419576
1520,0.565293550491
1521,0.191388338804
1522,0.374719113111
1523,0.314621567726
1524,0.418803215027
1525,0.513529479504
1526,0.812529325485
1527,0.681030511856
1528,0.578615605831
1529,0.211051508784
1530,0.689429759979
1531,0.468517750502
1532,0.620393395424
1533,0.295472830534
1534,0.95608818531
1535,0.728132963181
1536,0.739960610867
1537,0.248397290707
1538,0.677174389362
1539,0.865171968937
1540,0.34699678421
1541,0.780614733696
1542,0.903271734715
1543,0.433892250061
1544,0.905314207077
1545,0.331949800253
1546,0.122884571552
1547,0.34319370985
1548,0.344253271818
1549,0.422651857138
1550,0.845098793507
1551,0.832966506481
1552,0.0965079516172
1553,0.136798232794
1554,0.813091158867
1555,0.722367584705
1556,0.888384997845
1557,0.728595733643
1558,0.556001782417
1559,0.450146704912
1560,0.682553470135
1561,0.707836568356
1562,0.232727274299
1563,0.430030733347
1564,0.369527161121
1565,0.456865698099
1566,0.650947093964
1567,0.416085332632
1568,0.812975943089
1569,0.720013558865
1570,0.0850274413824
1571,0.785153865814
1572,0.189693793654
1573,0.784876823425
1574,0.365781337023
1575,0.848523616791
1576,0.800417542458
1577,0.503039360046
1578,0.358180701733
1579,0.842216670513
1580,0.511781692505
1581,0.588366150856
1582,0.740152299404
1583,0.518742918968
1584,0.821018397808
1585,0.653768360615
1586,0.8327704072
1587,0.879884719849
1588,0.269515752792
1589,0.778775036335
1590,0.49942356348
1591,0.612896502018
1592,0.272317737341
1593,0.419425755739
1594,0.865430653095
1595,0.717415452003
1596,0.471411496401
1597,0.344311356544
1598,0.595501899719
1599,0.660715639591
1600,0.332390636206
1601,0.413834035397
1602,0.240281969309
1603,0.468009620905
1604,0.42276057601
1605,0.350467592478
1606,0.684053361416
1607,0.247542634606
1608,0.294706434011
1609,0.172491699457
1610,0.228502497077
1611,0.108016774058
1612,0.756543695927
1613,0.577625572681
1614,0.11986669898
1615,0.78893840313
1616,0.312298715115
1617,0.216194614768
1618,0.718679487705
1619,0.713291585445
1620,0.763625919819
1621,0.895680844784
1622,0.471422553062
1623,0.568652868271
1624,0.580278158188
1625,0.636899709702
1626,0.911152243614
1627,0.0889998599887
1628,0.820781230927
1629,0.784614026546
1630,0.757600724697
1631,0.254098773003
1632,0.707140445709
1633,0.753532707691
1634,0.70060056448
1635,0.490318447351
1636,0.795496404171
1637,0.762418568134
1638,0.0928484871984
1639,0.604119598866
1640,0.814126074314
1641,0.302950024605
1642,0.679751455784
1643,0.40842872858
1644,0.864014089108
1645,0.278314113617
1646,0.846544444561
1647,0.369657427073
1648,0.288313090801
1649,0.730584383011
1650,0.756253242493
1651,0.944410145283
1652,0.685633420944
1653,0.909187674522
1654,0.371163278818
1655,0.890457630157
1656,0.564434766769
1657,0.666415929794
1658,0.172267124057
1659,0.663843691349
1660,0.538964033127
1661,0.149521842599
1662,0.43640306592
1663,0.368345677853
1664,0.440616488457
1665,0.805635750294
1666,0.518738687038
1667,0.549481809139
1668,0.687640428543
1669,0.791612625122
1670,0.298554480076
1671,0.583699166775
1672,0.18921983242
1673,0.504143357277
1674,0.795787930489
1675,0.331224352121
1676,0.332171201706
1677,0.908243298531
1678,0.630114734173
1679,0.722515165806
1680,0.826412081718
1681,0.898774564266
1682,0.877499639988
1683,0.763688564301
1684,0.934322595596
1685,0.286715149879
1686,0.912977218628
1687,0.182471081614
1688,0.374854296446
1689,0.277873247862
1690,0.812895715237
1691,0.434201151133
1692,0.811044871807
1693,0.789779782295
1694,0.899276256561
1695,0.565551578999
1696,0.0787171125412
1697,0.221963241696
1698,0.604793667793
1699,0.19166521728
1700,0.237062007189
1701,0.832825005054
1702,0.577035784721
1703,0.751224040985
1704,0.468535661697
1705,0.376569151878
1706,0.897590100765
1707,0.232861176133
1708,0.961115539074
1709,0.394787609577
1710,0.281061977148
1711,0.842919766903
1712,0.563734710217
1713,0.867839157581
1714,0.328836381435
1715,0.285502254963
1716,0.728415250778
1717,0.768048167229
1718,0.354328900576
1719,0.493647664785
1720,0.346297651529
1721,0.17188975215
1722,0.823683261871
1723,0.330199807882
1724,0.118494011462
1725,0.565783083439
1726,0.768369913101
1727,0.911173164845
1728,0.731288790703
1729,0.12509213388
1730,0.464955955744
1731,0.48190382123
1732,0.741166353226
1733,0.351051956415
1734,0.551874041557
1735,0.798853874207
1736,0.914683103561
1737,0.882378935814
1738,0.850304543972
1739,0.813644945621
1740,0.298983752728
1741,0.875026345253
1742,0.673539757729
1743,0.517584621906
1744,0.20138630271
1745,0.481513798237
1746,0.183307692409
1747,0.701749563217
1748,0.590834856033
1749,0.168108031154
1750,0.573714435101
1751,0.353749930859
1752,0.682574033737
1753,0.536418795586
1754,0.543425679207
1755,0.848036050797
1756,0.203228339553
1757,0.332485705614
1758,0.598544239998
1759,0.725704610348
1760,0.185602009296
1761,0.756123006344
1762,0.656195282936
1763,0.869439125061
1764,0.721975505352
1765,0.248848721385
1766,0.418066591024
1767,0.767218112946
1768,0.272438526154
1769,0.482781678438
1770,0.231313094497
1771,0.374917566776
1772,0.263510674238
1773,0.522891640663
1774,0.68042165041
1775,0.731994569302
1776,0.898473620415
1777,0.476869642735
1778,0.649020671844
1779,0.528043806553
1780,0.462818264961
1781,0.332150906324
1782,0.73088234663
1783,0.364530742168
1784,0.883040368557
1785,0.739873588085
1786,0.335862874985
1787,0.903190732002
1788,0.949111461639
1789,0.755326271057
1790,0.505055248737
1791,0.204483732581
1792,0.240626633167
1793,0.683229267597
1794,0.36289152503
1795,0.703457117081
1796,0.40873375535
1797,0.826298475266
1798,0.0943866744637
1799,0.555149316788
1800,0.588820576668
1801,0.478535234928
1802,0.640594899654
1803,0.119371242821
1804,0.748390853405
1805,0.465853959322
1806,0.617813289165
1807,0.90684235096
1808,0.181679725647
1809,0.82591342926
1810,0.403962522745
1811,0.184425845742
1812,0.567923724651
1813,0.844209730625
1814,0.186839103699
1815,0.802290022373
1816,0.77608525753
1817,0.508319973946
1818,0.791386246681
1819,0.290369063616
1820,0.714087307453
1821,0.908106088638
1822,0.689879119396
1823,0.483619362116
1824,0.901685774326
1825,0.482046604156
1826,0.136512100697
1827,0.110432878137
1828,0.558847248554
1829,0.25013846159
1830,0.455826103687
1831,0.776856064796
1832,0.168422624469
1833,0.804769694805
1834,0.126938134432
1835,0.952210426331
1836,0.756822645664
1837,0.383001774549
1838,0.440465539694
1839,0.859152078629
1840,0.635301053524
1841,0.192372277379
1842,0.629389882088
1843,0.152037188411
1844,0.608744382858
1845,0.904395341873
1846,0.361758172512
1847,0.878225505352
1848,0.875887334347
1849,0.231866836548
1850,0.926780045033
1851,0.456263750792
1852,0.693584322929
1853,0.350851207972
1854,0.14694750309
1855,0.576804161072
1856,0.543849229813
1857,0.203286856413
1858,0.272799134254
1859,0.124176979065
1860,0.10911282897
1861,0.414835095406
1862,0.306476920843
1863,0.123461522162
1864,0.344361394644
1865,0.607694029808
1866,0.454635947943
1867,0.592331826687
1868,0.594695091248
1869,0.406698465347
1870,0.0847589299083
1871,0.565721154213
1872,0.116206489503
1873,0.255760669708
1874,0.653291702271
1875,0.621972680092
1876,0.254156500101
1877,0.936410963535
1878,0.545232713223
1879,0.613893687725
1880,0.432015448809
1881,0.283071160316
1882,0.818108737469
1883,0.0715295299888
1884,0.728020250797
1885,0.764590978622
1886,0.129916965961
1887,0.288719683886
1888,0.316704005003
1889,0.611227333546
1890,0.474565148354
1891,0.710169255733
1892,0.248978748918
1893,0.225188612938
1894,0.73433381319
1895,0.520202159882
1896,0.80371183157
1897,0.828804910183
1898,0.62524741888
1899,0.306401222944
1900,0.427275925875
1901,0.777720451355
1902,0.440498828888
1903,0.809410095215
1904,0.838484346867
1905,0.191435351968
1906,0.160498589277
1907,0.825853765011
1908,0.890852153301
1909,0.642210662365
1910,0.219445824623
1911,0.864351391792
1912,0.505651891232
1913,0.62483972311
1914,0.433321207762
1915,0.200911313295
1916,0.402060121298
1917,0.48854097724
1918,0.489792764187
1919,0.469484269619
1920,0.373699426651
1921,0.268463790417
1922,0.603963792324
1923,0.41971552372
1924,0.244250506163
1925,0.833845078945
1926,0.267999559641
1927,0.195643573999
1928,0.218482494354
1929,0.481049537659
1930,0.856180727482
1931,0.103613048792
1932,0.616545677185
1933,0.144589111209
1934,0.179100468755
1935,0.101316183805
1936,0.956586360931
1937,0.239432394505
1938,0.390049338341
1939,0.602974057198
1940,0.227831467986
1941,0.248023554683
1942,0.803324401379
1943,0.298824608326
1944,0.898785531521
1945,0.608290493488
1946,0.319604605436
1947,0.188839673996
1948,0.190628066659
1949,0.587297141552
1950,0.943595767021
1951,0.598406374454
1952,0.530363619328
1953,0.484095364809
1954,0.294539034367
1955,0.490873962641
1956,0.906602323055
1957,0.915264129639
1958,0.838373601437
1959,0.66608530283
1960,0.172821104527
1961,0.270566344261
1962,0.698178648949
1963,0.806271493435
1964,0.406226664782
1965,0.878746032715
1966,0.49201387167
1967,0.470808923244
1968,0.752418875694
1969,0.440935432911
1970,0.233435675502
1971,0.911818385124
1972,0.824186146259
1973,0.778475522995
1974,0.952077031136
1975,0.502715229988
1976,0.712358534336
1977,0.569578051567
1978,0.742106795311
1979,0.619811356068
1980,0.35204705596
1981,0.945847511292
1982,0.539740502834
1983,0.905749499798
1984,0.641039013863
1985,0.45374366641
1986,0.536589324474
1987,0.848765730858
1988,0.688712716103
1989,0.895288288593
1990,0.870777249336
1991,0.477690011263
1992,0.695028424263
1993,0.776123523712
1994,0.837938129902
1995,0.687542676926
1996,0.556961834431
1997,0.673645675182
1998,0.634013473988
1999,0.680784404278
2000,0.891142249107
2001,0.109169989824
2002,0.647216379642
2003,0.605899393559
2004,0.408811211586
2005,0.38171929121
2006,0.382199168205
2007,0.650475561619
2008,0.731098353863
2009,0.581168055534
2010,0.135390385985
2011,0.687503159046
2012,0.630384206772
2013,0.908758103848
2014,0.698198795319
2015,0.7863073349
2016,0.685979008675
2017,0.803538858891
2018,0.580658257008
2019,0.250611811876
2020,0.729021072388
2021,0.545816779137
2022,0.745293200016
2023,0.239792630076
2024,0.429948747158
2025,0.511810839176
2026,0.910018622875
2027,0.680266141891
2028,0.882117927074
2029,0.524494707584
2030,0.698232233524
2031,0.841037213802
2032,0.633914351463
2033,0.576506733894
2034,0.158215656877
2035,0.895358920097
2036,0.50474101305
2037,0.0989780724049
2038,0.367504626513
2039,0.553154885769
2040,0.151510700583
2041,0.837916612625
2042,0.600072920322
2043,0.403938829899
2044,0.430990874767
2045,0.833855688572
2046,0.615729093552
2047,0.466606289148
2048,0.8940346241
2049,0.577365279198
2050,0.871741473675
2051,0.75398850441
2052,0.895152628422
2053,0.721520185471
2054,0.718236267567
2055,0.0587217248976
2056,0.848890125751
2057,0.55478733778
2058,0.834187448025
2059,0.358997970819
2060,0.171719923615
2061,0.419170230627
2062,0.230375915766
2063,0.18596316874
2064,0.359413087368
2065,0.0982128605247
2066,0.150193169713
2067,0.762102782726
2068,0.113597691059
2069,0.515287935734
2070,0.881403028965
2071,0.441468238831
2072,0.152711048722
2073,0.344551831484
2074,0.76056009531
2075,0.889169096947
2076,0.594758629799
2077,0.885047376156
2078,0.483691304922
2079,0.824203550816
2080,0.230200365186
2081,0.570702433586
2082,0.670165717602
2083,0.83164280653
2084,0.378570944071
2085,0.610004007816
2086,0.549507915974
2087,0.890492796898
2088,0.543241858482
2089,0.62872505188
2090,0.714391767979
2091,0.30230525136
2092,0.874176681042
2093,0.558604538441
2094,0.746143043041
2095,0.611349761486
2096,0.304684013128
2097,0.471052050591
2098,0.185087531805
2099,0.809635341167
2100,0.14729847014
2101,0.865335047245
2102,0.821434080601
2103,0.381350785494
2104,0.935231745243
2105,0.380792766809
2106,0.461930334568
2107,0.683672785759
2108,0.567494869232
2109,0.294912695885
2110,0.347213059664
2111,0.342648684978
2112,0.633217930794
2113,0.0647631809115
2114,0.429330676794
2115,0.435538202524
2116,0.897409319878
2117,0.205943018198
2118,0.699739098549
2119,0.167669951916
2120,0.18890966475
2121,0.880007207394
2122,0.486805438995
2123,0.79249471426
2124,0.256618738174
2125,0.469054222107
2126,0.609369337559
2127,0.18082717061
2128,0.931623399258
2129,0.0653812885284
2130,0.755089402199
2131,0.866185128689
2132,0.364947289228
2133,0.804062724113
2134,0.156638115644
2135,0.64743077755
2136,0.655841588974
2137,0.230154633522
2138,0.823960363865
2139,0.311584323645
2140,0.958900809288
2141,0.403997302055
2142,0.490341752768
2143,0.363809078932
2144,0.599424660206
2145,0.725312888622
2146,0.317826986313
2147,0.328528553247
2148,0.933138787746
2149,0.859335482121
2150,0.820759296417
2151,0.676064074039
2152,0.646880328655
2153,0.12895077467
2154,0.757910847664
2155,0.556772530079
2156,0.1006321311
2157,0.247382566333
2158,0.470551908016
2159,0.187524572015
2160,0.497069478035
2161,0.914549589157
2162,0.753232181072
2163,0.77164119482
2164,0.801373660564
2165,0.206242576241
2166,0.485462516546
2167,0.66630846262
2168,0.651117503643
2169,0.394685894251
2170,0.532143056393
2171,0.902158975601
2172,0.400507777929
2173,0.651461482048
2174,0.236933082342
2175,0.54898506403
2176,0.341765254736
2177,0.874698579311
2178,0.59479367733
2179,0.618230879307
2180,0.688696682453
2181,0.71927177906
2182,0.819816768169
2183,0.213483959436
2184,0.534760296345
2185,0.748444437981
2186,0.736729860306
2187,0.819918811321
2188,0.229991778731
2189,0.832747936249
2190,0.733624994755
2191,0.233366519213
2192,0.358247250319
2193,0.52061933279
2194,0.357406169176
2195,0.14093144238
2196,0.277604728937
2197,0.360549420118
2198,0.496080845594
2199,0.713193118572
2200,0.605014979839
2201,0.774344563484
2202,0.171232879162
2203,0.724816679955
2204,0.0758706182241
2205,0.786058425903
2206,0.736276805401
2207,0.633781015873
2208,0.0949216857553
2209,0.833914458752
2210,0.715009391308
2211,0.732879281044
2212,0.538105249405
2213,0.347993314266
2214,0.444567680359
2215,0.237381517887
2216,0.882561147213
2217,0.732265233994
2218,0.549948036671
2219,0.765713572502
2220,0.350941896439
2221,0.822545349598
2222,0.700143814087
2223,0.751164615154
2224,0.234659552574
2225,0.532021760941
2226,0.68397808075
2227,0.249287962914
2228,0.761272013187
2229,0.785761833191
2230,0.791207194328
2231,0.297576516867
2232,0.645350039005
2233,0.440289407969
2234,0.931125283241
2235,0.200305521488
2236,0.467154026031
2237,0.333277136087
2238,0.281342148781
2239,0.508483946323
2240,0.595179617405
2241,0.856125414371
2242,0.856295645237
2243,0.52613312006
2244,0.703917443752
2245,0.734181702137
2246,0.677418231964
2247,0.677309691906
2248,0.766398310661
2249,0.22857670486
2250,0.198390588164
2251,0.619563639164
2252,0.645341873169
2253,0.896120548248
2254,0.616667151451
2255,0.119054488838
2256,0.288733929396
2257,0.538230955601
2258,0.614405632019
2259,0.81155693531
2260,0.762455403805
2261,0.781452298164
2262,0.226844891906
2263,0.0751600116491
2264,0.671804070473
2265,0.543416678905
2266,0.549499511719
2267,0.663412034512
2268,0.227656841278
2269,0.57708799839
2270,0.597646772861
2271,0.392214775085
2272,0.801289439201
2273,0.695067346096
2274,0.936067342758
2275,0.303067803383
2276,0.442047953606
2277,0.792161464691
2278,0.315726906061
2279,0.104504227638
2280,0.902257859707
2281,0.591321647167
2282,0.477874338627
2283,0.825526893139
2284,0.122332021594
2285,0.253272205591
2286,0.392826676369
2287,0.783867776394
2288,0.881403028965
2289,0.766019821167
2290,0.944040834904
2291,0.430136412382
2292,0.803191483021
2293,0.0912108495831
2294,0.318283468485
2295,0.918175935745
2296,0.492405205965
2297,0.896132946014
2298,0.670692384243
2299,0.861289262772
2300,0.193681448698
2301,0.375420719385
2302,0.693079948425
2303,0.635334730148
2304,0.714916467667
2305,0.934446036816
2306,0.613555967808
2307,0.855199456215
2308,0.930150091648
2309,0.26669344306
2310,0.580039680004
2311,0.679780304432
2312,0.48396846652
2313,0.655625522137
2314,0.436244219542
2315,0.238621473312
2316,0.369408398867
2317,0.732116580009
2318,0.88695204258
2319,0.95004093647
2320,0.510100245476
2321,0.636298775673
2322,0.72567653656
2323,0.73941630125
2324,0.650522768497
2325,0.681943118572
2326,0.179105326533
2327,0.456534922123
2328,0.62361061573
2329,0.601953923702
2330,0.804794728756
2331,0.594021081924
2332,0.236419707537
2333,0.680150926113
2334,0.516561388969
2335,0.503024816513
2336,0.838153243065
2337,0.482110768557
2338,0.576293826103
2339,0.90621650219
2340,0.578548371792
2341,0.285049676895
2342,0.87429112196
2343,0.737073302269
2344,0.70728623867
2345,0.855480730534
2346,0.654850900173
2347,0.127618089318
2348,0.300141304731
2349,0.315570056438
2350,0.545116722584
2351,0.622815966606
2352,0.370626270771
2353,0.0809670239687
2354,0.910565376282
2355,0.263670325279
2356,0.110389113426
2357,0.904941558838
2358,0.675897538662
2359,0.373763054609
2360,0.72882348299
2361,0.474489599466
2362,0.457355409861
2363,0.521397411823
2364,0.227832660079
2365,0.375330418348
2366,0.642898261547
2367,0.628362953663
2368,0.178308337927
2369,0.309699118137
2370,0.14724740386
2371,0.782853364944
2372,0.817453980446
2373,0.619426190853
2374,0.463274419308
2375,0.692834913731
2376,0.688268840313
2377,0.77853423357
2378,0.381171107292
2379,0.748742043972
2380,0.805834174156
2381,0.892336368561
2382,0.158934935927
2383,0.72091293335
2384,0.425712585449
2385,0.148613259196
2386,0.875131487846
2387,0.262619137764
2388,0.823951423168
2389,0.851285994053
2390,0.653823792934
2391,0.727113127708
2392,0.218567565084
2393,0.788838922977
2394,0.820997059345
2395,0.164697229862
2396,0.426609992981
2397,0.514459908009
2398,0.804913520813
2399,0.596369862556
2400,0.811043560505
2401,0.921588659286
2402,0.736247420311
2403,0.117010369897
2404,0.379886358976
2405,0.83632516861
2406,0.250828444958
2407,0.267867177725
2408,0.960524499416
2409,0.3488098979
2410,0.39776417613
2411,0.43540263176
2412,0.887784123421
2413,0.790679335594
2414,0.131409227848
2415,0.452428251505
2416,0.861828148365
2417,0.53173494339
2418,0.837605714798
2419,0.549432277679
2420,0.748297631741
2421,0.333469629288
2422,0.666323304176
2423,0.321794271469
2424,0.56187671423
2425,0.850546121597
2426,0.551036655903
2427,0.154667809606
2428,0.608528852463
2429,0.683057546616
2430,0.524763286114
2431,0.27584323287
2432,0.170090913773
2433,0.416629076004
2434,0.688434898853
2435,0.549970805645
2436,0.899200558662
2437,0.329587727785
2438,0.775896787643
2439,0.474715054035
2440,0.402858197689
2441,0.0855561420321
2442,0.929386675358
2443,0.222433179617
2444,0.195292189717
2445,0.868783950806
2446,0.463391929865
2447,0.415722161531
2448,0.39793497324
2449,0.657293498516
2450,0.95307123661
2451,0.620413303375
2452,0.226649641991
2453,0.216156229377
2454,0.889160633087
2455,0.329021632671
2456,0.28998118639
2457,0.646827459335
2458,0.0571701414883
2459,0.925721108913
2460,0.87006354332
2461,0.790878593922
2462,0.225803136826
2463,0.771474659443
2464,0.313708603382
2465,0.685419797897
2466,0.777208983898
2467,0.117611326277
2468,0.761789619923
2469,0.422532975674
2470,0.128742083907
2471,0.876813948154
2472,0.775480926037
2473,0.772313177586
2474,0.238381698728
2475,0.465556055307
2476,0.186426624656
2477,0.545695543289
2478,0.827371776104
2479,0.659821093082
2480,0.21647015214
2481,0.444460839033
2482,0.765904843807
2483,0.520902395248
2484,0.641321837902
2485,0.336337119341
2486,0.585034966469
2487,0.407472103834
2488,0.912857174873
2489,0.886868238449
2490,0.1212727651
2491,0.728455901146
2492,0.749764084816
2493,0.39482536912
2494,0.531777143478
2495,0.249490171671
2496,0.939074635506
2497,0.806740880013
2498,0.732436001301
2499,0.560871005058
2500,0.687387228012
2501,0.295074403286
2502,0.161345347762
2503,0.785112738609
2504,0.819179356098
2505,0.201619595289
2506,0.861429214478
2507,0.422005146742
2508,0.622761189938
2509,0.136672124267
2510,0.664894223213
2511,0.857438564301
2512,0.419501811266
2513,0.748352229595
2514,0.688965022564
2515,0.686583518982
2516,0.902542114258
2517,0.399861812592
2518,0.908353865147
2519,0.538534164429
2520,0.742851436138
2521,0.154433384538
2522,0.129295349121
2523,0.70994836092
2524,0.580393970013
2525,0.285820871592
2526,0.370608955622
2527,0.821720719337
2528,0.813051521778
2529,0.942625999451
2530,0.30779004097
2531,0.585146427155
2532,0.213852673769
2533,0.430459469557
2534,0.891104102135
2535,0.776217222214
2536,0.856759011745
2537,0.319996118546
2538,0.0787825807929
2539,0.75314027071
2540,0.285877108574
2541,0.175809770823
2542,0.864383518696
2543,0.690444290638
2544,0.714279055595
2545,0.789013445377
2546,0.632340788841
2547,0.203561618924
2548,0.332115411758
2549,0.715147614479
2550,0.752169907093
2551,0.878941953182
2552,0.452388882637
2553,0.463361203671
2554,0.734442174435
2555,0.577275335789
2556,0.701805591583
2557,0.254262000322
2558,0.135891333222
2559,0.266241788864
2560,0.859290063381
2561,0.787978053093
2562,0.65786254406
2563,0.479727715254
2564,0.859723985195
2565,0.123084969819
2566,0.133901432157
2567,0.398574352264
2568,0.362902462482
2569,0.911355853081
2570,0.377202242613
2571,0.928569018841
2572,0.753081142902
2573,0.73091673851
2574,0.367468267679
2575,0.687487244606
2576,0.177409306169
2577,0.82539254427
2578,0.361021697521
2579,0.125069737434
2580,0.188475012779
2581,0.372176289558
2582,0.500845432281
2583,0.440244168043
2584,0.398319274187
2585,0.469332993031
2586,0.644362747669
2587,0.278614342213
2588,0.282407283783
2589,0.833039581776
2590,0.896916508675
2591,0.105538234115
2592,0.511678397655
2593,0.933553278446
2594,0.54497396946
2595,0.41645476222
2596,0.100945785642
2597,0.0707472860813
2598,0.113942459226
2599,0.474123805761
2600,0.131492897868
2601,0.398459792137
2602,0.686212778091
2603,0.770274400711
2604,0.844415962696
2605,0.240811526775
2606,0.235169902444
2607,0.59295964241
2608,0.481587737799
2609,0.146210059524
2610,0.185664743185
2611,0.338928222656
2612,0.913768410683
2613,0.132768720388
2614,0.694238424301
2615,0.335157990456
2616,0.343204408884
2617,0.724005699158
2618,0.641269981861
2619,0.879999279976
2620,0.48733112216
2621,0.940938949585
2622,0.494249969721
2623,0.534199118614
2624,0.741547107697
2625,0.597275435925
2626,0.111183002591
2627,0.549966037273
2628,0.631986021996
2629,0.258370757103
2630,0.465976923704
2631,0.266868114471
2632,0.363791048527
2633,0.194235429168
2634,0.269383072853
2635,0.735902070999
2636,0.283193945885
2637,0.439571946859
2638,0.862056612968
2639,0.499794214964
2640,0.263532668352
2641,0.170330062509
2642,0.626714468002
2643,0.119636155665
2644,0.479016959667
2645,0.567790329456
2646,0.539724230766
2647,0.0951766967773
2648,0.237384825945
2649,0.157124385238
2650,0.394591808319
2651,0.859529018402
2652,0.848394691944
2653,0.128625020385
2654,0.933108925819
2655,0.349520385265
2656,0.96056252718
2657,0.141304254532
2658,0.709482967854
2659,0.944749772549
2660,0.626098811626
2661,0.529694497585
2662,0.324443042278
2663,0.873910546303
2664,0.793614983559
2665,0.703361928463
2666,0.367917954922
2667,0.482418656349
2668,0.820381224155
2669,0.936283648014
2670,0.623762965202
2671,0.205294638872
2672,0.365987509489
2673,0.884008049965
2674,0.801133811474
2675,0.90461742878
2676,0.235002711415
2677,0.573820769787
2678,0.157604306936
2679,0.834818184376
2680,0.400694400072
2681,0.149487137794
2682,0.174148768187
2683,0.234307765961
2684,0.675532758236
2685,0.785323143005
2686,0.153054326773
2687,0.339663088322
2688,0.594145357609
2689,0.62636744976
2690,0.363038480282
2691,0.785475611687
2692,0.262852311134
2693,0.744309663773
2694,0.443956971169
2695,0.514099955559
2696,0.534239113331
2697,0.246063038707
2698,0.126228138804
2699,0.606814920902
2700,0.35990229249
2701,0.52799654007
2702,0.909429013729
2703,0.820167481899
2704,0.155259981751
2705,0.801710546017
2706,0.626187205315
2707,0.541493177414
2708,0.808615803719
2709,0.207154363394
2710,0.585939109325
2711,0.336230754852
2712,0.925804615021
2713,0.447314172983
2714,0.165732562542
2715,0.834993362427
2716,0.654017150402
2717,0.865961313248
2718,0.431984931231
2719,0.513077735901
2720,0.647683858871
2721,0.750109612942
2722,0.339203059673
2723,0.51467525959
2724,0.61201608181
2725,0.339186906815
2726,0.301507383585
2727,0.884315609932
2728,0.356114774942
2729,0.92813116312
2730,0.883603036404
2731,0.830957710743
2732,0.828288912773
2733,0.783062279224
2734,0.288495391607
2735,0.674160420895
2736,0.247998952866
2737,0.317570000887
2738,0.20679011941
2739,0.471819490194
2740,0.785119652748
2741,0.119972117245
2742,0.86314702034
2743,0.587915718555
2744,0.809612989426
2745,0.217439934611
2746,0.682917118073
2747,0.498942703009
2748,0.683779716492
2749,0.473728716373
2750,0.509117305279
2751,0.692844569683
2752,0.546063601971
2753,0.651866912842
2754,0.816325008869
2755,0.157736882567
2756,0.889472126961
2757,0.385078251362
2758,0.852987885475
2759,0.685327351093
2760,0.523169994354
2761,0.712480485439
2762,0.312287598848
2763,0.388898074627
2764,0.375855058432
2765,0.175117954612
2766,0.751897394657
2767,0.860921025276
2768,0.360850244761
2769,0.873749613762
2770,0.262805640697
2771,0.637217640877
2772,0.70276248455
2773,0.268900811672
2774,0.33166590333
2775,0.150897115469
2776,0.835060119629
2777,0.132122859359
2778,0.245514184237
2779,0.369228482246
2780,0.421658456326
2781,0.755316257477
2782,0.637060761452
2783,0.182799652219
2784,0.103564336896
2785,0.593108773232
2786,0.333400160074
2787,0.404967695475
2788,0.889955639839
2789,0.461311221123
2790,0.805523395538
2791,0.281778544188
2792,0.813566684723
2793,0.693604111671
2794,0.232790157199
2795,0.253485828638
2796,0.785186886787
2797,0.32540294528
2798,0.0973085016012
2799,0.816217064857
2800,0.856383860111
2801,0.832243621349
2802,0.707062125206
2803,0.306125253439
2804,0.251598328352
2805,0.228191077709
2806,0.260341674089
2807,0.801017403603
2808,0.846184194088
2809,0.200853720307
2810,0.206238284707
2811,0.416871964931
2812,0.745260000229
2813,0.248953983188
2814,0.217258214951
2815,0.444550901651
2816,0.271272063255
2817,0.695739865303
2818,0.641972839832
2819,0.873039603233
2820,0.612823724747
2821,0.394147396088
2822,0.946977853775
2823,0.474984318018
2824,0.450527369976
2825,0.144975543022
2826,0.888741970062
2827,0.799154341221
2828,0.810110330582
2829,0.248689755797
2830,0.744813919067
2831,0.652811408043
2832,0.439643710852
2833,0.864651381969
2834,0.642860949039
2835,0.905816018581
2836,0.51502341032
2837,0.337497860193
2838,0.234789863229
2839,0.826708495617
2840,0.302651494741
2841,0.696645140648
2842,0.19967110455
2843,0.639477670193
2844,0.37723377347
2845,0.783528387547
2846,0.84942227602
2847,0.944296061993
2848,0.908091008663
2849,0.326972454786
2850,0.73882651329
2851,0.386706888676
2852,0.661197185516
2853,0.274096727371
2854,0.695589601994
2855,0.349272251129
2856,0.270089924335
2857,0.0825726017356
2858,0.654506146908
2859,0.248501837254
2860,0.561045706272
2861,0.477757632732
2862,0.309437513351
2863,0.233479961753
2864,0.108084060252
2865,0.113546326756
2866,0.489432573318
2867,0.746525228024
2868,0.895216464996
2869,0.860364556313
2870,0.742584824562
2871,0.458328068256
2872,0.251059353352
2873,0.833850800991
2874,0.30187612772
2875,0.47479018569
2876,0.748454272747
2877,0.0949897393584
2878,0.483504414558
2879,0.930958449841
2880,0.428954958916
2881,0.0789402201772
2882,0.141679406166
2883,0.539098918438
2884,0.205488666892
2885,0.429787933826
2886,0.686507165432
2887,0.653484046459
2888,0.843847513199
2889,0.56573420763
2890,0.155368596315
2891,0.717688500881
2892,0.337514132261
2893,0.928567767143
2894,0.216342955828
2895,0.821926891804
2896,0.932923138142
2897,0.701534688473
2898,0.581105589867
2899,0.349345803261
2900,0.110498212278
2901,0.633965730667
2902,0.878352046013
2903,0.94598454237
2904,0.473208993673
2905,0.397281318903
2906,0.956589400768
2907,0.603101611137
2908,0.833064258099
2909,0.116880126297
2910,0.411467432976
2911,0.252160847187
2912,0.232004269958
2913,0.631652593613
2914,0.485993802547
2915,0.231362745166
2916,0.177701637149
2917,0.560108721256
2918,0.217892125249
2919,0.129637613893
2920,0.506150603294
2921,0.321152538061
2922,0.476469695568
2923,0.413077354431
2924,0.161078363657
2925,0.441257566214
2926,0.21538618207
2927,0.88106662035
2928,0.189497739077
2929,0.177244350314
2930,0.910080611706
2931,0.196691021323
2932,0.734166324139
2933,0.500895440578
2934,0.574851095676
2935,0.765862047672
2936,0.787520110607
2937,0.731843531132
2938,0.921708166599
2939,0.371789097786
2940,0.805918991566
2941,0.575839698315
2942,0.403473079205
2943,0.249480739236
2944,0.365435153246
2945,0.443614453077
2946,0.878585875034
2947,0.0475695244968
2948,0.914643704891
2949,0.441279947758
2950,0.570482611656
2951,0.307205229998
2952,0.664233863354
2953,0.550176799297
2954,0.179017752409
2955,0.626914143562
2956,0.79045009613
2957,0.321551561356
2958,0.50114440918
2959,0.737009227276
2960,0.349977165461
2961,0.901306271553
2962,0.670549929142
2963,0.684849917889
2964,0.232570812106
2965,0.589635968208
2966,0.245206519961
2967,0.709972858429
2968,0.884231865406
2969,0.466455250978
2970,0.913615882397
2971,0.490179985762
2972,0.810704231262
2973,0.728161931038
2974,0.150594189763
2975,0.798560261726
2976,0.388221681118
2977,0.662349820137
2978,0.463215559721
2979,0.689822673798
2980,0.211043700576
2981,0.40840524435
2982,0.418050736189
2983,0.777586221695
2984,0.179891481996
2985,0.170679345727
2986,0.891560792923
2987,0.47207698226
2988,0.250388950109
2989,0.257569313049
2990,0.243069007993
2991,0.912549555302
2992,0.31789419055
2993,0.543315351009
2994,0.783972501755
2995,0.288796126842
2996,0.490967392921
2997,0.553375124931
2998,0.614810347557
2999,0.941642403603
3000,0.505804896355
3001,0.188614264131
3002,0.620233476162
3003,0.82993221283
3004,0.254896789789
3005,0.898966729641
3006,0.413777768612
3007,0.337372720242
3008,0.233388289809
3009,0.58816832304
3010,0.51576936245
3011,0.838713109493
3012,0.686332046986
3013,0.804510593414
3014,0.458944857121
3015,0.685716927052
3016,0.223769128323
3017,0.408551096916
3018,0.52681607008
3019,0.0886847004294
3020,0.258768409491
3021,0.355016499758
3022,0.901142835617
3023,0.799109339714
3024,0.734155356884
3025,0.838349759579
3026,0.682816386223
3027,0.814545154572
3028,0.468794345856
3029,0.100519955158
3030,0.803796172142
3031,0.863171041012
3032,0.818072974682
3033,0.68231087923
3034,0.798027992249
3035,0.140576064587
3036,0.159127891064
3037,0.310104638338
3038,0.222443833947
3039,0.907405972481
3040,0.540955126286
3041,0.732668280602
3042,0.54921412468
3043,0.650543630123
3044,0.755127668381
3045,0.708884418011
3046,0.426444351673
3047,0.199461460114
3048,0.481200248003
3049,0.42198356986
3050,0.708142340183
3051,0.886673808098
3052,0.894520819187
3053,0.865357995033
3054,0.641555011272
3055,0.230446368456
3056,0.899325013161
3057,0.497653096914
3058,0.143976643682
3059,0.360113620758
3060,0.69098174572
3061,0.269423007965
3062,0.204698905349
3063,0.373293548822
3064,0.176065787673
3065,0.695832252502
3066,0.57849830389
3067,0.657382249832
3068,0.717791974545
3069,0.258767127991
3070,0.438587009907
3071,0.832292735577
3072,0.823113501072
3073,0.413378208876
3074,0.254594355822
3075,0.594066619873
3076,0.277669489384
3077,0.16523219645
3078,0.73111641407
3079,0.944995641708
3080,0.320890188217
3081,0.846113145351
3082,0.935066103935
3083,0.247792884707
3084,0.699500441551
3085,0.918924868107
3086,0.248017191887
3087,0.0931347608566
3088,0.48791667819
3089,0.870394647121
3090,0.488608807325
3091,0.48110884428
3092,0.519440710545
3093,0.752223134041
3094,0.966004788876
3095,0.863704919815
3096,0.920725166798
3097,0.515577793121
3098,0.714188933372
3099,0.170699417591
3100,0.507423877716
3101,0.786317050457
3102,0.813287198544
3103,0.791218221188
3104,0.714801073074
3105,0.576748728752
3106,0.43940025568
3107,0.164347782731
3108,0.592673718929
3109,0.10670375824
3110,0.817088186741
3111,0.613322496414
3112,0.681928992271
3113,0.126404225826
3114,0.254050135612
3115,0.473672658205
3116,0.302727967501
3117,0.659876346588
3118,0.681345701218
3119,0.551214456558
3120,0.671788573265
3121,0.397361189127
3122,0.629598975182
3123,0.787214934826
3124,0.853417694569
3125,0.305434435606
3126,0.378088980913
3127,0.668764650822
3128,0.425318241119
3129,0.530716240406
3130,0.927440226078
3131,0.426103621721
3132,0.759835600853
3133,0.256077736616
3134,0.6370190382
3135,0.206302911043
3136,0.318742126226
3137,0.690552413464
3138,0.237252026796
3139,0.372404783964
3140,0.298246234655
3141,0.899160206318
3142,0.891423046589
3143,0.809067547321
3144,0.193420752883
3145,0.575668394566
3146,0.965545594692
3147,0.0772749036551
3148,0.458328664303
3149,0.731511056423
3150,0.763335168362
3151,0.739437758923
3152,0.406772822142
3153,0.790865302086
3154,0.373984545469
3155,0.44367069006
3156,0.918432414532
3157,0.927995502949
3158,0.489226490259
3159,0.37238457799
3160,0.119512431324
3161,0.785563230515
3162,0.273633599281
3163,0.555376827717
3164,0.431645900011
3165,0.477170616388
3166,0.14131359756
3167,0.836688995361
3168,0.911291003227
3169,0.937192857265
3170,0.641910672188
3171,0.889616847038
3172,0.915161848068
3173,0.455939888954
3174,0.309097230434
3175,0.448619842529
3176,0.818404197693
3177,0.200238630176
3178,0.128874272108
3179,0.643189430237
3180,0.459596008062
3181,0.583033561707
3182,0.82538741827
3183,0.496292501688
3184,0.208925545216
3185,0.786396026611
3186,0.951672434807
3187,0.288200289011
3188,0.56778883934
3189,0.795333385468
3190,0.803267359734
3191,0.235774368048
3192,0.615002393723
3193,0.673612594604
3194,0.913898646832
3195,0.173115864396
3196,0.430322915316
3197,0.877542793751
3198,0.180100515485
3199,0.211937904358
3200,0.829012572765
3201,0.175690293312
3202,0.725798368454
3203,0.832588911057
3204,0.298425912857
3205,0.140723988414
3206,0.624541223049
3207,0.49903690815
3208,0.91650646925
3209,0.401672244072
3210,0.316812098026
3211,0.863787889481
3212,0.740261912346
3213,0.259071618319
3214,0.63345605135
3215,0.220144450665
3216,0.547736883163
3217,0.35814344883
3218,0.641085088253
3219,0.51376324892
3220,0.75236594677
3221,0.851030468941
3222,0.69244325161
3223,0.777491688728
3224,0.851997077465
3225,0.846869707108
3226,0.582013368607
3227,0.393949866295
3228,0.517817914486
3229,0.872423708439
3230,0.597733080387
3231,0.783709168434
3232,0.492118686438
3233,0.953464448452
3234,0.88264131546
3235,0.424641251564
3236,0.24198640883
3237,0.330331772566
3238,0.764114379883
3239,0.571631610394
3240,0.445636510849
3241,0.853614747524
3242,0.215526655316
3243,0.313590377569
3244,0.817710638046
3245,0.0985933840275
3246,0.192047268152
3247,0.173311918974
3248,0.504136919975
3249,0.569382309914
3250,0.355516731739
3251,0.781779289246
3252,0.241719990969
3253,0.295622974634
3254,0.425322562456
3255,0.368884712458
3256,0.646706342697
3257,0.59735673666
3258,0.553504765034
3259,0.701320171356
3260,0.157026574016
3261,0.809150159359
3262,0.136134654284
3263,0.862559914589
3264,0.63110601902
3265,0.500511050224
3266,0.842393279076
3267,0.37920960784
3268,0.296307742596
3269,0.783853411674
3270,0.418001592159
3271,0.897526085377
3272,0.587586343288
3273,0.365664094687
3274,0.409886598587
3275,0.940820872784
3276,0.540087103844
3277,0.155634909868
3278,0.869558930397
3279,0.89567309618
3280,0.207890376449
3281,0.739691674709
3282,0.450960576534
3283,0.300765842199
3284,0.773498356342
3285,0.766663014889
3286,0.67149823904
3287,0.279964417219
3288,0.095590852201
3289,0.617964267731
3290,0.620137751102
3291,0.246889442205
3292,0.318159461021
3293,0.909521043301
3294,0.229166790843
3295,0.318110615015
3296,0.321841269732
3297,0.446885704994
3298,0.788958191872
3299,0.403779536486
3300,0.4810757339
3301,0.42147141695
3302,0.100245110691
3303,0.149392366409
3304,0.722960829735
3305,0.498644590378
3306,0.562496781349
3307,0.126173898578
3308,0.149055019021
3309,0.455836027861
3310,0.538892865181
3311,0.700126647949
3312,0.897910654545
3313,0.501045405865
3314,0.744635820389
3315,0.102415002882
3316,0.682145118713
3317,0.691403269768
3318,0.395297497511
3319,0.80149948597
3320,0.0855902060866
3321,0.855944335461
3322,0.871009111404
3323,0.316223591566
3324,0.748245179653
3325,0.666871726513
3326,0.892626106739
3327,0.394234985113
3328,0.199071347713
3329,0.700190126896
3330,0.312376379967
3331,0.707819342613
3332,0.429338932037
3333,0.765625655651
3334,0.341632932425
3335,0.347034573555
3336,0.765331149101
3337,0.113066256046
3338,0.572585761547
3339,0.89483332634
3340,0.691140651703
3341,0.85023522377
3342,0.266754120588
3343,0.947863161564
3344,0.35358440876
3345,0.410333305597
3346,0.764462053776
3347,0.783200740814
3348,0.310436844826
3349,0.183494642377
3350,0.228569731116
3351,0.735636174679
3352,0.740087389946
3353,0.674358725548
3354,0.607677698135
3355,0.653798520565
3356,0.270447999239
3357,0.217101916671
3358,0.820074021816
3359,0.669243991375
3360,0.833038508892
3361,0.907327353954
3362,0.525442481041
3363,0.810798585415
3364,0.523346364498
3365,0.641200661659
3366,0.777604401112
3367,0.506695270538
3368,0.841312289238
3369,0.898912191391
3370,0.878607332706
3371,0.827990591526
3372,0.863394141197
3373,0.596083402634
3374,0.43302962184
3375,0.794649660587
3376,0.616044163704
3377,0.627991735935
3378,0.0848925411701
3379,0.85414904356
3380,0.625407040119
3381,0.203419521451
3382,0.392070233822
3383,0.294925808907
3384,0.771191895008
3385,0.683065891266
3386,0.687395334244
3387,0.414765238762
3388,0.789932012558
3389,0.424944490194
3390,0.529770255089
3391,0.123246565461
3392,0.426530957222
3393,0.412599146366
3394,0.199717596173
3395,0.17289660871
3396,0.325882613659
3397,0.713453352451
3398,0.132784113288
3399,0.4060780406
3400,0.781973421574
3401,0.15843783319
3402,0.543012261391
3403,0.527755200863
3404,0.658281803131
3405,0.953413724899
3406,0.853969156742
3407,0.565150678158
3408,0.259026110172
3409,0.548346400261
3410,0.614162802696
3411,0.900545477867
3412,0.385675400496
3413,0.549427390099
3414,0.605706810951
3415,0.380858302116
3416,0.505609869957
3417,0.673400044441
3418,0.772581517696
3419,0.210544362664
3420,0.638441085815
3421,0.110272407532
3422,0.343984931707
3423,0.618431687355
3424,0.134115472436
3425,0.222761824727
3426,0.529671728611
3427,0.928828418255
3428,0.820351362228
3429,0.911287844181
3430,0.791499853134
3431,0.476492792368
3432,0.502825319767
3433,0.711956202984
3434,0.499043405056
3435,0.181350812316
3436,0.576100051403
3437,0.876483678818
3438,0.509710907936
3439,0.518131196499
3440,0.888327240944
3441,0.22115893662
3442,0.664557754993
3443,0.913629412651
3444,0.293935120106
3445,0.488322943449
3446,0.289661586285
3447,0.410898476839
3448,0.671730697155
3449,0.503645956516
3450,0.590934574604
3451,0.162484392524
3452,0.268306970596
3453,0.949863672256
3454,0.311831504107
3455,0.66417992115
3456,0.468088597059
3457,0.572780609131
3458,0.286088168621
3459,0.849722921848
3460,0.758551597595
3461,0.912045240402
3462,0.932221472263
3463,0.16178765893
3464,0.120208695531
3465,0.606958627701
3466,0.174982100725
3467,0.468009144068
3468,0.144616484642
3469,0.960088074207
3470,0.934484004974
3471,0.946668863297
3472,0.88631093502
3473,0.84252011776
3474,0.338946759701
3475,0.942315042019
3476,0.674082458019
3477,0.580471694469
3478,0.604834914207
3479,0.685977339745
3480,0.318813234568
3481,0.35970762372
3482,0.182075411081
3483,0.289094269276
3484,0.248084440827
3485,0.23464307189
3486,0.558377027512
3487,0.77070081234
3488,0.68563836813
3489,0.093483068049
3490,0.468228638172
3491,0.506710231304
3492,0.722860991955
3493,0.82012039423
3494,0.35823109746
3495,0.862418293953
3496,0.116421721876
3497,0.497332334518
3498,0.245802670717
3499,0.297234684229
3500,0.29750931263
3501,0.467092633247
3502,0.381751447916
3503,0.330074429512
3504,0.550701141357
3505,0.790050089359
3506,0.590658903122
3507,0.326778978109
3508,0.222800537944
3509,0.509158849716
3510,0.443969994783
3511,0.563970267773
3512,0.919355750084
3513,0.152892872691
3514,0.658370733261
3515,0.224195569754
3516,0.806375920773
3517,0.148748442531
3518,0.686439990997
3519,0.665758728981
3520,0.210080236197
3521,0.348149329424
3522,0.643371939659
3523,0.687845110893
3524,0.83098334074
3525,0.570981442928
3526,0.88562309742
3527,0.849555850029
3528,0.687649726868
3529,0.134559571743
3530,0.861389935017
3531,0.86220484972
3532,0.804307758808
3533,0.599300265312
3534,0.933013617992
3535,0.929938614368
3536,0.665311813354
3537,0.146741271019
3538,0.827960669994
3539,0.551246881485
3540,0.879696130753
3541,0.77283757925
3542,0.604192912579
3543,0.918492138386
3544,0.438050895929
3545,0.108717739582
3546,0.89754909277
3547,0.802673995495
3548,0.603463828564
3549,0.157646268606
3550,0.832438290119
3551,0.252760410309
3552,0.480421483517
3553,0.493462622166
3554,0.679873883724
3555,0.802438378334
3556,0.793864190578
3557,0.560231328011
3558,0.198982328176
3559,0.297051817179
3560,0.189445480704
3561,0.367278337479
3562,0.68501740694
3563,0.874643325806
3564,0.522796213627
3565,0.523499429226
3566,0.8854585886
3567,0.221425667405
3568,0.299647241831
3569,0.275577843189
3570,0.632373809814
3571,0.161919310689
3572,0.748062551022
3573,0.188087671995
3574,0.54878783226
3575,0.256956398487
3576,0.808469593525
3577,0.858324885368
3578,0.277347445488
3579,0.648118019104
3580,0.606724202633
3581,0.290247797966
3582,0.682057499886
3583,0.273751199245
3584,0.589375555515
3585,0.801994085312
3586,0.866939842701
3587,0.738798141479
3588,0.914292514324
3589,0.304099172354
3590,0.628600299358
3591,0.549726188183
3592,0.59776777029
3593,0.897647857666
3594,0.935636997223
3595,0.81680804491
3596,0.523788094521
3597,0.198264718056
3598,0.282971054316
3599,0.784670054913
3600,0.758989810944
3601,0.595570921898
3602,0.60014551878
3603,0.425462961197
3604,0.166588574648
3605,0.0998073890805
3606,0.158943191171
3607,0.526266217232
3608,0.683080554008
3609,0.809829831123
3610,0.451809793711
3611,0.219425335526
3612,0.610043823719
3613,0.550449609756
3614,0.162153318524
3615,0.876889109612
3616,0.15450759232
3617,0.41816881299
3618,0.471359342337
3619,0.824208259583
3620,0.634339928627
3621,0.901416480541
3622,0.165210336447
3623,0.746905446053
3624,0.308637976646
3625,0.610238015652
3626,0.25868716836
3627,0.625474095345
3628,0.784740805626
3629,0.752602517605
3630,0.282571136951
3631,0.915688037872
3632,0.620337486267
3633,0.855497479439
3634,0.666689932346
3635,0.754543662071
3636,0.788220107555
3637,0.698072195053
3638,0.237271219492
3639,0.370426684618
3640,0.798477530479
3641,0.640310108662
3642,0.928920805454
3643,0.225656226277
3644,0.216700449586
3645,0.632736325264
3646,0.924627780914
3647,0.374723285437
3648,0.420038461685
3649,0.332377165556
3650,0.828216910362
3651,0.243902415037
3652,0.589662909508
3653,0.464541196823
3654,0.317678034306
3655,0.922151267529
3656,0.447654485703
3657,0.935149312019
3658,0.664209127426
3659,0.123819023371
3660,0.274871557951
3661,0.205446153879
3662,0.173845767975
3663,0.158270806074
3664,0.723045051098
3665,0.333938151598
3666,0.600611269474
3667,0.494836628437
3668,0.617844820023
3669,0.509261965752
3670,0.815102219582
3671,0.533866763115
3672,0.639874517918
3673,0.48581469059
3674,0.317863106728
3675,0.704040884972
3676,0.317892253399
3677,0.674890697002
3678,0.638164937496
3679,0.846844911575
3680,0.297050744295
3681,0.227316230536
3682,0.406535416842
3683,0.196258813143
3684,0.483928918839
3685,0.177320092916
3686,0.151043593884
3687,0.448053359985
3688,0.581735372543
3689,0.693627774715
3690,0.282401770353
3691,0.56811016798
3692,0.430540770292
3693,0.727314770222
3694,0.845528960228
3695,0.205572322011
3696,0.627585172653
3697,0.879245698452
3698,0.236406430602
3699,0.859157443047
3700,0.452496379614
3701,0.853200793266
3702,0.928561925888
3703,0.481558352709
3704,0.561638951302
3705,0.572133779526
3706,0.113042168319
3707,0.847620248795
3708,0.856721758842
3709,0.366842150688
3710,0.639638602734
3711,0.213395893574
3712,0.662741184235
3713,0.375209510326
3714,0.84756821394
3715,0.682555913925
3716,0.76333117485
3717,0.307014644146
3718,0.165039598942
3719,0.661104381084
3720,0.713707447052
3721,0.276961296797
3722,0.856256842613
3723,0.860424399376
3724,0.411246180534
3725,0.430300831795
3726,0.906157016754
3727,0.375225841999
3728,0.17650654912
3729,0.875252306461
3730,0.330930411816
3731,0.140845760703
3732,0.916469633579
3733,0.844092130661
3734,0.328157186508
3735,0.809035003185
3736,0.831413149834
3737,0.2421400249
3738,0.435445845127
3739,0.807854235172
3740,0.579441249371
3741,0.701284468174
3742,0.518814563751
3743,0.353966027498
3744,0.691977143288
3745,0.217189520597
3746,0.88284945488
3747,0.709322988987
3748,0.730287492275
3749,0.429703623056
3750,0.861804962158
3751,0.37711417675
