MoleculeId,raw_lr-PredictedProbability
1,0.635205875907
2,0.85809136139
3,0.175339264851
4,0.339131782781
5,0.180385770633
6,0.124167677281
7,0.786434931994
8,0.866229479708
9,0.759979439629
10,0.290345939218
11,0.623885390741
12,0.175625468528
13,0.853844399945
14,0.567815938751
15,0.790321813921
16,0.408756235465
17,0.807933008678
18,0.42243463149
19,0.23897662639
20,0.180385770633
21,0.897039297044
22,0.441392633343
23,0.171982926841
24,0.180271354157
25,0.229276939692
26,0.832255276154
27,0.839367489022
28,0.781569371593
29,0.824518338242
30,0.781630633263
31,0.163513612809
32,0.743127587777
33,0.195746670338
34,0.666947666287
35,0.351947068389
36,0.171090898838
37,0.657640413931
38,0.502201700349
39,0.671777793597
40,0.823558709415
41,0.658922384181
42,0.189179591191
43,0.190331595186
44,0.823342608116
45,0.644067001417
46,0.812140243718
47,0.385856887624
48,0.180271354157
49,0.487681792988
50,0.171090898838
51,0.792480419205
52,0.155180279475
53,0.189179591191
54,0.683011760114
55,0.769188603691
56,0.215699124143
57,0.345430184697
58,0.200618322664
59,0.816666689845
60,0.247149593963
61,0.159753168344
62,0.284471523365
63,0.801065259192
64,0.313263168429
65,0.171701140086
66,0.302642812977
67,0.635355178506
68,0.808891353724
69,0.264546020558
70,0.77344097809
71,0.184931225178
72,0.604457266232
73,0.736070254944
74,0.792159638544
75,0.899206109526
76,0.855864649169
77,0.547101238277
78,0.863117735589
79,0.798138191092
80,0.364991703849
81,0.622662060776
82,0.394553575211
83,0.563496415488
84,0.866728199839
85,0.823055437464
86,0.564155177017
87,0.484069034032
88,0.389837196762
89,0.775863777379
90,0.419151324866
91,0.897835395691
92,0.834044784368
93,0.786785075908
94,0.180385770633
95,0.586293277131
96,0.822373052004
97,0.777474591699
98,0.664029005954
99,0.604076432583
100,0.577346960943
101,0.234783476997
102,0.350769592622
103,0.629200644893
104,0.822401232669
105,0.128907452996
106,0.960058922559
107,0.827140713112
108,0.840132616196
109,0.208020170901
110,0.755842323914
111,0.249277066025
112,0.228805303136
113,0.0795510493476
114,0.791624713608
115,0.639570590939
116,0.340610298388
117,0.277785572292
118,0.319566978965
119,0.226490284542
120,0.850421978632
121,0.489634526254
122,0.272096822157
123,0.326946265128
124,0.401441319699
125,0.827473776392
126,0.900145366081
127,0.782730505215
128,0.435582398321
129,0.708554739193
130,0.263155959818
131,0.254132196357
132,0.86190696692
133,0.850457920882
134,0.809864070721
135,0.242193562144
136,0.170976482362
137,0.170976482362
138,0.292967612687
139,0.800718653793
140,0.826566154556
141,0.705580398988
142,0.350342564448
143,0.862521192663
144,0.838959795829
145,0.751745054463
146,0.834456845426
147,0.102291191501
148,0.840360387425
149,0.421146000111
150,0.42051544036
151,0.170976482362
152,0.841409581037
153,0.943480512138
154,0.170976482362
155,0.506257804639
156,0.286128815913
157,0.350479040833
158,0.363679943821
159,0.774816091385
160,0.736241195114
161,0.227315569834
162,0.254179828777
163,0.384948084688
164,0.333018791228
165,0.184931225178
166,0.625621789108
167,0.180385770633
168,0.785120622139
169,0.8572858378
170,0.215460273968
171,0.75452718539
172,0.542943055804
173,0.354321019649
174,0.673048828589
175,0.82301030161
176,0.872495271857
177,0.565699057854
178,0.76493676474
179,0.189179591191
180,0.181542055528
181,0.497356533976
182,0.796963245323
183,0.0885881643431
184,0.559026971888
185,0.750086188271
186,0.604992418479
187,0.814295416132
188,0.839899515963
189,0.640277813917
190,0.787508894786
191,0.814295416132
192,0.823342608116
193,0.821652041823
194,0.487822009258
195,0.27023786153
196,0.361183800502
197,0.946979140162
198,0.601177366172
199,0.855864649169
200,0.223962199887
201,0.937386271962
202,0.300512125215
203,0.654603198276
204,0.831683709415
205,0.840132616196
206,0.308350859927
207,0.165527681161
208,0.170976482362
209,0.849070587069
210,0.121902622078
211,0.188095598791
212,0.603535065942
213,0.468693101708
214,0.591624312819
215,0.802931079655
216,0.189179591191
217,0.656626207712
218,0.303867766711
219,0.831491196633
220,0.486077805808
221,0.207795853726
222,0.398497248823
223,0.829997546769
224,0.683760041154
225,0.195157398219
226,0.446314186767
227,0.365264871769
228,0.290999969279
229,0.456656309281
230,0.531750804431
231,0.170976482362
232,0.948921400932
233,0.817061710164
234,0.832318671946
235,0.752663969219
236,0.133536868835
237,0.134836420936
238,0.233213092485
239,0.401101520946
240,0.170976482362
241,0.844209517574
242,0.603935250072
243,0.143546804255
244,0.155759091057
245,0.541335139911
246,0.542386002692
247,0.21165909372
248,0.830818634117
249,0.837761342483
250,0.195733870304
251,0.508760224361
252,0.626608282614
253,0.313163902021
254,0.682775338905
255,0.797168363506
256,0.469109423329
257,0.514377440991
258,0.519716782423
259,0.803783352383
260,0.864966274647
261,0.769715341474
262,0.936032366678
263,0.373064176776
264,0.123838328572
265,0.1441248443
266,0.237934889854
267,0.23646693446
268,0.184634136646
269,0.844051942044
270,0.549048705966
271,0.790543133207
272,0.895709155457
273,0.247458371452
274,0.223538087564
275,0.949425145767
276,0.180335340952
277,0.801314377982
278,0.600540049779
279,0.671156448117
280,0.292998082492
281,0.222946087616
282,0.653927346401
283,0.894917618542
284,0.85667017276
285,0.703195248733
286,0.328492247349
287,0.80297205115
288,0.190097010423
289,0.475218868306
290,0.834689945659
291,0.481983100622
292,0.896159143705
293,0.5666139315
294,0.449199975287
295,0.803865809763
296,0.825713881829
297,0.639927525771
298,0.171189251084
299,0.241274027844
300,0.485758509282
301,0.966498316498
302,0.330622397729
303,0.817289295209
304,0.936032366678
305,0.803783352383
306,0.184823306822
307,0.554589226276
308,0.525551751457
309,0.170976482362
310,0.888737219635
311,0.815819507812
312,0.958663558664
313,0.796863878513
314,0.137781853883
315,0.432289734205
316,0.976262626263
317,0.0367031519205
318,0.337265769234
319,0.766726020253
320,0.84378085475
321,0.720326526861
322,0.155873507533
323,0.216675342466
324,0.566699298625
325,0.735452251522
326,0.871671401187
327,0.429719428592
328,0.877775911728
329,0.604742856272
330,0.691470482594
331,0.36114977921
332,0.832318671946
333,0.491938871314
334,0.882266671759
335,0.206979857407
336,0.829837983722
337,0.535144142761
338,0.672059822595
339,0.85667017276
340,0.840132616196
341,0.834689945659
342,0.857213913951
343,0.514121111667
344,0.180271354157
345,0.478070356829
346,0.135393810447
347,0.840132616196
348,0.614189681825
349,0.208020170901
350,0.715875544612
351,0.24239664274
352,0.824194880844
353,0.134350761063
354,0.694322780114
355,0.853458608855
356,0.583246086107
357,0.345430184697
358,0.285263847984
359,0.832318671946
360,0.840132616196
361,0.225823140491
362,0.395392014827
363,0.686267272942
364,0.775774257081
365,0.775602578557
366,0.877809614773
367,0.295072219541
368,0.874513313724
369,0.729833397571
370,0.608797825098
371,0.606352890529
372,0.180347826346
373,0.683792435952
374,0.528416599181
375,0.492800115333
376,0.265989289546
377,0.558524566888
378,0.821827116295
379,0.363011108713
380,0.959085448479
381,0.184931225178
382,0.154264085824
383,0.594241781953
384,0.165728186672
385,0.395074005475
386,0.808165301266
387,0.191353504235
388,0.824194880844
389,0.834689945659
390,0.692568882014
391,0.871366894478
392,0.832318671946
393,0.511422492952
394,0.282189271777
395,0.368449201996
396,0.46520531958
397,0.171053378506
398,0.760693451923
399,0.823024747464
400,0.596225884087
401,0.826622098826
402,0.88449338398
403,0.69289521784
404,0.775878120822
405,0.415478579115
406,0.834689945659
407,0.64331006245
408,0.739450906633
409,0.740350618755
410,0.170976482362
411,0.845488813683
412,0.832318671946
413,0.36441099622
414,0.184931225178
415,0.823109507883
416,0.530087189253
417,0.173435918241
418,0.559629117382
419,0.208822309939
420,0.834689945659
421,0.815972707126
422,0.277748933289
423,0.821492961737
424,0.292902434186
425,0.40346268868
426,0.564155177017
427,0.831690997667
428,0.875596725083
429,0.829478763259
430,0.840132616196
431,0.904610656888
432,0.385669300221
433,0.192197507854
434,0.617391952378
435,0.597835215708
436,0.778561274172
437,0.766621097075
438,0.383952519444
439,0.906459195946
440,0.780179289713
441,0.24595191625
442,0.778168951852
443,0.809647969422
444,0.307740015916
445,0.18451972017
446,0.879885380211
447,0.671541728247
448,0.390982473327
449,0.668243960608
450,0.681028363931
451,0.180271354157
452,0.180271354157
453,0.209953075447
454,0.170976482362
455,0.834689945659
456,0.474100935243
457,0.840132616196
458,0.66066119126
459,0.319720230696
460,0.584876968453
461,0.538531291099
462,0.891589260325
463,0.570066932543
464,0.49661873996
465,0.688882430506
466,0.550985504521
467,0.373827412068
468,0.46051833145
469,0.819295131802
470,0.619931708227
471,0.242554725443
472,0.961447811448
473,0.747170594061
474,0.452143187613
475,0.824623227749
476,0.808542898742
477,0.981818181818
478,0.903805133298
479,0.502874649107
480,0.219901448473
481,0.388781298122
482,0.266785048075
483,0.301232315034
484,0.668377261861
485,0.685603916178
486,0.170177457443
487,0.202689692201
488,0.180271354157
489,0.854826244132
490,0.606250413696
491,0.775041665664
492,0.681871453355
493,0.880690903802
494,0.886882909348
495,0.253513582072
496,0.826566154556
497,0.436628957223
498,0.816350505636
499,0.171090898838
500,0.186808049689
501,0.356827248197
502,0.249768978553
503,0.139001349709
504,0.560246813439
505,0.840132616196
506,0.548361771814
507,0.840132616196
508,0.268737459514
509,0.833984724085
510,0.906031845518
511,0.792103708334
512,0.733894229937
513,0.803164179889
514,0.0868965093779
515,0.206052350591
516,0.495092860182
517,0.840132616196
518,0.416809268576
519,0.312123934036
520,0.184634136646
521,0.446715293425
522,0.170976482362
523,0.645342137267
524,0.802504231248
525,0.734568745787
526,0.170976482362
527,0.837761342483
528,0.26518873716
529,0.346257603622
530,0.798498937723
531,0.841331069541
532,0.696503329541
533,0.923532366678
534,0.597737229711
535,0.127464572458
536,0.797285918365
537,0.840132616196
538,0.245402221088
539,0.868377529307
540,0.189179591191
541,0.39837965219
542,0.81173975602
543,0.426914756627
544,0.674700296899
545,0.70008437273
546,0.18487573271
547,0.338213933371
548,0.885461720718
549,0.222612900438
550,0.180385770633
551,0.276194952765
552,0.5141250185
553,0.210740999032
554,0.208665332192
555,0.80825965558
556,0.718005923575
557,0.332676132361
558,0.733522153827
559,0.48860443462
560,0.719894511399
561,0.565506524631
562,0.400277345122
563,0.814684921263
564,0.192260583777
565,0.807051461548
566,0.939362368026
567,0.480719637245
568,0.642257176348
569,0.809819225882
570,0.742297703049
571,0.87581910893
572,0.183754679698
573,0.293602385042
574,0.711972380071
575,0.192742393123
576,0.741189684258
577,0.807658808971
578,0.184931225178
579,0.391214030481
580,0.269889533049
581,0.706227430576
582,0.660702977865
583,0.5802390931
584,0.412682786979
585,0.538531291099
586,0.810500242149
587,0.93560501625
588,0.798138191092
589,0.128907452996
590,0.838566866073
591,0.842136593132
592,0.622658826145
593,0.653750453613
594,0.184634136646
595,0.175224848375
596,0.208020170901
597,0.067342321723
598,0.850421978632
599,0.915233413419
600,0.496745038443
601,0.199111933867
602,0.344253035298
603,0.849223525287
604,0.849223525287
605,0.850644713917
606,0.800718653793
607,0.332754377996
608,0.972725332934
609,0.176979711483
610,0.639040942547
611,0.732275730754
612,0.434690321499
613,0.746512502569
614,0.834689945659
615,0.946832899116
616,0.709613562582
617,0.734363436696
618,0.739635271877
619,0.414806063448
620,0.224885337202
621,0.833141866331
622,0.815475332418
623,0.85667017276
624,0.828207111626
625,0.520168368453
626,0.689188025394
627,0.909892498362
628,0.807864029847
629,0.220942508114
630,0.703511534487
631,0.85809136139
632,0.192005931517
633,0.452668844572
634,0.842359328417
635,0.239051354647
636,0.324370638491
637,0.654009070574
638,0.580468601388
639,0.23084082596
640,0.817535275265
641,0.255612921913
642,0.198189057684
643,0.191998665525
644,0.106685230774
645,0.488417833691
646,0.904383430507
647,0.800149644
648,0.437181066401
649,0.841812032748
650,0.665933362036
651,0.789977713338
652,0.73447898207
653,0.824194880844
654,0.370618162948
655,0.391644987803
656,0.950054251278
657,0.391214030481
658,0.465077690993
659,0.974916613322
660,0.782211883269
661,0.834689945659
662,0.473410889013
663,0.0934965167044
664,0.677757953194
665,0.212576899447
666,0.382551276287
667,0.347552280408
668,0.431446176291
669,0.965151515152
670,0.331458951
671,0.834689945659
672,0.785429104293
673,0.832085571713
674,0.771653653081
675,0.861541967631
676,0.516762012138
677,0.478007004239
678,0.87724029756
679,0.490166120053
680,0.265191181848
681,0.760048806998
682,0.677019480991
683,0.524802163084
684,0.381690220957
685,0.288813652655
686,0.85667017276
687,0.803783352383
688,0.846773740078
689,0.909440936428
690,0.834456845426
691,0.834689945659
692,0.316563216227
693,0.847579263669
694,0.824410982142
695,0.742977178543
696,0.47171272806
697,0.814109944949
698,0.446311041156
699,0.759172110166
700,0.318952709644
701,0.901265028446
702,0.180333076468
703,0.18035994161
704,0.649385571262
705,0.194100007065
706,0.681290561889
707,0.855864649169
708,0.840132616196
709,0.181774659521
710,0.783173034552
711,0.834689945659
712,0.208665332192
713,0.606530948456
714,0.318275446298
715,0.859941451168
716,0.271814382591
717,0.89557219535
718,0.171090898838
719,0.656623533606
720,0.729623698177
721,0.496084667682
722,0.16218877398
723,0.154218741014
724,0.884920734407
725,0.157337133855
726,0.304659142197
727,0.609545902918
728,0.579392634567
729,0.694568715296
730,0.693664633535
731,0.789244931046
732,0.567249084979
733,0.793624293587
734,0.324034175243
735,0.600870404841
736,0.0918185352814
737,0.848050704919
738,0.358459812806
739,0.832318671946
740,0.699485821246
741,0.794941806332
742,0.466605318619
743,0.235295568832
744,0.834689945659
745,0.532886382633
746,0.367974753312
747,0.182605547527
748,0.342160625748
749,0.180271354157
750,0.317789880928
751,0.802433093146
752,0.605169008193
753,0.780604290598
754,0.72196169631
755,0.192742393123
756,0.575693638555
757,0.840132616196
758,0.826440410423
759,0.966498316498
760,0.274453457795
761,0.247139296957
762,0.16000745707
763,0.49215532153
764,0.118126676811
765,0.464439870187
766,0.882201771372
767,0.247453754293
768,0.414199096806
769,0.186808049689
770,0.448585898147
771,0.711972380071
772,0.189119227053
773,0.824440445749
774,0.812140243718
775,0.584635845773
776,0.368831780129
777,0.309284839907
778,0.120574119662
779,0.284847470853
780,0.506540207445
781,0.834689945659
782,0.737920892045
783,0.170976482362
784,0.840132616196
785,0.231330128825
786,0.317278803963
787,0.493542833057
788,0.407311080144
789,0.715031096837
790,0.635205875907
791,0.48196096919
792,0.338072707037
793,0.170976482362
794,0.702503003482
795,0.559609722471
796,0.899633631492
797,0.308489092473
798,0.85667017276
799,0.180385770633
800,0.381550238895
801,0.824282805087
802,0.180271354157
803,0.216733753905
804,0.631521556964
805,0.606498974523
806,0.846773740078
807,0.539742557805
808,0.180385770633
809,0.234505520684
810,0.767945107357
811,0.559609722471
812,0.719937078381
813,0.824518338242
814,0.855864649169
815,0.59412072777
816,0.13733186101
817,0.516155357853
818,0.798827899146
819,0.669477728147
820,0.735988349482
821,0.615786292144
822,0.826579642926
823,0.627920639683
824,0.901566554712
825,0.602084811369
826,0.699977430576
827,0.368206012315
828,0.13140298503
829,0.808277820811
830,0.508214245138
831,0.814295416132
832,0.673645772492
833,0.653463221357
834,0.180385770633
835,0.184634136646
836,0.875169374656
837,0.731739126483
838,0.283773175718
839,0.720060615365
840,0.26161686092
841,0.970202020202
842,0.822731965746
843,0.412425111067
844,0.237936163989
845,0.804016452616
846,0.189179591191
847,0.563098700409
848,0.788037956335
849,0.18492904508
850,0.155759091057
851,0.217173513321
852,0.475342670472
853,0.216242443671
854,0.834689945659
855,0.348240280971
856,0.593380147358
857,0.0944149209732
858,0.478490346481
859,0.376683483004
860,0.337868853627
861,0.281462468779
862,0.564303451568
863,0.718675716628
864,0.557473577426
865,0.20940905979
866,0.840132616196
867,0.889509193604
868,0.155759091057
869,0.448736728876
870,0.246223710777
871,0.918938349584
872,0.123663185458
873,0.938809438522
874,0.208665332192
875,0.70506607089
876,0.223763457908
877,0.234623180637
878,0.211038087564
879,0.170976482362
880,0.565046442614
881,0.748464541943
882,0.939772703404
883,0.180385770633
884,0.171090898838
885,0.29976001568
886,0.901139543652
887,0.738595098124
888,0.250530841187
889,0.65609415336
890,0.604992418479
891,0.148769210555
892,0.763473874627
893,0.865268099441
894,0.249559160078
895,0.494127082645
896,0.140453834808
897,0.626680705752
898,0.504068600303
899,0.338965767742
900,0.854095320159
901,0.227126870653
902,0.57636360212
903,0.451523242845
904,0.180385770633
905,0.576778694803
906,0.861006801911
907,0.825713881829
908,0.832318671946
909,0.579043050471
910,0.728348615783
911,0.778217286208
912,0.641307645414
913,0.256914058626
914,0.809904016825
915,0.661599651827
916,0.5381186614
917,0.206040813365
918,0.461712241047
919,0.696915561889
920,0.497573063708
921,0.647419518039
922,0.599300738679
923,0.456610024647
924,0.358565688891
925,0.208665332192
926,0.218406732966
927,0.667354283056
928,0.834689945659
929,0.427972281732
930,0.160882585648
931,0.427489491531
932,0.847378436174
933,0.582336995198
934,0.808716302574
935,0.56835654068
936,0.680407837587
937,0.740363966048
938,0.448869378089
939,0.926925367623
940,0.678649182628
941,0.945755483286
942,0.840132616196
943,0.757698697907
944,0.263751433312
945,0.790321813921
946,0.180385770633
947,0.805319352302
948,0.706422694959
949,0.813071515861
950,0.497589972141
951,0.515894934337
952,0.834689945659
953,0.324743187586
954,0.263305591787
955,0.374260899425
956,0.255267063178
957,0.440165804675
958,0.666861509326
959,0.840132616196
960,0.637301425823
961,0.565389961117
962,0.945024584284
963,0.965151515152
964,0.887138466631
965,0.215295983561
966,0.870216242682
967,0.0509888662063
968,0.210211198828
969,0.840132616196
970,0.659254330769
971,0.824410982142
972,0.380019754356
973,0.155759091057
974,0.0865931339691
975,0.654102845865
976,0.767177777237
977,0.298427077505
978,0.315535187605
979,0.591421077444
980,0.180385770633
981,0.834689945659
982,0.311571994943
983,0.743242258089
984,0.794494030408
985,0.495561380628
986,0.846773740078
987,0.185119518773
988,0.191353504235
989,0.615627998825
990,0.653927346401
991,0.171036014138
992,0.180271354157
993,0.518789308458
994,0.87724029756
995,0.225210648889
996,0.542943055804
997,0.205846257858
998,0.749528268386
999,0.267821377051
1000,0.52086492238
1001,0.184634136646
1002,0.320614424129
1003,0.159916382389
1004,0.82203970843
1005,0.91585192983
1006,0.342304888126
1007,0.209532098628
1008,0.468419875969
1009,0.659516341676
1010,0.197052437299
1011,0.540856212708
1012,0.525861313168
1013,0.227754173888
1014,0.805293363506
1015,0.623567917054
1016,0.85164553495
1017,0.841331069541
1018,0.680938455201
1019,0.189179591191
1020,0.804413573366
1021,0.227692615798
1022,0.594537695211
1023,0.461363742078
1024,0.46357411172
1025,0.431375622162
1026,0.180385770633
1027,0.170976482362
1028,0.798138191092
1029,0.885632035527
1030,0.952699033344
1031,0.561807428223
1032,0.748360239676
1033,0.469685146745
1034,0.1441248443
1035,0.32691424308
1036,0.286195717959
1037,0.17143845408
1038,0.810533326001
1039,0.180385770633
1040,0.733748301948
1041,0.549094843331
1042,0.738433083073
1043,0.601434364386
1044,0.816480726274
1045,0.832318671946
1046,0.73117078457
1047,0.180271354157
1048,0.268921817675
1049,0.815922676249
1050,0.180385770633
1051,0.612466481153
1052,0.593602836369
1053,0.186340603145
1054,0.175224848375
1055,0.928543052287
1056,0.241002717848
1057,0.475451129671
1058,0.19282215371
1059,0.849223525287
1060,0.605510487436
1061,0.467793311299
1062,0.376102642105
1063,0.131501680133
1064,0.981818181818
1065,0.154218741014
1066,0.655334650049
1067,0.422165370807
1068,0.184634136646
1069,0.736669593073
1070,0.468184846995
1071,0.155759091057
1072,0.184931225178
1073,0.795587162909
1074,0.192188603574
1075,0.728277711957
1076,0.658563289162
1077,0.829983731999
1078,0.290415019427
1079,0.509509100685
1080,0.286466402414
1081,0.841553804826
1082,0.583880876036
1083,0.192005931517
1084,0.18302782143
1085,0.834689945659
1086,0.313501675702
1087,0.745615649762
1088,0.981818181818
1089,0.746009127339
1090,0.180385770633
1091,0.799447376236
1092,0.859281552366
1093,0.206953111834
1094,0.849223525287
1095,0.955387205387
1096,0.834689945659
1097,0.180271354157
1098,0.231631580269
1099,0.296200416034
1100,0.180385770633
1101,0.502614065896
1102,0.830163499532
1103,0.624826730566
1104,0.103299232139
1105,0.804718827323
1106,0.832318671946
1107,0.894740818719
1108,0.502131089427
1109,0.814136853764
1110,0.830163499532
1111,0.802285918365
1112,0.62065287463
1113,0.664509737241
1114,0.382031370418
1115,0.189179591191
1116,0.834593574991
1117,0.473827029134
1118,0.799539356506
1119,0.206768193327
1120,0.863117735589
1121,0.916897144803
1122,0.789469541194
1123,0.7900241693
1124,0.841331069541
1125,0.240107942589
1126,0.914387517356
1127,0.671063998666
1128,0.72365202412
1129,0.805302353368
1130,0.879885380211
1131,0.804016452616
1132,0.533228260795
1133,0.817293825497
1134,0.300487695078
1135,0.45102193655
1136,0.571773242538
1137,0.755731349561
1138,0.714949207526
1139,0.545683864777
1140,0.313182125206
1141,0.208020170901
1142,0.695179800513
1143,0.723188199871
1144,0.329267181034
1145,0.20415710086
1146,0.184597414071
1147,0.497323752157
1148,0.89699338398
1149,0.43812539782
1150,0.797285918365
1151,0.750334271664
1152,0.846773740078
1153,0.466480123281
1154,0.866728199839
1155,0.950974101141
1156,0.804556007855
1157,0.840132616196
1158,0.785955880148
1159,0.205846257858
1160,0.81142803262
1161,0.418927844914
1162,0.878442423672
1163,0.385261649529
1164,0.654375671146
1165,0.812819453398
1166,0.848194928709
1167,0.684472380071
1168,0.877046736507
1169,0.154218741014
1170,0.797285918365
1171,0.459273370585
1172,0.802931079655
1173,0.479669325181
1174,0.710911392932
1175,0.687298802289
1176,0.798068108799
1177,0.821684848451
1178,0.840132616196
1179,0.502121881055
1180,0.472464401684
1181,0.832031379974
1182,0.162780861969
1183,0.29467919693
1184,0.180271354157
1185,0.379171905939
1186,0.906459195946
1187,0.170976482362
1188,0.170976482362
1189,0.679536538302
1190,0.630344872464
1191,0.777649055543
1192,0.170976482362
1193,0.275701895047
1194,0.0560579906302
1195,0.966498316498
1196,0.3058313214
1197,0.832085571713
1198,0.849223525287
1199,0.470360879096
1200,0.945598123374
1201,0.220520170901
1202,0.832085571713
1203,0.432079431878
1204,0.826204467695
1205,0.609201023167
1206,0.454070374542
1207,0.234315244135
1208,0.444537314537
1209,0.793798541879
1210,0.167726004042
1211,0.573246086107
1212,0.564155177017
1213,0.180271354157
1214,0.170976482362
1215,0.369466282541
1216,0.171090898838
1217,0.853885408327
1218,0.66704683303
1219,0.835034370159
1220,0.804894207014
1221,0.861144840506
1222,0.201300803312
1223,0.86444136976
1224,0.622830763837
1225,0.86444136976
1226,0.86444136976
1227,0.717113881442
1228,0.390115129382
1229,0.500026553162
1230,0.670872026693
1231,0.658126228176
1232,0.207235146747
1233,0.314302411114
1234,0.87307559268
1235,0.196463858317
1236,0.752355706042
1237,0.65691369336
1238,0.707279121548
1239,0.172320245528
1240,0.608545200081
1241,0.802285918365
1242,0.491197373614
1243,0.843852871202
1244,0.903959419543
1245,0.237012708698
1246,0.424049294777
1247,0.262290896973
1248,0.789469541194
1249,0.0995807996723
1250,0.357353838682
1251,0.212838055989
1252,0.180271354157
1253,0.883294270023
1254,0.683553485412
1255,0.180385770633
1256,0.478774588289
1257,0.375597857943
1258,0.834689945659
1259,0.85672060471
1260,0.364696684677
1261,0.413955654026
1262,0.814918021496
1263,0.139001349709
1264,0.764958276646
1265,0.840568217043
1266,0.950983785911
1267,0.704073944253
1268,0.850162464604
1269,0.91310501625
1270,0.532109945843
1271,0.641150506611
1272,0.853885408327
1273,0.154218741014
1274,0.679801337303
1275,0.42842528414
1276,0.832348198636
1277,0.460160067911
1278,0.894825870166
1279,0.358828024163
1280,0.477627402142
1281,0.863000128075
1282,0.823947578738
1283,0.775776204951
1284,0.61376447727
1285,0.804115892522
1286,0.318345606282
1287,0.689860125195
1288,0.180385770633
1289,0.177948163838
1290,0.296279044623
1291,0.775391029657
1292,0.594317283568
1293,0.241058913423
1294,0.746320861965
1295,0.20940905979
1296,0.46291725784
1297,0.188929528579
1298,0.86444136976
1299,0.656059427012
1300,0.219372492742
1301,0.928847755586
1302,0.745700633823
1303,0.702506039523
1304,0.200257537752
1305,0.218799401297
1306,0.165627822251
1307,0.106422015889
1308,0.86444136976
1309,0.235422072526
1310,0.174490436636
1311,0.677012130596
1312,0.883576685095
1313,0.896267111851
1314,0.86444136976
1315,0.612971992841
1316,0.138177968269
1317,0.891600500267
1318,0.712701800395
1319,0.503360244698
1320,0.144060321211
1321,0.609257403571
1322,0.454202056225
1323,0.695595448078
1324,0.700164110279
1325,0.719090721578
1326,0.860718426037
1327,0.863000128075
1328,0.814741435927
1329,0.596154083157
1330,0.947968634707
1331,0.86444136976
1332,0.115797015889
1333,0.629672903275
1334,0.175320727471
1335,0.850162464604
1336,0.081982627063
1337,0.691088645357
1338,0.249545922577
1339,0.863912870129
1340,0.56547132133
1341,0.298118139671
1342,0.156582520938
1343,0.896267111851
1344,0.86433270108
1345,0.853885408327
1346,0.842718289193
1347,0.617416958292
1348,0.462937591629
1349,0.270909714744
1350,0.524881150088
1351,0.668971398243
1352,0.753363872242
1353,0.117114656581
1354,0.904050799379
1355,0.859277184352
1356,0.722826241638
1357,0.115797015889
1358,0.846441232916
1359,0.543597999745
1360,0.147185321211
1361,0.436455654026
1362,0.104169108912
1363,0.826902119807
1364,0.662511226298
1365,0.368643010633
1366,0.175699057501
1367,0.2592396597
1368,0.695850550119
1369,0.810846337112
1370,0.469994599415
1371,0.801696334957
1372,0.871306358319
1373,0.304252139783
1374,0.302507634289
1375,0.790699964888
1376,0.502374563313
1377,0.435866455143
1378,0.879940581239
1379,0.329767979709
1380,0.842718289193
1381,0.795169375627
1382,0.360462689544
1383,0.165649982062
1384,0.792835473801
1385,0.346270534419
1386,0.204447481311
1387,0.543398831857
1388,0.875273969655
1389,0.584868039576
1390,0.106422015889
1391,0.691619710843
1392,0.410109504273
1393,0.138177968269
1394,0.318397205462
1395,0.308146515148
1396,0.916743765356
1397,0.635374827813
1398,0.106422015889
1399,0.708179288632
1400,0.679660709204
1401,0.52399777239
1402,0.795807187383
1403,0.12480436883
1404,0.214383321529
1405,0.356576425744
1406,0.555935555304
1407,0.74696451013
1408,0.00714285714286
1409,0.83752966829
1410,0.850162464604
1411,0.143156323248
1412,0.155068414279
1413,0.871306358319
1414,0.266143577796
1415,0.896267111851
1416,0.0211745706936
1417,0.144060321211
1418,0.74541677337
1419,0.847853662295
1420,0.704603278393
1421,0.76617306715
1422,0.206619031151
1423,0.799091454761
1424,0.168630660781
1425,0.178609015759
1426,0.301766618548
1427,0.776816397433
1428,0.797009667981
1429,0.829917424475
1430,0.00714285714286
1431,0.106422015889
1432,0.552778531105
1433,0.871306358319
1434,0.579184681187
1435,0.831276041406
1436,0.595290987919
1437,0.851603706289
1438,0.850162464604
1439,0.547616338868
1440,0.707270197723
1441,0.749373885722
1442,0.641660382515
1443,0.70623559501
1444,0.682284745538
1445,0.138177968269
1446,0.709337102147
1447,0.404622495019
1448,0.307525650982
1449,0.138346035496
1450,0.146218747576
1451,0.751447491758
1452,0.550097363943
1453,0.359581087152
1454,0.486518210243
1455,0.850162464604
1456,0.880767900372
1457,0.154008190333
1458,0.682654077789
1459,0.941231510676
1460,0.753619295485
1461,0.458294734486
1462,0.494519015248
1463,0.486762959153
1464,0.227500744798
1465,0.864161568497
1466,0.456385830815
1467,0.12167936883
1468,0.723844769621
1469,0.671921978691
1470,0.827215295686
1471,0.423175314864
1472,0.570694868073
1473,0.849189193384
1474,0.675770017906
1475,0.65660335124
1476,0.179937624842
1477,0.156153283738
1478,0.610012158832
1479,0.153036188922
1480,0.265918265564
1481,0.181351443497
1482,0.834402689254
1483,0.664944295188
1484,0.75610444259
1485,0.127393654544
1486,0.671921978691
1487,0.366897974448
1488,0.855326650012
1489,0.297480363376
1490,0.671233223803
1491,0.420351798947
1492,0.219315349588
1493,0.748008066111
1494,0.173426257472
1495,0.582720927987
1496,0.604106622003
1497,0.86444136976
1498,0.871306358319
1499,0.834839756604
1500,0.818232198487
1501,0.221465186814
1502,0.430039439057
1503,0.86444136976
1504,0.963222871995
1505,0.166542662162
1506,0.514935161207
1507,0.106422015889
1508,0.173439442116
1509,0.719025830649
1510,0.636506725826
1511,0.22023976362
1512,0.115797015889
1513,0.0792726946215
1514,0.252351822697
1515,0.143324390475
1516,0.800949330024
1517,0.214310938422
1518,0.0718242452808
1519,0.115797015889
1520,0.29959876092
1521,0.138177968269
1522,0.824138154446
1523,0.197347579493
1524,0.482738319662
1525,0.169696608373
1526,0.850819443895
1527,0.830115567057
1528,0.731483656421
1529,0.448706018601
1530,0.668637799911
1531,0.555114891939
1532,0.637173921435
1533,0.182043359194
1534,0.864018962888
1535,0.666713645357
1536,0.821728146721
1537,0.174866182016
1538,0.183355227466
1539,0.896267111851
1540,0.106422015889
1541,0.94266183537
1542,0.855326650012
1543,0.617627632097
1544,0.947968634707
1545,0.751907899357
1546,0.178355227466
1547,0.105791012377
1548,0.442598962866
1549,0.784538469113
1550,0.86444136976
1551,0.638717390381
1552,0.280431326696
1553,0.279603983741
1554,0.947581397696
1555,0.852472978948
1556,0.949306008299
1557,0.853885408327
1558,0.20828992655
1559,0.557043236988
1560,0.81377829377
1561,0.551614352852
1562,0.306394996926
1563,0.607437227258
1564,0.533015629533
1565,0.596154083157
1566,0.727681737957
1567,0.494033691931
1568,0.924581485595
1569,0.627905762328
1570,0.0514285714286
1571,0.853885408327
1572,0.172845914556
1573,0.859277184352
1574,0.3203294154
1575,0.940683325748
1576,0.757499173994
1577,0.614741745495
1578,0.29341880645
1579,0.773985650538
1580,0.594979137585
1581,0.67048320146
1582,0.809932427223
1583,0.513206149867
1584,0.734761078756
1585,0.675285073929
1586,0.844130718572
1587,0.900326103022
1588,0.500420551022
1589,0.850162464604
1590,0.859277184352
1591,0.798658716155
1592,0.863031839685
1593,0.651144012603
1594,0.667530669535
1595,0.80054856396
1596,0.531309639445
1597,0.334269913915
1598,0.710604988612
1599,0.609817481721
1600,0.850162464604
1601,0.115797015889
1602,0.246912257792
1603,0.132463682555
1604,0.72971103258
1605,0.62545986753
1606,0.840912486104
1607,0.154077435879
1608,0.310099951881
1609,0.048264205122
1610,0.260022113053
1611,0.138177968269
1612,0.844130718572
1613,0.842718289193
1614,0.0678241070007
1615,0.821547949528
1616,0.236496835652
1617,0.18895693844
1618,0.702970955299
1619,0.702127606396
1620,0.650796269117
1621,0.765114505522
1622,0.200712083206
1623,0.681324987881
1624,0.312723969045
1625,0.480300205799
1626,0.752148626787
1627,0.153445727471
1628,0.668926591554
1629,0.549207844515
1630,0.688112454881
1631,0.115797015889
1632,0.850162464604
1633,0.844386910665
1634,0.939051927568
1635,0.544789217315
1636,0.871306358319
1637,0.677246432784
1638,0.144060321211
1639,0.480466524682
1640,0.853885408327
1641,0.154077435879
1642,0.657615592325
1643,0.126413262387
1644,0.877043204016
1645,0.627523519044
1646,0.748649967644
1647,0.536405185376
1648,0.30192401269
1649,0.0827326616496
1650,0.903829217336
1651,0.86444136976
1652,0.660943442462
1653,0.730328348418
1654,0.144060321211
1655,0.842718289193
1656,0.930588997208
1657,0.796679328154
1658,0.101518195536
1659,0.564869298892
1660,0.49668465077
1661,0.123088682555
1662,0.132463682555
1663,0.188439442116
1664,0.434697527043
1665,0.671921978691
1666,0.343807277628
1667,0.123088682555
1668,0.873861540276
1669,0.787704801699
1670,0.13025540381
1671,0.879940581239
1672,0.21389953253
1673,0.748601370411
1674,0.788467149964
1675,0.200239908502
1676,0.106422015889
1677,0.86444136976
1678,0.147793352885
1679,0.863000128075
1680,0.907927030879
1681,0.711619773532
1682,0.661267760345
1683,0.670628971976
1684,0.952204374898
1685,0.490980004324
1686,0.957324079486
1687,0.203310182421
1688,0.197810599109
1689,0.220039887185
1690,0.630640997488
1691,0.35591846464
1692,0.620836866748
1693,0.911297932888
1694,0.869865116633
1695,0.646858223803
1696,0.112136301603
1697,0.109801197676
1698,0.200185182421
1699,0.219808819803
1700,0.153993631144
1701,0.707090759774
1702,0.842718289193
1703,0.73992200756
1704,0.132463682555
1705,0.284152943405
1706,0.847224385892
1707,0.754509137166
1708,0.795699058424
1709,0.464527131837
1710,0.274207094738
1711,0.821296063587
1712,0.811863382741
1713,0.860718426037
1714,0.168445727471
1715,0.599491193443
1716,0.831358666161
1717,0.862586082191
1718,0.224066402098
1719,0.714624637386
1720,0.154834315019
1721,0.458914200311
1722,0.749373885722
1723,0.206403541146
1724,0.220039887185
1725,0.61789989047
1726,0.514960639326
1727,0.863327046226
1728,0.471110867628
1729,0.149038676189
1730,0.671921978691
1731,0.583143572367
1732,0.659002443948
1733,0.637748721785
1734,0.541133149268
1735,0.86444136976
1736,0.851879111196
1737,0.776884179478
1738,0.734970115321
1739,0.840568217043
1740,0.0668131868132
1741,0.86444136976
1742,0.824353590945
1743,0.16480436883
1744,0.160320727471
1745,0.096872466339
1746,0.149038676189
1747,0.522225586243
1748,0.928847755586
1749,0.242776812175
1750,0.148177968269
1751,0.522483682793
1752,0.629282466228
1753,0.121225821317
1754,0.5647715074
1755,0.650936389644
1756,0.15620026805
1757,0.45999842169
1758,0.149038676189
1759,0.833848361912
1760,0.216646426641
1761,0.842275431002
1762,0.829942478786
1763,0.338781238558
1764,0.883908192575
1765,0.106422015889
1766,0.756742017038
1767,0.708179288632
1768,0.572893920578
1769,0.661450487462
1770,0.150320727471
1771,0.11230436883
1772,0.152224080901
1773,0.474318105079
1774,0.439839768938
1775,0.863000128075
1776,0.671921978691
1777,0.336685866046
1778,0.671921978691
1779,0.580079317028
1780,0.349687638632
1781,0.0784410937899
1782,0.121511301603
1783,0.239075380573
1784,0.687386405568
1785,0.710312215548
1786,0.115797015889
1787,0.86444136976
1788,0.855326650012
1789,0.74604426848
1790,0.719161431489
1791,0.109196184288
1792,0.411874836552
1793,0.83684527332
1794,0.00714285714286
1795,0.690170435481
1796,0.742858129222
1797,0.859277184352
1798,0.21016914688
1799,0.850162464604
1800,0.907414452629
1801,0.578231698208
1802,0.2948092902
1803,0.149038676189
1804,0.834878153139
1805,0.913912299857
1806,0.544444200962
1807,0.849970069832
1808,0.224206553852
1809,0.885568754235
1810,0.369271425459
1811,0.193872811018
1812,0.674902963198
1813,0.671921978691
1814,0.151936729216
1815,0.898725559447
1816,0.174936465792
1817,0.645949132894
1818,0.887632888931
1819,0.277358438087
1820,0.816008164218
1821,0.884735511709
1822,0.706047411088
1823,0.502238594787
1824,0.86444136976
1825,0.153108280799
1826,0.168377234404
1827,0.144060321211
1828,0.228730363376
1829,0.579380899325
1830,0.324369905625
1831,0.848269296517
1832,0.144060321211
1833,0.850162464604
1834,0.244206553852
1835,0.850162464604
1836,0.805899246271
1837,0.181772775449
1838,0.757822202318
1839,0.808281499597
1840,0.422616300431
1841,0.144060321211
1842,0.384319665015
1843,0.144060321211
1844,0.463814215006
1845,0.741848769153
1846,0.647218898946
1847,0.859934567039
1848,0.853220973965
1849,0.135360405692
1850,0.690491273494
1851,0.627566986604
1852,0.793569175724
1853,0.0214285714286
1854,0.138177968269
1855,0.769388272876
1856,0.185490724167
1857,0.115797015889
1858,0.323398698707
1859,0.0784410937899
1860,0.209228129548
1861,0.675835334513
1862,0.168167648352
1863,0.206706553852
1864,0.149038676189
1865,0.752091277027
1866,0.194092138297
1867,0.614620310929
1868,0.519761995875
1869,0.321486767774
1870,0.106422015889
1871,0.553424815935
1872,0.161071321256
1873,0.182771707863
1874,0.553957174759
1875,0.796599783291
1876,0.470280643714
1877,0.848307177034
1878,0.816819769109
1879,0.765620637714
1880,0.658698666403
1881,0.19262873174
1882,0.513345390294
1883,0.101447235254
1884,0.613712630318
1885,0.655638060222
1886,0.235855446387
1887,0.611431812285
1888,0.283540524771
1889,0.377783691931
1890,0.246779612311
1891,0.717294008381
1892,0.247201059346
1893,0.51333397456
1894,0.878499339553
1895,0.106422015889
1896,0.935773512755
1897,0.811750868809
1898,0.536557475877
1899,0.1819871159
1900,0.556091963482
1901,0.692799742037
1902,0.348973969045
1903,0.844130718572
1904,0.900234723187
1905,0.348702403368
1906,0.138177968269
1907,0.873189387643
1908,0.850162464604
1909,0.928635504886
1910,0.529206105724
1911,0.846441232916
1912,0.00714285714286
1913,0.31197111714
1914,0.456342589174
1915,0.384671825863
1916,0.25696457326
1917,0.571482162027
1918,0.662051794781
1919,0.157976429687
1920,0.87054703481
1921,0.273712589244
1922,0.622311204767
1923,0.578697448801
1924,0.550947633027
1925,0.871306358319
1926,0.121511301603
1927,0.138177968269
1928,0.213629630775
1929,0.150726987877
1930,0.853885408327
1931,0.170706709383
1932,0.705103796872
1933,0.144060321211
1934,0.315980956291
1935,0.259025570018
1936,0.863000128075
1937,0.220039887185
1938,0.0741961842877
1939,0.52399777239
1940,0.157179035856
1941,0.210447925573
1942,0.863000128075
1943,0.327223546253
1944,0.87307559268
1945,0.671921978691
1946,0.204352802574
1947,0.138177968269
1948,0.259018248341
1949,0.179219721279
1950,0.912748903788
1951,0.404833335137
1952,0.0214285714286
1953,0.184632433345
1954,0.191724698526
1955,0.121511301603
1956,0.74792461036
1957,0.734999173994
1958,0.767302305407
1959,0.82285151514
1960,0.224206553852
1961,0.367599665821
1962,0.971325479125
1963,0.752681848024
1964,0.380258742829
1965,0.830385336977
1966,0.377073301404
1967,0.164636301603
1968,0.553424815935
1969,0.440239770968
1970,0.157612394138
1971,0.822354994682
1972,0.819846788224
1973,0.852472978948
1974,0.762370542575
1975,0.206706553852
1976,0.716785686404
1977,0.669914946492
1978,0.794518918037
1979,0.743536431489
1980,0.455211575479
1981,0.853885408327
1982,0.73959033602
1983,0.86444136976
1984,0.863435071596
1985,0.306393241925
1986,0.757495457903
1987,0.844130718572
1988,0.850162464604
1989,0.863000128075
1990,0.850069696471
1991,0.151671446132
1992,0.836969985441
1993,0.691344084767
1994,0.685880312024
1995,0.523057800488
1996,0.19003786767
1997,0.850162464604
1998,0.336245544996
1999,0.836147313088
2000,0.85324543832
2001,0.115797015889
2002,0.547859485004
2003,0.933763321943
2004,0.517162706923
2005,0.457457497021
2006,0.152093072607
2007,0.13499344446
2008,0.856612983474
2009,0.507173468184
2010,0.152163676189
2011,0.759884849453
2012,0.252831279656
2013,0.86444136976
2014,0.595718450156
2015,0.863292067591
2016,0.687993407262
2017,0.875065309599
2018,0.692860661181
2019,0.0837333337419
2020,0.80794202632
2021,0.336484993137
2022,0.849139645615
2023,0.473157362742
2024,0.260867500951
2025,0.745526096838
2026,0.871306358319
2027,0.830240751245
2028,0.693880685117
2029,0.0902057996723
2030,0.195891426063
2031,0.820896194363
2032,0.624825767052
2033,0.869865116633
2034,0.164383009567
2035,0.846894747655
2036,0.518057636058
2037,0.0214285714286
2038,0.570814170877
2039,0.589608638176
2040,0.182845914556
2041,0.671921978691
2042,0.700017216786
2043,0.316488447809
2044,0.469808253533
2045,0.846894747655
2046,0.452537520756
2047,0.75996299037
2048,0.850162464604
2049,0.66566650784
2050,0.87307559268
2051,0.832960180232
2052,0.852472978948
2053,0.449698458413
2054,0.863640048052
2055,0.144060321211
2056,0.858806999481
2057,0.492874438453
2058,0.871306358319
2059,0.879940581239
2060,0.220039887185
2061,0.153675705826
2062,0.386211123782
2063,0.199084176229
2064,0.866799555598
2065,0.144060321211
2066,0.165667949693
2067,0.647180082813
2068,0.24418877972
2069,0.525476306111
2070,0.838211486472
2071,0.218569226063
2072,0.138177968269
2073,0.22211089273
2074,0.683115533745
2075,0.759506394508
2076,0.687329587386
2077,0.756046182541
2078,0.689155615351
2079,0.974333983106
2080,0.106422015889
2081,0.708696540945
2082,0.630640997488
2083,0.855326650012
2084,0.152163676189
2085,0.558935169546
2086,0.585306659744
2087,0.863000128075
2088,0.509262959153
2089,0.694800580613
2090,0.62124605315
2091,0.235855446387
2092,0.94629091198
2093,0.740259301286
2094,0.863000128075
2095,0.853885408327
2096,0.106422015889
2097,0.795620617137
2098,0.177513249498
2099,0.785259979848
2100,0.179506887464
2101,0.92022034201
2102,0.871306358319
2103,0.23336173183
2104,0.896267111851
2105,0.366965961444
2106,0.873746790515
2107,0.817782614841
2108,0.842718289193
2109,0.808326002073
2110,0.159038676189
2111,0.448969892661
2112,0.595045815216
2113,0.0630564784053
2114,0.566379060626
2115,0.347760407368
2116,0.850162464604
2117,0.564562230421
2118,0.656968517921
2119,0.143324390475
2120,0.0487707641196
2121,0.567389306904
2122,0.383307666953
2123,0.665804554448
2124,0.0531932773109
2125,0.516821626977
2126,0.655285073929
2127,0.182507086718
2128,0.890485840458
2129,0.195432212795
2130,0.842718289193
2131,0.826348377172
2132,0.122057422149
2133,0.905882896548
2134,0.146449390475
2135,0.612769070538
2136,0.771315293454
2137,0.490014615799
2138,0.860237929209
2139,0.296584372834
2140,0.863000128075
2141,0.606959827674
2142,0.798044715543
2143,0.520930931143
2144,0.342011913593
2145,0.849682936792
2146,0.154701550675
2147,0.142463682555
2148,0.916652633635
2149,0.638364875832
2150,0.552270563754
2151,0.780938477674
2152,0.250607327461
2153,0.298496104391
2154,0.674285733904
2155,0.654133940732
2156,0.178604464499
2157,0.21146081699
2158,0.309152348283
2159,0.144060321211
2160,0.302659291407
2161,0.850162464604
2162,0.573424815935
2163,0.86444136976
2164,0.624423870001
2165,0.204767936913
2166,0.573410766326
2167,0.681089349493
2168,0.165699081173
2169,0.411992078809
2170,0.671921978691
2171,0.845617884348
2172,0.663180850351
2173,0.680943247798
2174,0.452724168121
2175,0.87307559268
2176,0.661877001179
2177,0.74604426848
2178,0.586199060669
2179,0.537802618109
2180,0.558633149268
2181,0.687162464917
2182,0.86444136976
2183,0.172466734268
2184,0.681343517921
2185,0.817991500655
2186,0.848307177034
2187,0.833247041718
2188,0.377868996805
2189,0.708179288632
2190,0.7368437478
2191,0.12167936883
2192,0.132579736051
2193,0.156281323248
2194,0.629257403571
2195,0.121511301603
2196,0.220521952388
2197,0.143156323248
2198,0.514119475441
2199,0.802804617594
2200,0.847525946875
2201,0.947968634707
2202,0.41225818095
2203,0.920377329991
2204,0.108413641552
2205,0.769621308243
2206,0.59921242606
2207,0.270805225296
2208,0.115797015889
2209,0.87307559268
2210,0.731592769665
2211,0.761914707565
2212,0.523661914363
2213,0.365432138662
2214,0.310561663593
2215,0.266367948846
2216,0.765929450349
2217,0.632185860646
2218,0.65434509405
2219,0.768389817429
2220,0.237323096219
2221,0.833247041718
2222,0.886191647246
2223,0.691088645357
2224,0.138346035496
2225,0.825690029929
2226,0.886191647246
2227,0.513457072149
2228,0.622481158864
2229,0.871306358319
2230,0.706138719966
2231,0.485039439057
2232,0.734185678316
2233,0.572058681567
2234,0.896267111851
2235,0.348426408034
2236,0.207905987965
2237,0.376313712634
2238,0.429017854779
2239,0.428618333384
2240,0.604128956581
2241,0.863000128075
2242,0.86444136976
2243,0.175314442116
2244,0.863000128075
2245,0.576154083157
2246,0.571489546428
2247,0.758515859454
2248,0.564982801361
2249,0.147185321211
2250,0.163864371449
2251,0.586264377275
2252,0.836166723392
2253,0.737329916822
2254,0.638417793283
2255,0.149038676189
2256,0.375465509747
2257,0.847853662295
2258,0.443039362421
2259,0.511460291961
2260,0.671921978691
2261,0.800408204483
2262,0.192449523163
2263,0.134109405121
2264,0.937853164676
2265,0.746576256416
2266,0.521296711886
2267,0.650068981975
2268,0.186173285769
2269,0.640631266928
2270,0.193099964509
2271,0.503918190819
2272,0.63016649448
2273,0.879940581239
2274,0.863138898677
2275,0.54607848768
2276,0.631420272307
2277,0.937832435255
2278,0.49109403819
2279,0.121511301603
2280,0.86444136976
2281,0.710481730644
2282,0.771105315371
2283,0.840863001624
2284,0.0948668267477
2285,0.239762109407
2286,0.275962802836
2287,0.742007776995
2288,0.844130718572
2289,0.853885408327
2290,0.95032071681
2291,0.432587358486
2292,0.637976644856
2293,0.144060321211
2294,0.0763971545547
2295,0.850162464604
2296,0.753256323335
2297,0.850162464604
2298,0.900556689161
2299,0.842718289193
2300,0.432896471968
2301,0.530506176805
2302,0.850162464604
2303,0.632437014766
2304,0.665813612023
2305,0.901432080086
2306,0.803655404463
2307,0.879940581239
2308,0.86248287061
2309,0.318286042107
2310,0.671063283685
2311,0.702970955299
2312,0.82300158197
2313,0.579662564924
2314,0.225103076905
2315,0.438770924962
2316,0.695451769917
2317,0.804695607048
2318,0.752107860061
2319,0.850162464604
2320,0.247302332834
2321,0.939588739104
2322,0.847525946875
2323,0.824672525433
2324,0.845032988832
2325,0.131126686218
2326,0.106422015889
2327,0.273689943475
2328,0.87307559268
2329,0.526424065138
2330,0.842718289193
2331,0.645959624939
2332,0.225716184724
2333,0.691088645357
2334,0.143324390475
2335,0.714654163663
2336,0.524156013831
2337,0.475327040051
2338,0.578596165157
2339,0.86444136976
2340,0.650796269117
2341,0.612073230886
2342,0.936540063278
2343,0.883909945208
2344,0.725748666773
2345,0.850162464604
2346,0.0746566913437
2347,0.144060321211
2348,0.258045995286
2349,0.329311663593
2350,0.79209298057
2351,0.386631765481
2352,0.394939358099
2353,0.202546769257
2354,0.83113791034
2355,0.405680512979
2356,0.130433521838
2357,0.7504892436
2358,0.608584574933
2359,0.138177968269
2360,0.517653713087
2361,0.166094721279
2362,0.128802968269
2363,0.855326650012
2364,0.149038676189
2365,0.467450760357
2366,0.576154083157
2367,0.660640398345
2368,0.120775370867
2369,0.224112106606
2370,0.0784410937899
2371,0.651249008752
2372,0.947968634707
2373,0.749583440036
2374,0.590723550802
2375,0.821427686136
2376,0.656968517921
2377,0.749583440036
2378,0.656548526678
2379,0.811687418264
2380,0.86444136976
2381,0.879940581239
2382,0.162542949693
2383,0.698418944329
2384,0.132463682555
2385,0.191689011421
2386,0.863000128075
2387,0.393122320693
2388,0.850965483001
2389,0.855297594373
2390,0.164001283027
2391,0.522905335416
2392,0.146617783156
2393,0.879940581239
2394,0.617627632097
2395,0.772922271332
2396,0.179608371226
2397,0.808911802356
2398,0.543859598544
2399,0.716170609434
2400,0.900234723187
2401,0.961470330911
2402,0.655285073929
2403,0.00714285714286
2404,0.335968161581
2405,0.60187005634
2406,0.670598778769
2407,0.127393654544
2408,0.813578023531
2409,0.310270012732
2410,0.464946815777
2411,0.221504192857
2412,0.896267111851
2413,0.846703274522
2414,0.196438029605
2415,0.623984378135
2416,0.850387470712
2417,0.729853792289
2418,0.821340816721
2419,0.206580346765
2420,0.655524835183
2421,0.761414229733
2422,0.848750035225
2423,0.106422015889
2424,0.840863001624
2425,0.751001635637
2426,0.356887942326
2427,0.0902057996723
2428,0.658165757032
2429,0.602155144059
2430,0.515268155445
2431,0.261520073665
2432,0.112136301603
2433,0.542210735475
2434,0.761719796442
2435,0.843705503599
2436,0.825331127534
2437,0.523859598544
2438,0.684962102147
2439,0.287379630775
2440,0.384897577862
2441,0.138177968269
2442,0.848750035225
2443,0.195003794979
2444,0.317329828429
2445,0.907927030879
2446,0.774142366605
2447,0.856778711153
2448,0.666713645357
2449,0.829315241335
2450,0.952476833858
2451,0.249413177492
2452,0.144060321211
2453,0.294602814351
2454,1.0
2455,0.127393654544
2456,0.177074390475
2457,0.711398610276
2458,0.0160042334644
2459,0.818382483399
2460,0.829474744233
2461,0.860735548055
2462,0.152163676189
2463,0.856108833572
2464,0.575758086368
2465,0.244156086843
2466,0.866267116434
2467,0.164219721279
2468,0.841523681886
2469,0.226702751409
2470,0.308688250394
2471,0.973647516752
2472,0.840126377458
2473,0.892553277794
2474,0.202347579493
2475,0.212306014815
2476,0.185233622624
2477,0.766699943501
2478,0.950292003229
2479,0.557806394373
2480,0.205102652748
2481,0.624165906672
2482,0.85453142164
2483,0.291681155973
2484,0.657915177602
2485,0.121286226029
2486,0.855373790614
2487,0.642639492309
2488,0.811161116745
2489,0.897586700254
2490,0.145852488482
2491,0.682115618017
2492,0.859245844486
2493,0.266560630077
2494,0.702070788214
2495,0.224206553852
2496,0.838834073554
2497,0.85295343797
2498,0.353236705752
2499,0.422044881552
2500,0.583958167436
2501,0.504281352664
2502,0.123088682555
2503,0.799772021288
2504,0.530141176108
2505,0.165325730039
2506,0.315797847929
2507,0.70053732723
2508,0.712292910206
2509,0.0900785372288
2510,0.934663561189
2511,0.693221709767
2512,0.502478251507
2513,0.851670086911
2514,0.663040399743
2515,0.815529475853
2516,0.851670086911
2517,0.385582723594
2518,0.816694449211
2519,0.568601414901
2520,0.846300619883
2521,0.152937669997
2522,0.144060321211
2523,0.661343408824
2524,0.495907668432
2525,0.292651749702
2526,0.804160350337
2527,0.859245844486
2528,0.814409588175
2529,0.863462368703
2530,0.35696972329
2531,0.721800007183
2532,0.137641681036
2533,0.106422015889
2534,0.840588459519
2535,0.837061017609
2536,0.684206091013
2537,0.133388630563
2538,0.147822984351
2539,0.771573769308
2540,0.450530784498
2541,0.158969821206
2542,0.795546642032
2543,0.9796875
2544,0.620798949532
2545,0.649010755205
2546,0.709337102147
2547,0.258712589244
2548,0.141302968269
2549,0.785400343435
2550,0.767178943642
2551,0.99375
2552,0.556758149268
2553,0.74597073869
2554,0.851670086911
2555,0.734156511651
2556,0.841765944288
2557,0.28742287888
2558,0.162163676189
2559,0.814209005214
2560,0.851670086911
2561,0.853885408327
2562,0.772065438556
2563,0.424571155101
2564,0.803468311865
2565,0.171003842805
2566,0.252310795329
2567,0.342247778569
2568,0.346330048941
2569,0.549615078616
2570,0.445340068534
2571,0.847871224961
2572,0.826529169137
2573,0.826529169137
2574,0.283461863778
2575,0.834880424363
2576,0.499105250567
2577,0.843109736692
2578,0.631004011973
2579,0.280033292349
2580,0.295368218293
2581,0.304891030158
2582,0.706352823902
2583,0.678456076407
2584,0.0941920525636
2585,0.312614374436
2586,0.860811355706
2587,0.237332071925
2588,0.591417227984
2589,0.847948186444
2590,0.932780550521
2591,0.197308130306
2592,0.338804417466
2593,0.795438342407
2594,0.207408238531
2595,0.155916224339
2596,0.177163173879
2597,0.171147584205
2598,0.319500949732
2599,0.717976598894
2600,0.214384982717
2601,0.0915063913809
2602,0.776032170314
2603,0.587717602446
2604,0.668221183128
2605,0.223724028004
2606,0.160238493296
2607,0.569696764522
2608,0.45851538459
2609,0.160238493296
2610,0.225935134692
2611,0.795346382074
2612,0.779465966909
2613,0.192217818319
2614,1.0
2615,0.253778300571
2616,0.449747036555
2617,0.767827604604
2618,0.543313088123
2619,0.689689661344
2620,0.777945426654
2621,0.863462368703
2622,0.323896341445
2623,0.451582547422
2624,0.841375436594
2625,0.667201542804
2626,0.0424196512753
2627,0.85161094799
2628,0.723484952968
2629,0.235995005856
2630,0.0376038823153
2631,0.244939253768
2632,0.205533238531
2633,0.171147584205
2634,0.465351454732
2635,0.790972246577
2636,0.26354461102
2637,0.616177538834
2638,1.0
2639,0.495094515134
2640,0.179502249404
2641,0.195711683035
2642,0.210576897836
2643,0.183846591844
2644,0.397211863867
2645,0.851670086911
2646,0.262833568423
2647,0.214543805033
2648,0.409300311865
2649,0.192834230892
2650,0.439561708783
2651,0.840458589389
2652,0.725543811285
2653,0.281994358537
2654,1.0
2655,0.38902387298
2656,0.840588459519
2657,0.248882223901
2658,0.779092558942
2659,0.872762542303
2660,0.828556295777
2661,0.474460606708
2662,0.33117182934
2663,0.929248518731
2664,0.635944488163
2665,0.583706734087
2666,0.490327882547
2667,0.708563960194
2668,0.853876377458
2669,0.99375
2670,0.44210613983
2671,0.199183130306
2672,0.669813405353
2673,0.870263177547
2674,0.762220879457
2675,1.0
2676,0.230994619922
2677,0.677355894792
2678,0.323319317703
2679,0.872497670916
2680,0.298461863778
2681,0.176880555749
2682,0.279277889946
2683,0.431047077058
2684,1.0
2685,0.865231119096
2686,0.234025815941
2687,0.42640773693
2688,0.484410374518
2689,0.856663833904
2690,0.503319972239
2691,0.847723497122
2692,0.215435760039
2693,0.654813405353
2694,0.208232191542
2695,0.498083159647
2696,0.414139662231
2697,0.359129557793
2698,0.160238493296
2699,0.686576225866
2700,0.484428867768
2701,0.618230884074
2702,0.932725926289
2703,0.723508201157
2704,0.164824047172
2705,0.794370918743
2706,0.480658938904
2707,0.386298227313
2708,0.420670124094
2709,0.227660038395
2710,0.527791889555
2711,0.279277889946
2712,0.826868261589
2713,0.534371147711
2714,0.509886384108
2715,0.465618922194
2716,0.767660029791
2717,0.83535711782
2718,0.221217076538
2719,0.68649421382
2720,0.846216271349
2721,0.687375549182
2722,0.214384982717
2723,0.202878849909
2724,0.415189862177
2725,0.312400687927
2726,0.150038257295
2727,0.666128019909
2728,0.563569528668
2729,0.957214685616
2730,0.845032241598
2731,0.619996547283
2732,0.840588459519
2733,0.660432817869
2734,0.391529371313
2735,0.331476449288
2736,0.178756279857
2737,0.318324242089
2738,0.384105573195
2739,0.178998808584
2740,0.37153471771
2741,0.286695371942
2742,0.848219862553
2743,0.77705444819
2744,0.486482456006
2745,0.242250924166
2746,0.747150793119
2747,0.410189488125
2748,0.814433487041
2749,0.643361563959
2750,0.859245844486
2751,0.780984294657
2752,0.685461037609
2753,0.410293738434
2754,0.488479457701
2755,0.197308130306
2756,0.679205824528
2757,0.207045199271
2758,0.664348309808
2759,0.293989098355
2760,0.371183090728
2761,0.861058689075
2762,0.0361681585783
2763,0.811164096473
2764,0.191574434653
2765,0.411955862153
2766,0.730347375966
2767,0.709270091856
2768,0.35346304741
2769,0.86294954819
2770,0.290895578369
2771,0.500105711925
2772,0.51023308211
2773,0.787366136499
2774,0.236395964186
2775,0.207408238531
2776,0.807766703425
2777,0.221849028004
2778,0.152577148502
2779,0.233679495595
2780,0.237332071925
2781,0.764840279324
2782,0.546992580342
2783,0.227910108959
2784,0.139129166386
2785,0.683239688588
2786,0.265784865902
2787,0.163854405685
2788,0.99375
2789,0.0812972089224
2790,0.489301765714
2791,0.44667091672
2792,0.832928336468
2793,0.531245061246
2794,0.42095404968
2795,0.136357037119
2796,0.603134600906
2797,0.178112896192
2798,0.187189097085
2799,0.583977455488
2800,0.962458392663
2801,0.801458099855
2802,0.631688836481
2803,0.363892904813
2804,0.410626364545
2805,0.23070077219
2806,0.256269567562
2807,0.203368959232
2808,0.850035881899
2809,0.272725538392
2810,0.453101149211
2811,0.599036275603
2812,0.88224937831
2813,0.51362718076
2814,0.242279156886
2815,0.565778074117
2816,0.506336600558
2817,0.840588459519
2818,0.385697122339
2819,0.862051039292
2820,0.147092471967
2821,0.409426485321
2822,0.787044631379
2823,0.464669933892
2824,0.245334051143
2825,0.160238493296
2826,0.601398575646
2827,0.64962792871
2828,1.0
2829,0.160238493296
2830,0.53033080628
2831,0.709222862446
2832,0.616343674254
2833,0.657774500898
2834,0.12661172677
2835,0.727321133538
2836,0.625411847544
2837,0.179063011889
2838,0.17937269243
2839,0.802949041099
2840,0.194092818319
2841,0.73012591777
2842,0.242250924166
2843,0.859245844486
2844,0.522224934371
2845,0.83276801425
2846,0.86294954819
2847,0.917586700254
2848,0.271910001488
2849,0.710260393109
2850,0.560008843348
2851,0.159883883367
2852,0.54804065172
2853,0.710700432595
2854,0.673460462114
2855,0.226702751409
2856,0.303083838055
2857,0.214039538265
2858,0.762412040444
2859,0.207408238531
2860,0.816980107087
2861,0.245679495595
2862,0.400874527372
2863,0.122092471967
2864,0.217363706121
2865,0.283461863778
2866,0.470687745591
2867,0.776931481726
2868,0.842596916179
2869,0.937924912889
2870,0.817458094541
2871,0.279020964186
2872,0.0558804636224
2873,0.734061802995
2874,0.450137142984
2875,0.127182783954
2876,0.848508117244
2877,0.160238493296
2878,0.58047256441
2879,0.776750552589
2880,0.275017614351
2881,0.189857639046
2882,0.294599043215
2883,0.837886439317
2884,0.579601165755
2885,0.422965079488
2886,0.826615473932
2887,0.710337602319
2888,0.654560238776
2889,0.731628698635
2890,0.278565787108
2891,0.849434468372
2892,0.543196304778
2893,0.826868261589
2894,0.27916186283
2895,0.825008618702
2896,0.840588459519
2897,0.815538089232
2898,0.301780454793
2899,0.697096771191
2900,0.205533238531
2901,0.578074550179
2902,0.826738391459
2903,0.849192466114
2904,0.173014350167
2905,0.447398511361
2906,0.944177609345
2907,0.41601606982
2908,0.757666413407
2909,0.171772116731
2910,0.541943597798
2911,0.256258033151
2912,0.193946700069
2913,0.466902904096
2914,0.414583608104
2915,0.358732574801
2916,0.321679169728
2917,0.826868261589
2918,0.325355803172
2919,0.147878289628
2920,0.517856721115
2921,0.524731073732
2922,0.172937500935
2923,0.742119454619
2924,0.358821635354
2925,0.619132006906
2926,0.238480757895
2927,0.809695941254
2928,0.295745395187
2929,0.248882223901
2930,0.825350277258
2931,0.654679033557
2932,0.942559593023
2933,0.223724028004
2934,0.0902179490194
2935,0.798056192829
2936,0.615094388183
2937,0.702206856134
2938,0.826868261589
2939,0.416236290344
2940,0.872553277794
2941,0.599029638111
2942,0.756919248567
2943,0.232566434427
2944,0.416161742365
2945,0.151483955004
2946,1.0
2947,0.139208629932
2948,0.874464231737
2949,0.263686736997
2950,0.370228603641
2951,0.0782848388465
2952,0.605580789518
2953,0.852247853412
2954,0.0752123553905
2955,0.744150029255
2956,0.854389197971
2957,0.231602218126
2958,0.317661312585
2959,0.613836246873
2960,0.250112993132
2961,0.983025307661
2962,0.703438386602
2963,0.25354156456
2964,0.837966554493
2965,0.673791079977
2966,0.717144230073
2967,0.878123041736
2968,0.984425782688
2969,0.848599228707
2970,0.792929939847
2971,0.383762468152
2972,0.960652185616
2973,0.594039547187
2974,0.139483776315
2975,0.732861219053
2976,0.0994324439878
2977,0.846300619883
2978,0.340791456285
2979,0.753770074465
2980,0.175883286263
2981,0.786719701737
2982,0.180631279857
2983,0.644881833525
2984,0.242250924166
2985,0.178756279857
2986,0.792596762412
2987,0.294554962231
2988,0.307221631264
2989,0.270982536201
2990,0.167071700069
2991,0.788621141464
2992,0.520156149598
2993,0.423638936559
2994,0.843770399033
2995,0.26178684512
2996,0.696870669404
2997,0.670404654748
2998,0.338382901045
2999,0.90811378229
3000,0.712351574275
3001,0.242250924166
3002,0.530778074117
3003,0.343849242464
3004,0.120081547338
3005,0.821302560949
3006,0.583969067906
3007,0.122462499719
3008,0.271009883411
3009,0.487134919886
3010,0.44180338691
3011,0.819137103857
3012,0.694605860347
3013,0.840510650618
3014,0.226440496595
3015,0.619034041384
3016,0.186338004417
3017,0.314678126993
3018,0.221849028004
3019,0.197924542879
3020,0.307495328727
3021,0.220059679715
3022,0.954929286455
3023,0.797011195485
3024,0.729306402736
3025,0.84362998666
3026,0.761980273373
3027,0.674208709702
3028,0.178937089568
3029,0.162179974834
3030,0.855239847617
3031,0.798838927839
3032,0.796174105097
3033,0.610169618709
3034,0.825807253631
3035,0.160238493296
3036,0.236669528817
3037,0.239581423677
3038,0.256437097576
3039,1.0
3040,0.503934003156
3041,0.85716499946
3042,0.915280550521
3043,0.785578154637
3044,0.813611087967
3045,0.265254536648
3046,0.389775084764
3047,0.207408238531
3048,0.273768651001
3049,0.185721591844
3050,0.95572220313
3051,0.912234312942
3052,0.842596916179
3053,0.952177609345
3054,0.617546654113
3055,0.245820905672
3056,0.937924912889
3057,0.415591869668
3058,0.281994358537
3059,0.493875377496
3060,0.751236782273
3061,0.618540243857
3062,0.184463004417
3063,0.587844273161
3064,0.707254492926
3065,0.687277173469
3066,0.929255126792
3067,0.439828146952
3068,0.307374509677
3069,0.227321506307
3070,0.802273615734
3071,0.830434882306
3072,0.775002101233
3073,0.560760939827
3074,0.292625885989
3075,0.575417099411
3076,0.233679495595
3077,0.250112993132
3078,0.761217458952
3079,0.838834073554
3080,0.420903030703
3081,0.839137395982
3082,0.888884217646
3083,0.305033292349
3084,0.57079862862
3085,0.99375
3086,0.307133952559
3087,0.192217818319
3088,0.139483776315
3089,0.844407151715
3090,0.607546654113
3091,0.171147584205
3092,0.864918875464
3093,0.231838223868
3094,0.856663833904
3095,0.840842530214
3096,0.821783719919
3097,0.0190476190476
3098,0.828556295777
3099,0.160238493296
3100,0.804410574972
3101,0.837050501809
3102,0.842596916179
3103,0.847346649744
3104,0.943561276525
3105,0.819239635579
3106,0.357100737509
3107,0.183846591844
3108,0.366564501426
3109,0.0503612077165
3110,0.835340430378
3111,0.843232294671
3112,0.642639492309
3113,0.139483776315
3114,0.284612935612
3115,0.322619358537
3116,0.49040256901
3117,0.859245844486
3118,0.836707123948
3119,0.816824319341
3120,0.654060076777
3121,0.183846591844
3122,0.204284874492
3123,0.388371462769
3124,0.968059593023
3125,0.233480138798
3126,0.25502726392
3127,0.777815556524
3128,0.328218172766
3129,0.654150879473
3130,0.856003267002
3131,0.132864434659
3132,0.772536521833
3133,0.262147000836
3134,0.460457383197
3135,0.160238493296
3136,0.136525374857
3137,0.838834073554
3138,0.453585148335
3139,0.139223663556
3140,0.23070077219
3141,0.838834073554
3142,0.859412651493
3143,0.856663833904
3144,0.257607793658
3145,0.351147522164
3146,0.924177609345
3147,0.139129166386
3148,0.194390831361
3149,0.712230877173
3150,0.674474849934
3151,0.241006632882
3152,0.295611663901
3153,0.842207992587
3154,0.454952065553
3155,0.0760235763237
3156,0.760162625215
3157,0.758190952653
3158,0.500764068515
3159,0.360704794118
3160,0.214384982717
3161,0.894664217701
3162,0.558200095538
3163,0.725676895107
3164,0.520905240953
3165,0.284927053057
3166,0.25259211566
3167,0.883462368703
3168,0.851670086911
3169,0.764693384579
3170,0.460962721564
3171,0.665628209957
3172,0.86294954819
3173,0.270427577502
3174,0.358406412317
3175,0.357771172787
3176,0.744053733137
3177,0.210262489543
3178,0.236137635162
3179,0.62468286972
3180,0.0934148806715
3181,0.793538137872
3182,0.838704203425
3183,0.563457691942
3184,0.862702830611
3185,0.719015065207
3186,0.849424548055
3187,0.122462499719
3188,0.672274228481
3189,0.824774783172
3190,0.855373790614
3191,0.35757425792
3192,0.461711780933
3193,0.847895008412
3194,0.845059054431
3195,0.121242093439
3196,0.809113763396
3197,0.978700045413
3198,0.240163301271
3199,0.213623919779
3200,0.485284735982
3201,0.160238493296
3202,0.583105344548
3203,0.832896573554
3204,0.380404500576
3205,0.227769897631
3206,0.745809183106
3207,0.229425186779
3208,0.610971099822
3209,0.230355327739
3210,0.629501051762
3211,0.852486427573
3212,0.803199469833
3213,0.223671687031
3214,0.573397121736
3215,0.176237896192
3216,0.401070666411
3217,0.320103976902
3218,0.597844273161
3219,0.411216374769
3220,0.696870669404
3221,0.805082776001
3222,0.446449309612
3223,0.731844012575
3224,0.851670086911
3225,0.852960130201
3226,0.727575586592
3227,0.246222278583
3228,0.579670550639
3229,0.828876718248
3230,0.944177609345
3231,0.667129555037
3232,0.183562055874
3233,0.845384372625
3234,0.847132298792
3235,0.146596209544
3236,0.269399301799
3237,0.195270154256
3238,0.801250024355
3239,0.870598047839
3240,0.686491443339
3241,0.761980273373
3242,0.197308130306
3243,0.633815587077
3244,0.826868261589
3245,0.222475663965
3246,0.160238493296
3247,0.17353626076
3248,0.828771461327
3249,0.585753046318
3250,0.303197416714
3251,0.892553277794
3252,0.135407892179
3253,0.256091653125
3254,0.238537650701
3255,0.505462944061
3256,0.829861787658
3257,0.625578130529
3258,0.207408238531
3259,0.782580464081
3260,0.222130219514
3261,0.768343908631
3262,0.139483776315
3263,0.818706930963
3264,0.802944449211
3265,0.250112993132
3266,0.803389779287
3267,0.525216474347
3268,0.176237896192
3269,0.347060864873
3270,0.256539353481
3271,0.859245844486
3272,0.822121523299
3273,0.267015012212
3274,0.336666153342
3275,0.986751658324
3276,0.237332071925
3277,0.243226820569
3278,0.811559348118
3279,0.803259909157
3280,0.159085388542
3281,0.65952788572
3282,0.821646573554
3283,0.301544676733
3284,0.698594591683
3285,0.745743368395
3286,0.804980013152
3287,0.325731359014
3288,0.186399039397
3289,0.789229171434
3290,0.497892358813
3291,0.222475663965
3292,0.244967392757
3293,0.792596762412
3294,0.392958975498
3295,0.290017614351
3296,0.571243384052
3297,0.844546233918
3298,0.960652185616
3299,0.244610257868
3300,0.439413301563
3301,0.208468202184
3302,0.159883883367
3303,0.318786324409
3304,0.720594012575
3305,0.265784865902
3306,0.244258033151
3307,0.25109015309
3308,0.204284874492
3309,0.160238493296
3310,0.613199837137
3311,0.788891139438
3312,0.748566892536
3313,0.804534588556
3314,0.690478282219
3315,0.184609122667
3316,0.292804391439
3317,0.62046332078
3318,0.296003839228
3319,0.59177004783
3320,0.167847188948
3321,0.712631710859
3322,0.803179637334
3323,0.266530136093
3324,0.790398019451
3325,0.514028741304
3326,0.677141664973
3327,0.283203883449
3328,0.159883883367
3329,0.507340100721
3330,0.0678107346224
3331,0.726819605704
3332,0.904419131455
3333,0.513479457701
3334,0.62062357719
3335,0.246564820374
3336,0.688933604433
3337,0.238772295517
3338,0.352935011444
3339,0.85579375725
3340,0.985275423729
3341,0.938781921339
3342,0.193030339131
3343,0.840588459519
3344,0.264684196401
3345,0.268763589306
3346,0.554504389847
3347,0.601443250444
3348,0.217710026467
3349,0.305972667914
3350,0.141805593645
3351,0.826738391459
3352,0.755937492455
3353,0.385198506539
3354,0.506205303648
3355,0.67465000763
3356,0.230355327739
3357,0.0745848222983
3358,0.654813405353
3359,0.225387331197
3360,0.855886611127
3361,0.861775040314
3362,0.0190476190476
3363,0.60176882882
3364,0.638665841843
3365,0.823086748984
3366,0.873386611127
3367,0.255900805083
3368,0.698043164985
3369,0.960652185616
3370,0.778876564482
3371,0.944177609345
3372,0.932780550521
3373,0.863462368703
3374,0.309260798128
3375,1.0
3376,0.827562239618
3377,0.679669745886
3378,0.139483776315
3379,0.733190500782
3380,0.828228597694
3381,0.121737862038
3382,0.614831136872
3383,0.345135822992
3384,0.676812077924
3385,0.205072499486
3386,0.464721988559
3387,0.333605140701
3388,0.92740475403
3389,0.742133578288
3390,0.339230102892
3391,0.242250924166
3392,0.672172212123
3393,0.382350696979
3394,0.241778300571
3395,0.214384982717
3396,0.255009069801
3397,0.855373790614
3398,0.332318389469
3399,0.663248594524
3400,0.842596916179
3401,0.139483776315
3402,0.323530945172
3403,0.74070710109
3404,0.56605863506
3405,0.924177609345
3406,0.687020445175
3407,0.391010479642
3408,0.173022584205
3409,0.567909632638
3410,0.556257354569
3411,0.905256325536
3412,0.360080891356
3413,0.203124586629
3414,0.72592693721
3415,0.831565114709
3416,0.611116503804
3417,0.710378267831
3418,0.820119521171
3419,0.206830899519
3420,0.745404627055
3421,0.160238493296
3422,0.265784865902
3423,0.780228781331
3424,0.0860235763237
3425,0.0556010447422
3426,0.527336802982
3427,0.890053277794
3428,0.475545899444
3429,0.93430927658
3430,1.0
3431,0.279184572393
3432,0.148307528687
3433,0.815051263396
3434,0.267952811119
3435,0.192217818319
3436,0.131542663709
3437,0.646013878088
3438,0.468001634832
3439,0.722908192249
3440,0.802204156433
3441,0.371747079195
3442,0.646684080006
3443,0.753830683365
3444,0.830377504199
3445,0.6370338336
3446,0.458089723614
3447,0.875538008205
3448,0.862504096824
3449,0.585587023338
3450,0.851670086911
3451,0.160238493296
3452,0.367679150073
3453,0.875248733234
3454,0.402405100612
3455,0.685359670682
3456,0.88223585824
3457,0.843199023417
3458,0.130071195371
3459,0.756312859962
3460,0.793112001509
3461,0.726559352339
3462,0.86294954819
3463,0.165328805283
3464,0.17083447102
3465,0.651502368564
3466,0.252332071925
3467,0.811293966603
3468,0.303633800204
3469,0.968059593023
3470,0.838704203425
3471,0.99375
3472,0.847650749082
3473,0.713507835568
3474,0.0567901708927
3475,0.838834073554
3476,0.55718797141
3477,0.177253330944
3478,0.745094670314
3479,0.847065688807
3480,0.160238493296
3481,0.602194090011
3482,0.184609122667
3483,0.836787056569
3484,0.0678589922923
3485,0.199183130306
3486,0.914164788832
3487,0.771635377717
3488,0.710337602319
3489,0.176237896192
3490,0.312360694862
3491,0.348938258924
3492,0.926908457498
3493,0.756981174887
3494,0.224968090983
3495,0.875886611127
3496,0.233679495595
3497,0.0644851147852
3498,0.0911897589469
3499,0.386606844091
3500,0.448766410613
3501,0.281994358537
3502,0.534262042384
3503,0.103044852919
3504,0.618540243857
3505,0.86294954819
3506,0.446559129205
3507,0.345155120155
3508,0.194624147622
3509,0.566692367475
3510,0.188856388082
3511,0.506038981511
3512,0.866328296918
3513,0.258603653843
3514,0.893742378371
3515,0.0659453946018
3516,0.944177609345
3517,0.281994358537
3518,0.99375
3519,0.646273037379
3520,0.20202716766
3521,0.212164538265
3522,0.637517686041
3523,0.673665816754
3524,0.801385247378
3525,0.455474930276
3526,0.932739604114
3527,0.767254191827
3528,0.619120100686
3529,0.0367895545315
3530,0.949828235688
3531,0.598969067906
3532,0.910053277794
3533,0.9859375
3534,0.845251176285
3535,0.896812706264
3536,0.685960996113
3537,0.234618645393
3538,0.957703149831
3539,0.70390552476
3540,0.842596916179
3541,0.623408723079
3542,0.893386611127
3543,0.84367665191
3544,0.267454293753
3545,0.183846591844
3546,0.675581977172
3547,0.600711252735
3548,0.843861965365
3549,0.285570962158
3550,0.794904001097
3551,0.34221493246
3552,0.782606280614
3553,0.788907316398
3554,0.721655020533
3555,0.770573210701
3556,0.600770644219
3557,0.692990059111
3558,0.223724028004
3559,0.20701518065
3560,0.207408238531
3561,0.306849624273
3562,0.0367895545315
3563,0.858289324701
3564,0.395711463843
3565,0.554502413732
3566,0.660434100407
3567,0.172714713689
3568,0.427474444504
3569,0.149802601073
3570,0.276609126628
3571,0.304292988595
3572,0.963805516321
3573,0.160238493296
3574,0.518484126235
3575,0.0769326672327
3576,0.838834073554
3577,1.0
3578,0.355541273182
3579,0.276172120715
3580,0.0417749721803
3581,0.209285093625
3582,0.67274795333
3583,0.250112993132
3584,0.826738391459
3585,0.671726406882
3586,0.64554481972
3587,0.397085913555
3588,0.785524931142
3589,0.405924068143
3590,0.850873278768
3591,0.306345157496
3592,0.64962792871
3593,1.0
3594,0.783641472038
3595,0.115599202884
3596,0.240310795329
3597,0.340226029367
3598,0.322025713052
3599,0.582593768905
3600,0.780357250671
3601,0.451480106656
3602,0.59008328415
3603,0.480573485173
3604,0.30239208581
3605,0.165328805283
3606,0.298044606022
3607,0.221325670053
3608,0.86294954819
3609,0.759791807972
3610,0.33751011355
3611,0.072326238808
3612,0.690099372611
3613,0.455506265728
3614,0.200458567858
3615,0.885676820917
3616,0.250349729142
3617,0.320147469838
3618,0.210733282281
3619,0.733887546124
3620,0.828572561962
3621,0.824808681631
3622,0.171147584205
3623,0.828876718248
3624,0.204284874492
3625,0.511703979595
3626,0.263068397311
3627,0.299033487367
3628,0.8965826285
3629,0.668659559199
3630,0.0190476190476
3631,0.800755300448
3632,0.817933825856
3633,0.851670086911
3634,0.604278680257
3635,0.952539518009
3636,0.876813793153
3637,0.672391516601
3638,0.145927415759
3639,0.0565084676496
3640,0.828871720411
3641,0.699056273998
3642,0.792538063806
3643,0.0699459335212
3644,0.173013933573
3645,0.223334896209
3646,0.825008618702
3647,0.329687885818
3648,0.263309518157
3649,0.137780827925
3650,0.986342592593
3651,0.191574434653
3652,0.472523500615
3653,0.647868929754
3654,0.176237896192
3655,0.99375
3656,0.257725538392
3657,0.931378627833
3658,0.72901497879
3659,0.121737862038
3660,0.223724028004
3661,0.118810361172
3662,0.282231094547
3663,0.185721591844
3664,0.778870396952
3665,0.313717044976
3666,0.701393806149
3667,0.279230776339
3668,0.525877234775
3669,0.361191695706
3670,0.902310042483
3671,0.35438252137
3672,0.968059593023
3673,0.852157627081
3674,0.333168509956
3675,0.661862556431
3676,0.0367895545315
3677,0.811832031479
3678,0.910710115803
3679,0.565387406356
3680,0.150392867224
3681,0.339473440538
3682,0.250112993132
3683,0.335799815844
3684,0.173210904209
3685,0.278565787108
3686,0.263882223901
3687,0.774360733806
3688,0.51546328951
3689,0.552986290737
3690,0.165644322415
3691,0.27192895862
3692,0.118550366903
3693,0.840588459519
3694,0.815355591252
3695,0.255681183573
3696,0.54033253189
3697,0.845418035585
3698,0.458913300292
3699,0.84040771649
3700,0.557743866038
3701,0.707016426368
3702,0.937875106291
3703,0.593969067906
3704,0.807211183939
3705,0.397577552498
3706,0.139129166386
3707,0.840588459519
3708,0.844359142273
3709,0.516420634172
3710,0.208785513221
3711,0.281994358537
3712,0.50818067152
3713,0.240121308102
3714,0.794628348982
3715,0.715729094607
3716,0.858680324779
3717,0.34120560096
3718,0.174214334048
3719,0.766315477277
3720,0.690141040681
3721,0.562510100261
3722,0.779910853638
3723,0.826868261589
3724,0.862070318892
3725,0.648279731014
3726,0.806975436606
3727,0.237676508702
3728,0.176237896192
3729,0.935084003798
3730,0.2291069637
3731,0.183846591844
3732,0.86294954819
3733,0.806546541564
3734,0.31627204515
3735,0.656525407023
3736,0.807653634948
3737,0.213623919779
3738,0.616712537177
3739,0.751794481202
3740,0.453288301171
3741,0.853184590925
3742,0.614726023568
3743,0.322850590726
3744,0.648121801933
3745,0.207408238531
3746,0.952177609345
3747,0.838834073554
3748,0.581295973034
3749,0.0667076004323
3750,0.826783239831
3751,0.160238493296
