MoleculeId,pca_svm-PredictedProbability
1,0.885251072001
2,0.891346880472
3,0.0653075762442
4,0.243516440584
5,0.0967075668332
6,0.47163131021
7,0.853085858949
8,0.5
9,0.807433704158
10,0.114383813542
11,0.758020537961
12,0.406622445089
13,0.5
14,0.646010007817
15,0.879587708795
16,0.810109660916
17,0.5
18,0.296944197006
19,0.22834493898
20,0.164712755948
21,0.5
22,0.763109983301
23,0.146698072673
24,0.301875695153
25,0.0519770780413
26,0.891795475196
27,0.756140579221
28,0.271468234294
29,0.712066455047
30,0.91853105976
31,0.11151030613
32,0.676233756244
33,0.027393689946
34,0.507206997387
35,0.576525280694
36,0.228344081528
37,0.788776924411
38,0.43484035558
39,0.69007163028
40,0.910373791782
41,0.780370367111
42,0.0870969233079
43,0.0495533935334
44,0.816262198632
45,0.72675895073
46,0.922990828773
47,0.546317566589
48,0.120934066118
49,0.0811867623635
50,0.721067813742
51,0.578189081488
52,0.487383088718
53,0.334724382365
54,0.914498101786
55,0.344705114313
56,0.472917589852
57,0.247886634516
58,0.110799434352
59,0.915539332301
60,0.494520692078
61,0.0741968398506
62,0.741774860969
63,0.753255764539
64,0.5
65,0.138680069764
66,0.51901434703
67,0.912239195473
68,0.821540243326
69,0.139394131505
70,0.913099790736
71,0.0601648469711
72,0.364841562754
73,0.909603914712
74,0.40175282285
75,0.906324171004
76,0.910090838036
77,0.822386820856
78,0.889050573995
79,0.897049170968
80,0.132801863057
81,0.5
82,0.132846996548
83,0.778758517047
84,0.890506433054
85,0.874080704106
86,0.837788975171
87,0.476202019856
88,0.264839908036
89,0.789337356022
90,0.41262886037
91,0.789857315989
92,0.701345944402
93,0.815152797817
94,0.109701615789
95,0.5
96,0.379598246832
97,0.52869092815
98,0.535438030113
99,0.600892796049
100,0.5
101,0.0812695060889
102,0.285559112311
103,0.86462796349
104,0.906454543048
105,0.242992073105
106,0.5
107,0.702767460541
108,0.912470903338
109,0.033285715465
110,0.891726754598
111,0.0926765302314
112,0.118895895749
113,0.108148259376
114,0.862703955842
115,0.889775473989
116,0.709156631297
117,0.251381444096
118,0.218170094711
119,0.282473961097
120,0.766628084488
121,0.0925128617322
122,0.269452328578
123,0.647557771751
124,0.204564833475
125,0.922658690694
126,0.756425824333
127,0.876692258058
128,0.185338155711
129,0.870849282963
130,0.5
131,0.0654044859435
132,0.851970553107
133,0.823182393005
134,0.819754046255
135,0.446493423802
136,0.0200760519122
137,0.246864390107
138,0.395902894619
139,0.540474639647
140,0.810740855345
141,0.810873287045
142,0.697670274014
143,0.929974950609
144,0.66798343109
145,0.945356864088
146,0.908160347716
147,0.390583487138
148,0.609517734682
149,0.314216046133
150,0.132433335346
151,0.0996791608837
152,0.815730319513
153,0.799147231427
154,0.421262674283
155,0.5
156,0.176954279926
157,0.505285757262
158,0.415595292326
159,0.754218299575
160,0.689225525405
161,0.607711404505
162,0.0835860987905
163,0.301359636666
164,0.117771367521
165,0.322857838557
166,0.757482790689
167,0.5
168,0.897055146744
169,0.842842174547
170,0.121014349828
171,0.494932491245
172,0.420720509691
173,0.600484542108
174,0.187166216958
175,0.5
176,0.902080714594
177,0.694540077577
178,0.5
179,0.193995589535
180,0.103446262982
181,0.334865364941
182,0.513748456863
183,0.5
184,0.703947026589
185,0.888442446453
186,0.600806039211
187,0.951512147243
188,0.886235053621
189,0.442659231402
190,0.518899918243
191,0.890045740666
192,0.899775447805
193,0.875854321471
194,0.359711902868
195,0.5
196,0.130696110517
197,0.5
198,0.492151319819
199,0.899993244378
200,0.5
201,0.887096292195
202,0.547641879842
203,0.5
204,0.885849250654
205,0.864166293077
206,0.0888559070064
207,0.0845050353218
208,0.140468163181
209,0.847182451236
210,0.5
211,0.409316827056
212,0.5
213,0.656832896957
214,0.374755732932
215,0.935264712003
216,0.5
217,0.538195030028
218,0.0805878770113
219,0.802871898172
220,0.828339935107
221,0.0819078556188
222,0.120406407776
223,0.610033852497
224,0.459905698368
225,0.5
226,0.300319925381
227,0.204953785097
228,0.247236559855
229,0.773067872983
230,0.490569634601
231,0.0598618433727
232,0.5
233,0.858745925739
234,0.901632385526
235,0.786245156537
236,0.5
237,0.423851425842
238,0.12959713239
239,0.582653537555
240,0.178960306355
241,0.855833021148
242,0.681404147167
243,0.5
244,0.459839613198
245,0.715668608065
246,0.846557498407
247,0.609057633894
248,0.624831255836
249,0.176249938578
250,0.5
251,0.928741739306
252,0.85284000021
253,0.128664177639
254,0.354611628697
255,0.435023685593
256,0.831566453172
257,0.45269570197
258,0.464540521445
259,0.908306647958
260,0.89368537166
261,0.577959217013
262,0.919087054836
263,0.36248108016
264,0.47518149545
265,0.0991722931842
266,0.39970455254
267,0.583196256815
268,0.0477580833747
269,0.895929692996
270,0.100342261998
271,0.845606372543
272,0.593693292929
273,0.094016303697
274,0.351512556635
275,0.605498930944
276,0.279080108166
277,0.401525179248
278,0.477302258244
279,0.90817314234
280,0.140650077527
281,0.492003087925
282,0.464643527347
283,0.6744199939
284,0.845025992743
285,0.5
286,0.485579203686
287,0.5
288,0.323324106174
289,0.867594511808
290,0.680922881187
291,0.666201567357
292,0.675044571573
293,0.805357705001
294,0.725817915471
295,0.904468977453
296,0.675923009263
297,0.714001249519
298,0.560387016266
299,0.0891023220408
300,0.567064349912
301,0.611786600764
302,0.270013244692
303,0.835565210545
304,0.888304703531
305,0.932344620043
306,0.089826258491
307,0.493459704519
308,0.747665460731
309,0.0567734073344
310,0.903475233179
311,0.5
312,0.885414108493
313,0.882083505294
314,0.290042985213
315,0.803375491094
316,0.871508754038
317,0.5
318,0.783503107971
319,0.659750499942
320,0.944598663914
321,0.960017168337
322,0.359058735903
323,0.0850742536893
324,0.435546332025
325,0.256950675284
326,0.588731339209
327,0.863278856352
328,0.5
329,0.272140869489
330,0.74045410707
331,0.128513245358
332,0.838560838355
333,0.825088978427
334,0.509667898535
335,0.0605750505608
336,0.877801261606
337,0.849972980577
338,0.313612473678
339,0.673090739442
340,0.745994777602
341,0.559079588455
342,0.5
343,0.833330433275
344,0.187387024664
345,0.720526767438
346,0.5
347,0.928605427565
348,0.67622464805
349,0.109766842252
350,0.907449945104
351,0.0795310915334
352,0.862559599489
353,0.138198628283
354,0.69667899088
355,0.445156667895
356,0.688415444255
357,0.102130198685
358,0.101512639496
359,0.858988424513
360,0.901278988628
361,0.341718951355
362,0.471943605727
363,0.487042894373
364,0.781530490745
365,0.863043731674
366,0.942161780523
367,0.455805251306
368,0.703070119229
369,0.480243200693
370,0.8484406013
371,0.902025257669
372,0.0886099536582
373,0.451032188768
374,0.895234926486
375,0.5
376,0.0633079641881
377,0.912225659442
378,0.5
379,0.322541643545
380,0.665300247122
381,0.0585081552322
382,0.106167477593
383,0.393563084695
384,0.471546081233
385,0.494166382077
386,0.5
387,0.0957565458954
388,0.927553777767
389,0.805667354915
390,0.911919985593
391,0.571408646231
392,0.882891028266
393,0.632986381629
394,0.154719663227
395,0.229621395847
396,0.460367385337
397,0.0685616947967
398,0.863039739889
399,0.5
400,0.220309278943
401,0.933646673509
402,0.947556387938
403,0.894095883751
404,0.875765296732
405,0.293521335039
406,0.854731898865
407,0.573647560659
408,0.890474793429
409,0.881045845794
410,0.130303547994
411,0.936025286314
412,0.921093634196
413,0.607962051152
414,0.0804551394438
415,0.914613533258
416,0.434644612389
417,0.466706311849
418,0.798944892431
419,0.643831751465
420,0.874690482285
421,0.5
422,0.534275700407
423,0.673056268088
424,0.62733022968
425,0.585944681802
426,0.604785450446
427,0.926681558256
428,0.5
429,0.841224650633
430,0.939916502957
431,0.898563073745
432,0.5
433,0.5
434,0.5
435,0.470105885152
436,0.620094744449
437,0.896605833506
438,0.138212228506
439,0.861174452897
440,0.865839417366
441,0.34372299779
442,0.882248761553
443,0.858131117807
444,0.149259018996
445,0.361709573386
446,0.897113249928
447,0.271550693066
448,0.310500406998
449,0.860275707622
450,0.37244071185
451,0.141022228206
452,0.113148189913
453,0.0968943701329
454,0.106769319958
455,0.875029289859
456,0.25647527935
457,0.887164786821
458,0.92665700858
459,0.168795899689
460,0.830715893613
461,0.250505697388
462,0.5
463,0.694016314257
464,0.48590052656
465,0.726996527596
466,0.510398714345
467,0.171882701984
468,0.064943407021
469,0.927896284398
470,0.639076390099
471,0.366800457093
472,0.5
473,0.5
474,0.545500728365
475,0.935582490708
476,0.906507198144
477,0.679046681278
478,0.5
479,0.863059644195
480,0.126686681822
481,0.609212297629
482,0.493189251919
483,0.0991795618526
484,0.830805292992
485,0.729405225967
486,0.104897204895
487,0.389360200057
488,0.234302588014
489,0.773195324401
490,0.5
491,0.423530879867
492,0.662410159201
493,0.785290820808
494,0.753535341715
495,0.188223104033
496,0.900938281016
497,0.476264980245
498,0.597107323443
499,0.081605159068
500,0.0699998229135
501,0.476358534628
502,0.338717407751
503,0.0999978860373
504,0.494730972032
505,0.905350032359
506,0.625920708054
507,0.862431799
508,0.181977108014
509,0.718889274337
510,0.774559579015
511,0.451184249877
512,0.906231972569
513,0.731462481189
514,0.44049379837
515,0.349876927129
516,0.919110939371
517,0.901482074336
518,0.262244001984
519,0.277877623347
520,0.0303559494372
521,0.740494321702
522,0.0111988649313
523,0.332441971358
524,0.5
525,0.681127371801
526,0.0618308756815
527,0.453446642964
528,0.21652006677
529,0.478230667947
530,0.5
531,0.860276407058
532,0.735829724456
533,0.899168255499
534,0.403456581271
535,0.320731308914
536,0.972888998402
537,0.940395822589
538,0.356017960932
539,0.523696674383
540,0.177220391669
541,0.688494868642
542,0.694532370285
543,0.165873378198
544,0.852786055398
545,0.651129193854
546,0.097310432688
547,0.522644183536
548,0.413565179751
549,0.215353908729
550,0.651940399923
551,0.14208431902
552,0.274176233872
553,0.471910967678
554,0.0819430050547
555,0.919796665604
556,0.532598850246
557,0.0972599925814
558,0.881199352658
559,0.455309056655
560,0.520452369074
561,0.612925982336
562,0.318459551739
563,0.848389791461
564,0.251957363753
565,0.914111521183
566,0.53308156166
567,0.356470305426
568,0.794286957473
569,0.789890277889
570,0.888740549042
571,0.899275834464
572,0.5
573,0.234639862568
574,0.588420546195
575,0.061623376422
576,0.5
577,0.892140257764
578,0.209938892954
579,0.139433911736
580,0.167471987954
581,0.756674074279
582,0.864931663453
583,0.82501591688
584,0.493929196884
585,0.778445111982
586,0.934844534368
587,0.721527210265
588,0.823467358179
589,0.104912775502
590,0.829023873777
591,0.825647657655
592,0.81073999922
593,0.5
594,0.251555564182
595,0.399176939767
596,0.0542250317896
597,0.5
598,0.912471264777
599,0.807275526834
600,0.894605333656
601,0.5
602,0.901797051296
603,0.915388104731
604,0.620204148573
605,0.905209455874
606,0.56479015024
607,0.303024531941
608,0.513820390398
609,0.194805447453
610,0.737172002679
611,0.892770090444
612,0.386296042689
613,0.920809893095
614,0.918802855023
615,0.5
616,0.5
617,0.656796039476
618,0.586223694594
619,0.668456531338
620,0.0781315561034
621,0.538441739888
622,0.846804551208
623,0.864835730032
624,0.5
625,0.803556976659
626,0.743447426219
627,0.5
628,0.758181474633
629,0.405294224946
630,0.410093697046
631,0.857082460844
632,0.047625539604
633,0.555646881413
634,0.557816168565
635,0.669145318831
636,0.5
637,0.768900876787
638,0.342804168015
639,0.364612102321
640,0.607936442304
641,0.523887354077
642,0.283737431963
643,0.429347609294
644,0.296928752625
645,0.171126743378
646,0.852631222617
647,0.886935847246
648,0.0837757064842
649,0.568049175892
650,0.697715585183
651,0.536665678872
652,0.510543990444
653,0.718471048857
654,0.641606948075
655,0.625896805011
656,0.842814465852
657,0.204349393191
658,0.702835884262
659,0.859966405287
660,0.48251627029
661,0.876191148231
662,0.584451116891
663,0.461783353952
664,0.5
665,0.101844236768
666,0.0822614183745
667,0.5
668,0.126173929918
669,0.5
670,0.199578080832
671,0.725997082627
672,0.768259403982
673,0.826000406961
674,0.855761525514
675,0.877805909191
676,0.490956971351
677,0.49153441442
678,0.5
679,0.412207231373
680,0.089077526581
681,0.931029456692
682,0.773198026479
683,0.160943885138
684,0.49378755405
685,0.0587484418313
686,0.888239817702
687,0.891014650289
688,0.897840885403
689,0.594554259245
690,0.917137299609
691,0.855004660979
692,0.136241832442
693,0.887394184797
694,0.919028914497
695,0.807419223826
696,0.614102405314
697,0.805544687968
698,0.733976338112
699,0.730038205122
700,0.0830419677984
701,0.5
702,0.052359877134
703,0.157986343354
704,0.707621584503
705,0.492374508687
706,0.39887579907
707,0.93057997374
708,0.917512842301
709,0.0736521661101
710,0.633787059998
711,0.891416463914
712,0.0372648695244
713,0.876012035848
714,0.5
715,0.916966094063
716,0.0972228303739
717,0.5
718,0.320344468847
719,0.760629660398
720,0.847366448236
721,0.594040190009
722,0.187141062058
723,0.209493191786
724,0.892126717935
725,0.200744939057
726,0.256383279532
727,0.829842676568
728,0.637078218517
729,0.438410929966
730,0.89252238619
731,0.775337474182
732,0.558188978577
733,0.5
734,0.5
735,0.529415269603
736,0.101860513487
737,0.946450505471
738,0.471678363521
739,0.867252997984
740,0.626314556624
741,0.909765650783
742,0.541752124526
743,0.5
744,0.915567351308
745,0.89917750861
746,0.670603228518
747,0.41243818194
748,0.0849874104039
749,0.0636649098154
750,0.174226637329
751,0.5
752,0.714841213023
753,0.897855951747
754,0.860588224913
755,0.11827859568
756,0.6939385543
757,0.670126415529
758,0.511694152059
759,0.864064912937
760,0.142827125021
761,0.0479373469998
762,0.51261593147
763,0.840713399039
764,0.5
765,0.696048753
766,0.717490776794
767,0.15758990386
768,0.5
769,0.0703366277204
770,0.154329587546
771,0.742939130589
772,0.144754707079
773,0.645940236054
774,0.919914073474
775,0.833902810446
776,0.850663390274
777,0.0867256324676
778,0.5
779,0.724303777354
780,0.721127867552
781,0.958472228534
782,0.766421272842
783,0.460448228675
784,0.864393538011
785,0.151413096924
786,0.5
787,0.836231534294
788,0.17796502708
789,0.786272544542
790,0.741670261943
791,0.5
792,0.112714689842
793,0.104400927686
794,0.906357829931
795,0.849106921705
796,0.719719749364
797,0.457014195723
798,0.927764420334
799,0.144521608271
800,0.34969924099
801,0.864746189417
802,0.0552322190339
803,0.378861690117
804,0.891810696053
805,0.888276949445
806,0.733343087378
807,0.493308629973
808,0.494396455631
809,0.494973919417
810,0.396302140818
811,0.457284611296
812,0.825138388421
813,0.675053077947
814,0.760593053916
815,0.676621396325
816,0.392278357604
817,0.157533988497
818,0.634703235975
819,0.42246898697
820,0.926620542052
821,0.724276253161
822,0.924757731446
823,0.616186104497
824,0.647759264914
825,0.368158993847
826,0.64646298163
827,0.09596395351
828,0.506521373856
829,0.859379657318
830,0.488623706791
831,0.760697333722
832,0.85950831976
833,0.914512867863
834,0.0817265435862
835,0.0509029273368
836,0.869929338102
837,0.713071980772
838,0.17925356989
839,0.907756440003
840,0.511148006867
841,0.5
842,0.903144922226
843,0.740561257863
844,0.575810714361
845,0.9270503016
846,0.168429201757
847,0.5
848,0.722115811378
849,0.0912574004215
850,0.188678272422
851,0.089662864381
852,0.845114346868
853,0.394306935515
854,0.791091513551
855,0.5
856,0.818604897545
857,0.289627360797
858,0.606691464602
859,0.0893400804051
860,0.190201035007
861,0.36120160258
862,0.737610145485
863,0.386985002279
864,0.570541914179
865,0.0710142038948
866,0.90896129636
867,0.900539265166
868,0.487806342115
869,0.448060139918
870,0.128670234831
871,0.710447607207
872,0.5
873,0.5
874,0.271973349377
875,0.55535681023
876,0.400076802846
877,0.128256006308
878,0.190038818866
879,0.0825250172483
880,0.862979231978
881,0.556372227573
882,0.909871237657
883,0.5
884,0.145949572664
885,0.5
886,0.607510179821
887,0.883875466638
888,0.514142110338
889,0.653890970266
890,0.850352386563
891,0.290861496497
892,0.896190834862
893,0.600387428236
894,0.140155694257
895,0.5
896,0.5
897,0.360178952547
898,0.621896639536
899,0.0568355404352
900,0.763398346095
901,0.533522392393
902,0.457624466958
903,0.484396902575
904,0.15746779409
905,0.744441951903
906,0.840834180992
907,0.863493481206
908,0.899206102995
909,0.599618594691
910,0.679688657379
911,0.910525725778
912,0.619198543663
913,0.5
914,0.738042949412
915,0.317123879057
916,0.595962583417
917,0.224048130993
918,0.796807443825
919,0.588473939082
920,0.606902679199
921,0.71410563155
922,0.785187250444
923,0.423719446863
924,0.688153839325
925,0.0741183682303
926,0.173493392551
927,0.211194278632
928,0.877048080257
929,0.384773133507
930,0.0983174532135
931,0.300140718154
932,0.857144264174
933,0.88565543549
934,0.92616674062
935,0.456255857481
936,0.899564775876
937,0.67125306793
938,0.46229506839
939,0.640304198143
940,0.5
941,0.547859249193
942,0.589125258909
943,0.840665614767
944,0.106439432027
945,0.915840723684
946,0.0923581928124
947,0.907767021765
948,0.604764242199
949,0.870185960427
950,0.40343710775
951,0.605411759674
952,0.862140166093
953,0.112008973413
954,0.392765951761
955,0.390691688531
956,0.562525114688
957,0.5
958,0.452350358411
959,0.939714196734
960,0.756070725324
961,0.425291782109
962,0.897897628779
963,0.882452182615
964,0.651974358564
965,0.293517429917
966,0.894811748287
967,0.272404562664
968,0.341226359099
969,0.93841898103
970,0.823849253543
971,0.737657215307
972,0.244123109789
973,0.206856711125
974,0.202895049126
975,0.557462798909
976,0.833015551216
977,0.5
978,0.861278445374
979,0.41750974295
980,0.163403273728
981,0.961149300927
982,0.5
983,0.911216765033
984,0.918924766726
985,0.125848528853
986,0.842929054679
987,0.657169432959
988,0.640776869102
989,0.5
990,0.42353073564
991,0.113965564485
992,0.0649954704914
993,0.511516115934
994,0.834252376249
995,0.494967031921
996,0.174708972711
997,0.0740102030468
998,0.81685693736
999,0.489084442089
1000,0.224958736753
1001,0.129819031269
1002,0.140604535266
1003,0.5
1004,0.867097556765
1005,0.838497814515
1006,0.16645106928
1007,0.347979009415
1008,0.712481962206
1009,0.60067219016
1010,0.100181961179
1011,0.906020659705
1012,0.581810314669
1013,0.494238049249
1014,0.885911094506
1015,0.76421883062
1016,0.868128634995
1017,0.583785470285
1018,0.852312453146
1019,0.328181594725
1020,0.88026028145
1021,0.340216445439
1022,0.86607287258
1023,0.0890833321635
1024,0.0706963856459
1025,0.490846732673
1026,0.0611144576605
1027,0.262270683322
1028,0.840007325143
1029,0.5
1030,0.5
1031,0.741004975969
1032,0.65150267726
1033,0.387455129035
1034,0.177393080336
1035,0.382633478804
1036,0.625751617005
1037,0.458074531407
1038,0.910884455071
1039,0.0618523471325
1040,0.905402427211
1041,0.450050535383
1042,0.796502345466
1043,0.529887812245
1044,0.91206012414
1045,0.93922638103
1046,0.317298539513
1047,0.196789513086
1048,0.200119196325
1049,0.555965455044
1050,0.304948088258
1051,0.797962814365
1052,0.5
1053,0.170608197369
1054,0.5
1055,0.913836385565
1056,0.14732123926
1057,0.742752841159
1058,0.53525195894
1059,0.720797438669
1060,0.448975488136
1061,0.5
1062,0.5
1063,0.399938630743
1064,0.5
1065,0.364898424368
1066,0.5
1067,0.374878813481
1068,0.0640012315251
1069,0.945630602596
1070,0.347502073392
1071,0.369448701585
1072,0.123028280342
1073,0.494816382281
1074,0.275051979192
1075,0.459824219441
1076,0.941476048685
1077,0.896153585491
1078,0.416067666321
1079,0.869016249881
1080,0.400935828877
1081,0.5
1082,0.222228769656
1083,0.214358930548
1084,0.0881905659229
1085,0.769040987084
1086,0.255355701113
1087,0.741130853023
1088,0.658839832154
1089,0.886361295317
1090,0.131037572023
1091,0.903831711372
1092,0.598802091531
1093,0.5
1094,0.797004034124
1095,0.849020555221
1096,0.943080350848
1097,0.0613413080823
1098,0.264380940456
1099,0.429858143858
1100,0.0765775232151
1101,0.837070547032
1102,0.924472553392
1103,0.795386330553
1104,0.427770838514
1105,0.912673479744
1106,0.90100837176
1107,0.757564562394
1108,0.562585008043
1109,0.808492281277
1110,0.811613725611
1111,0.792368063462
1112,0.69124269279
1113,0.878607849937
1114,0.142743471497
1115,0.298121241721
1116,0.937805882341
1117,0.872298057929
1118,0.549075910408
1119,0.132652097517
1120,0.806068094162
1121,0.5
1122,0.842230318512
1123,0.809512806864
1124,0.84265895929
1125,0.057289051097
1126,0.635227471855
1127,0.720090531647
1128,0.896072917165
1129,0.924315280353
1130,0.895275746028
1131,0.865920844267
1132,0.166370179725
1133,0.733709473109
1134,0.482992843434
1135,0.59814080468
1136,0.5
1137,0.885030703583
1138,0.942128464665
1139,0.181392593078
1140,0.203448423068
1141,0.132184390556
1142,0.43009306833
1143,0.617885468449
1144,0.623540940296
1145,0.0447349188744
1146,0.335084863097
1147,0.47866965355
1148,0.661925425283
1149,0.26764021573
1150,0.848281766803
1151,0.869999403249
1152,0.865968076324
1153,0.588589158871
1154,0.705244915249
1155,0.736581479044
1156,0.519343655586
1157,0.898218552587
1158,0.618910420339
1159,0.134662025274
1160,0.912489531578
1161,0.467422357829
1162,0.532872881826
1163,0.068135559447
1164,0.9293478931
1165,0.5
1166,0.90064405544
1167,0.516097395423
1168,0.5
1169,0.48435387074
1170,0.913767188211
1171,0.578526286501
1172,0.89534616026
1173,0.676179784682
1174,0.915130062589
1175,0.871817056801
1176,0.869838302112
1177,0.536247412957
1178,0.883744345524
1179,0.510307425922
1180,0.0728895440061
1181,0.92923621624
1182,0.148794713492
1183,0.525034962236
1184,0.137468473082
1185,0.339014124116
1186,0.5
1187,0.072224641315
1188,0.063570772167
1189,0.814514243731
1190,0.507233544596
1191,0.723865640532
1192,0.0453940970066
1193,0.0804828805318
1194,0.446330085334
1195,0.901985287626
1196,0.278455389285
1197,0.907310119785
1198,0.904363097191
1199,0.465861817078
1200,0.556521477341
1201,0.120746318747
1202,0.921010154125
1203,0.253253049355
1204,0.884073981899
1205,0.854104910967
1206,0.628513582553
1207,0.419525748872
1208,0.883182909172
1209,0.930872059413
1210,0.485073292482
1211,0.852579429162
1212,0.644615411188
1213,0.0547782827424
1214,0.0685852053648
1215,0.578676345707
1216,0.29792860815
1217,0.944839429531
1218,0.887318978951
1219,0.893676659911
1220,0.601084643605
1221,0.803979647011
1222,0.112881101745
1223,0.920917973976
1224,0.735576628914
1225,0.923133015508
1226,0.920476959076
1227,0.630955315703
1228,0.10661884591
1229,0.488575929135
1230,0.744173783047
1231,0.926883834302
1232,0.112630668279
1233,0.0958369700876
1234,0.863591769866
1235,0.642731163655
1236,0.941279870076
1237,0.89856425719
1238,0.862797846444
1239,0.441563747
1240,0.60108665658
1241,0.731106924565
1242,0.408290859591
1243,0.703427774974
1244,0.694583875297
1245,0.24536322731
1246,0.856724345164
1247,0.357551248356
1248,0.926191815166
1249,0.515337919521
1250,0.149291217597
1251,0.516332091175
1252,0.358915619173
1253,0.669385039931
1254,0.911291405724
1255,0.0737070077571
1256,0.889420669509
1257,0.196591563006
1258,0.5
1259,0.894095397483
1260,0.774099696244
1261,0.734251411134
1262,0.65490958853
1263,0.492047314542
1264,0.926995057706
1265,0.891004274634
1266,0.670620125586
1267,0.746302933792
1268,0.882510143853
1269,0.5
1270,0.794792139225
1271,0.671843854695
1272,0.877399136613
1273,0.431508857824
1274,0.888329305993
1275,0.272346801556
1276,0.5
1277,0.294969559239
1278,0.640857585933
1279,0.164661104152
1280,0.631443857221
1281,0.90196072243
1282,0.950502319397
1283,0.459711903663
1284,0.529297782675
1285,0.429713003219
1286,0.0914680088202
1287,0.520768637301
1288,0.0962896383402
1289,0.5
1290,0.200748211432
1291,0.8768617877
1292,0.410684879989
1293,0.351715262752
1294,0.800582975937
1295,0.0449758527327
1296,0.423936666161
1297,0.481198789756
1298,0.912013204497
1299,0.366177893378
1300,0.1316875844
1301,0.515582581142
1302,0.850899980259
1303,0.382172510894
1304,0.301962714651
1305,0.4678678782
1306,0.515333370063
1307,0.515864385394
1308,0.898340451735
1309,0.104603275199
1310,0.401562885526
1311,0.195379906001
1312,0.817426976326
1313,0.92521084223
1314,0.611501378629
1315,0.510718384909
1316,0.175420269228
1317,0.865248460963
1318,0.875555470251
1319,0.512620317545
1320,0.0431060898862
1321,0.594419323921
1322,0.848943544057
1323,0.670590089743
1324,0.194196909289
1325,0.599079029743
1326,0.888162740665
1327,0.955264528714
1328,0.5
1329,0.481067143055
1330,0.900749055939
1331,0.883087504713
1332,0.271868230811
1333,0.8989829194
1334,0.0949134662582
1335,0.94254395178
1336,0.251277701947
1337,0.762518385622
1338,0.110026987266
1339,0.934499712718
1340,0.515089186599
1341,0.488253315742
1342,0.31692550804
1343,0.634003004771
1344,0.892674290905
1345,0.77701771937
1346,0.890421578881
1347,0.510300908848
1348,0.102341553429
1349,0.677882924596
1350,0.449010951277
1351,0.866593872423
1352,0.93246470408
1353,0.515308309886
1354,0.707296379763
1355,0.968998924229
1356,0.875790123751
1357,0.0209446923193
1358,0.908365765408
1359,0.151716780403
1360,0.0762511100502
1361,0.737376614857
1362,0.205447074518
1363,0.662678143356
1364,0.631657303655
1365,0.231449389197
1366,0.135956099498
1367,0.449514863186
1368,0.300918139701
1369,0.862982305095
1370,0.316375488652
1371,0.847184243445
1372,0.576917241781
1373,0.113277778434
1374,0.522377391026
1375,0.464355324348
1376,0.393340990019
1377,0.181542478632
1378,0.92481925503
1379,0.644170545285
1380,0.922132361313
1381,0.67618758844
1382,0.196399777566
1383,0.515347766126
1384,0.854194723374
1385,0.244013289523
1386,0.11369037982
1387,0.547348188458
1388,0.882175291153
1389,0.515350337337
1390,0.403893803773
1391,0.878354125472
1392,0.645283372952
1393,0.0760844073221
1394,0.251964004249
1395,0.182720305761
1396,0.519675337277
1397,0.862437303664
1398,0.229223365687
1399,0.599166256257
1400,0.815009137527
1401,0.654955147925
1402,0.899798718809
1403,0.289034702423
1404,0.111687268901
1405,0.337818502876
1406,0.650345337796
1407,0.813074885146
1408,0.515350337337
1409,0.512613565394
1410,0.932455534315
1411,0.292349392432
1412,0.156775978701
1413,0.884014812546
1414,0.118582259522
1415,0.852899444854
1416,0.515349268435
1417,0.0899104530105
1418,0.790038011433
1419,0.517090813858
1420,0.786742468954
1421,0.882019366428
1422,0.48084921783
1423,0.515252522792
1424,0.515355931367
1425,0.104970221019
1426,0.698888509167
1427,0.606885937748
1428,0.457480820096
1429,0.728004083392
1430,0.329165980765
1431,0.206460435752
1432,0.423714135388
1433,0.828349980206
1434,0.53649031815
1435,0.88818781641
1436,0.915993438335
1437,0.566804482537
1438,0.896576488818
1439,0.51044574854
1440,0.908296690871
1441,0.866201461411
1442,0.25094009403
1443,0.24230373704
1444,0.652274143404
1445,0.524704536699
1446,0.877116009639
1447,0.215359028006
1448,0.404644994992
1449,0.0851457250339
1450,0.106576939701
1451,0.595082830203
1452,0.515379172643
1453,0.159494079896
1454,0.593579486596
1455,0.93799169869
1456,0.516048700177
1457,0.0516312032459
1458,0.5
1459,0.882825458616
1460,0.627942980121
1461,0.610437287298
1462,0.468602280871
1463,0.812000814064
1464,0.0939133742362
1465,0.898655057023
1466,0.314023709178
1467,0.0802480099024
1468,0.857599320485
1469,0.272399895302
1470,0.909445824011
1471,0.894870543044
1472,0.796862289551
1473,0.863206116179
1474,0.563305580131
1475,0.872326150077
1476,0.104884507679
1477,0.513416543587
1478,0.887575653055
1479,0.161707857738
1480,0.57103669832
1481,0.0968048982032
1482,0.5
1483,0.682005267574
1484,0.683512733875
1485,0.515358961883
1486,0.836993751471
1487,0.573165637655
1488,0.915641299405
1489,0.138411963116
1490,0.667557612601
1491,0.509876968716
1492,0.383815493899
1493,0.886806577854
1494,0.0421859631522
1495,0.5
1496,0.729111607558
1497,0.817942042253
1498,0.917609565444
1499,0.665429958724
1500,0.862520883019
1501,0.515350279726
1502,0.0979376823878
1503,0.904021387862
1504,0.528647990503
1505,0.524826779289
1506,0.675224261884
1507,0.358832500754
1508,0.141137040323
1509,0.676376528075
1510,0.797490361746
1511,0.338796993385
1512,0.0217901714814
1513,0.311808945451
1514,0.119110663107
1515,0.515341815257
1516,0.436011774092
1517,0.16953981215
1518,0.172089479847
1519,0.0869907190172
1520,0.530124285391
1521,0.139472281985
1522,0.519596002404
1523,0.301419349727
1524,0.787515878937
1525,0.167814757583
1526,0.860399758192
1527,0.689263184562
1528,0.880691187384
1529,0.0600782921129
1530,0.373868784419
1531,0.350642114696
1532,0.734145408721
1533,0.51244178104
1534,0.952408447235
1535,0.917376696353
1536,0.8371313848
1537,0.205889434698
1538,0.539266566346
1539,0.605060946344
1540,0.166575513412
1541,0.515350337226
1542,0.905659718393
1543,0.487540275806
1544,0.939138218407
1545,0.282425595279
1546,0.0321624502524
1547,0.514938301925
1548,0.189369626384
1549,0.81817844826
1550,0.550741699899
1551,0.777056060569
1552,0.42049594716
1553,0.26101982
1554,0.699898943843
1555,0.515350322928
1556,0.652429761782
1557,0.874765462857
1558,0.394211791103
1559,0.296685409168
1560,0.881545655532
1561,0.51999980847
1562,0.214979803612
1563,0.595187666072
1564,0.516380185916
1565,0.571318692452
1566,0.856098067819
1567,0.375336678099
1568,0.889215006321
1569,0.933968558062
1570,0.313390592525
1571,0.76015596497
1572,0.172429207643
1573,0.912283423725
1574,0.574000372539
1575,0.672495963513
1576,0.863229786422
1577,0.31880267723
1578,0.383905644356
1579,0.743799219145
1580,0.180537780017
1581,0.557276540451
1582,0.917671348707
1583,0.515350337327
1584,0.838545837831
1585,0.903298255634
1586,0.860606155466
1587,0.652438185562
1588,0.368614941668
1589,0.947868696194
1590,0.806616844545
1591,0.783829953939
1592,0.515330670673
1593,0.558258069189
1594,0.754374627898
1595,0.88492850496
1596,0.559153861468
1597,0.178960957644
1598,0.515349908712
1599,0.789949115695
1600,0.740274192998
1601,0.424959494073
1602,0.462844479688
1603,0.141037000999
1604,0.556768907156
1605,0.816279429663
1606,0.626086655415
1607,0.159601524262
1608,0.244924466199
1609,0.372265737867
1610,0.181056329745
1611,0.0747246688382
1612,0.792150909087
1613,0.838982598317
1614,0.0713568849355
1615,0.827209225362
1616,0.196327867071
1617,0.0885527987508
1618,0.541126073364
1619,0.808449939694
1620,0.845962398319
1621,0.910973802369
1622,0.484744815163
1623,0.468352661379
1624,0.845529919985
1625,0.722038244536
1626,0.915586859063
1627,0.0432117085132
1628,0.886844204968
1629,0.523759288238
1630,0.909690806785
1631,0.129420695501
1632,0.763863112284
1633,0.86757187789
1634,0.534006128486
1635,0.466314094547
1636,0.672213850656
1637,0.516018216176
1638,0.0328602643159
1639,0.411094001807
1640,0.89059146118
1641,0.0939351181636
1642,0.834501872663
1643,0.190163118285
1644,0.907216014075
1645,0.513105185593
1646,0.775529878236
1647,0.515491177001
1648,0.640990539204
1649,0.515340431396
1650,0.664151474712
1651,0.929679953065
1652,0.32171098287
1653,0.938644580791
1654,0.320997662625
1655,0.934614889338
1656,0.493943135468
1657,0.5
1658,0.11456523522
1659,0.65554941084
1660,0.30640908806
1661,0.0597451689654
1662,0.207130680953
1663,0.409890736044
1664,0.367959453014
1665,0.853881831953
1666,0.290273976739
1667,0.515458656054
1668,0.697846229653
1669,0.862795000785
1670,0.463980131129
1671,0.828174683501
1672,0.19252534756
1673,0.593139829586
1674,0.891051537821
1675,0.130708785173
1676,0.219877448034
1677,0.912335087536
1678,0.54696776969
1679,0.713716033618
1680,0.758497318871
1681,0.855337404812
1682,0.937490119422
1683,0.729539384882
1684,0.756073808663
1685,0.107236439615
1686,0.832307269379
1687,0.0386101115346
1688,0.522158485176
1689,0.123218205942
1690,0.865645203744
1691,0.201353980703
1692,0.859485016394
1693,0.728838988407
1694,0.890266379607
1695,0.655158888015
1696,0.145181964024
1697,0.162850825654
1698,0.351582444966
1699,0.122171485275
1700,0.11321703913
1701,0.631342220531
1702,0.515350294388
1703,0.505629756614
1704,0.515153637492
1705,0.16278769009
1706,0.897320200972
1707,0.452653050244
1708,0.80960459154
1709,0.180531148065
1710,0.130418121088
1711,0.944573254884
1712,0.238819082026
1713,0.571887171221
1714,0.191023142736
1715,0.49410741672
1716,0.57657183448
1717,0.890403755047
1718,0.282202459131
1719,0.175594437648
1720,0.0817924604591
1721,0.351522745696
1722,0.869895316188
1723,0.5
1724,0.053188923626
1725,0.337855997595
1726,0.391168185817
1727,0.902246115271
1728,0.707842975711
1729,0.110349190797
1730,0.852417722014
1731,0.115249385457
1732,0.647817286699
1733,0.127694866559
1734,0.574383342014
1735,0.576934194105
1736,0.910677374209
1737,0.87814957268
1738,0.844882994532
1739,0.851201716531
1740,0.47735839068
1741,0.948455056872
1742,0.799987582211
1743,0.515350337378
1744,0.129643717384
1745,0.524395911385
1746,0.0740222859233
1747,0.787555515563
1748,0.579286362923
1749,0.5
1750,0.511410766331
1751,0.125832230506
1752,0.870036021064
1753,0.358898362813
1754,0.88719494577
1755,0.786126857848
1756,0.21121789356
1757,0.332767941567
1758,0.515347809005
1759,0.934079325133
1760,0.157148699003
1761,0.866257566808
1762,0.886990568707
1763,0.709852640845
1764,0.708572150426
1765,0.470881744875
1766,0.681873225896
1767,0.906199630743
1768,0.162561367863
1769,0.801130447651
1770,0.0974472446323
1771,0.47972687932
1772,0.648840136128
1773,0.505182065366
1774,0.846107940471
1775,0.8305999603
1776,0.901631463019
1777,0.268646194505
1778,0.674944573178
1779,0.711342706256
1780,0.51547776231
1781,0.513904324936
1782,0.371005700359
1783,0.456685832044
1784,0.902873076487
1785,0.516596592512
1786,0.423508974162
1787,0.9206528189
1788,0.93145815935
1789,0.926319808186
1790,0.792931597455
1791,0.141548540584
1792,0.5
1793,0.899142078866
1794,0.410919381179
1795,0.795725689338
1796,0.274778763297
1797,0.53467612018
1798,0.0417207426629
1799,0.879504287166
1800,0.531233164198
1801,0.761248493773
1802,0.513394172761
1803,0.0437502841414
1804,0.725211560651
1805,0.368471919008
1806,0.849924521293
1807,0.875204811471
1808,0.253804834268
1809,0.526562978036
1810,0.257468003353
1811,0.330084791356
1812,0.515349868381
1813,0.897449616307
1814,0.0991299111647
1815,0.732982274241
1816,0.408884647866
1817,0.750833810787
1818,0.872818290168
1819,0.227477749257
1820,0.784442043748
1821,0.88062129949
1822,0.515588180515
1823,0.515341631113
1824,0.943013074147
1825,0.128834187167
1826,0.081704089497
1827,0.0542759865164
1828,0.233740735264
1829,0.0977979091933
1830,0.407288623003
1831,0.692765412084
1832,0.0663642445104
1833,0.909347189801
1834,0.317743742642
1835,0.894081783414
1836,0.638929410141
1837,0.182913515967
1838,0.414849668602
1839,0.913899525686
1840,0.515350337469
1841,0.0956522003181
1842,0.642138630687
1843,0.0482469549141
1844,0.682265660019
1845,0.939097726598
1846,0.696662717536
1847,0.895332498609
1848,0.945729321956
1849,0.107294895794
1850,0.903406895209
1851,0.16779129897
1852,0.529244033826
1853,0.513425382676
1854,0.168702133965
1855,0.587744568234
1856,0.548437571613
1857,0.198210397469
1858,0.794576715145
1859,0.0480100449891
1860,0.0699228611317
1861,0.372382563603
1862,0.179509904686
1863,0.0637434815068
1864,0.178699270769
1865,0.811686085601
1866,0.133795847904
1867,0.74850021516
1868,0.523008724855
1869,0.253799959486
1870,0.0630733368108
1871,0.728719958252
1872,0.0611635348621
1873,0.224426991449
1874,0.169538316779
1875,0.802155902857
1876,0.514871479632
1877,0.9089677228
1878,0.84863739056
1879,0.515351337976
1880,0.421067549247
1881,0.491503572476
1882,0.928107217854
1883,0.14278003045
1884,0.931956157659
1885,0.874400253403
1886,0.0910461510098
1887,0.177177175353
1888,0.102440023354
1889,0.805842002099
1890,0.51532023828
1891,0.692340141355
1892,0.5
1893,0.452026546053
1894,0.723898461257
1895,0.148538374681
1896,0.726987869566
1897,0.873791982973
1898,0.840889776421
1899,0.0688171198456
1900,0.297202283382
1901,0.893383962177
1902,0.475172995403
1903,0.889720579913
1904,0.522332790417
1905,0.529847330316
1906,0.114533414024
1907,0.845690525739
1908,0.904118008279
1909,0.532238769825
1910,0.162011896294
1911,0.881002472947
1912,0.515350337337
1913,0.277620490005
1914,0.536738800345
1915,0.122331459402
1916,0.554144067832
1917,0.298818871052
1918,0.448244182572
1919,0.156332974365
1920,0.515350337337
1921,0.0930791116528
1922,0.885712312906
1923,0.515327902288
1924,0.420160111892
1925,0.92181926139
1926,0.124962867941
1927,0.513478736868
1928,0.0652408180617
1929,0.16125307715
1930,0.893016584379
1931,0.0593383701352
1932,0.45987773149
1933,0.0330617307079
1934,0.0891465165819
1935,0.0498151568994
1936,0.924401733518
1937,0.0556048703662
1938,0.515352872923
1939,0.490698693911
1940,0.180180614103
1941,0.114462642795
1942,0.902558186658
1943,0.137859552836
1944,0.876398965655
1945,0.828119276672
1946,0.156979077567
1947,0.106435152495
1948,0.107616613271
1949,0.388554660984
1950,0.87579576631
1951,0.401218586511
1952,0.135404204348
1953,0.609894921387
1954,0.448876837881
1955,0.23888863445
1956,0.905795978605
1957,0.76722864505
1958,0.792875209473
1959,0.521326883807
1960,0.0731256220106
1961,0.264690592519
1962,0.520196563351
1963,0.83091661324
1964,0.532777613992
1965,0.785251716226
1966,0.515697857756
1967,0.518461424605
1968,0.573407307749
1969,0.42230710431
1970,0.144569265657
1971,0.918821596376
1972,0.727098874077
1973,0.915629085674
1974,0.938333809523
1975,0.118432080242
1976,0.879230823801
1977,0.562291238322
1978,0.877884424535
1979,0.8140895148
1980,0.269557073252
1981,0.923265275969
1982,0.585938497341
1983,0.910218275977
1984,0.835029151782
1985,0.510276857356
1986,0.88922301332
1987,0.857922805586
1988,0.798241050299
1989,0.761679848886
1990,0.853047121287
1991,0.419317453959
1992,0.358437318855
1993,0.822018447433
1994,0.881569560552
1995,0.651729329981
1996,0.387141285112
1997,0.901440020966
1998,0.73071289903
1999,0.61473964992
2000,0.913623603864
2001,0.089828844625
2002,0.752238386469
2003,0.693438644484
2004,0.546537070914
2005,0.258430705103
2006,0.0761078974437
2007,0.515308566156
2008,0.57235812219
2009,0.29137988541
2010,0.0938803981393
2011,0.516089213336
2012,0.608009556006
2013,0.955862256131
2014,0.710010942239
2015,0.817505560726
2016,0.805357418794
2017,0.871042913351
2018,0.607605409193
2019,0.515278249209
2020,0.939667964951
2021,0.514327018629
2022,0.521790866038
2023,0.40959573849
2024,0.373932320962
2025,0.515350320763
2026,0.9322080185
2027,0.51534543391
2028,0.837283043869
2029,0.515346604538
2030,0.347180955002
2031,0.527176055287
2032,0.918340151894
2033,0.618062914812
2034,0.0357537533476
2035,0.870082293609
2036,0.515353698585
2037,0.315567015993
2038,0.647763140013
2039,0.680789591679
2040,0.0604167813526
2041,0.895067887462
2042,0.901853977221
2043,0.29605491156
2044,0.865651972406
2045,0.910494318692
2046,0.807568773904
2047,0.656991675696
2048,0.948070986656
2049,0.610406597398
2050,0.922451886446
2051,0.920292131993
2052,0.898799988272
2053,0.545568391139
2054,0.789528310079
2055,0.0178662429938
2056,0.93586525448
2057,0.778485541816
2058,0.935858736666
2059,0.515350337337
2060,0.0607450394782
2061,0.423376335724
2062,0.0829461722288
2063,0.107256242135
2064,0.515350337346
2065,0.0264989288074
2066,0.0546099415818
2067,0.25879808883
2068,0.0968696660925
2069,0.471709799297
2070,0.967062957491
2071,0.24578014442
2072,0.0574777749599
2073,0.191105225306
2074,0.515897848089
2075,0.888280668333
2076,0.623322558717
2077,0.937027045107
2078,0.515350337337
2079,0.515350337337
2080,0.17209021338
2081,0.33048659493
2082,0.728893258307
2083,0.652108295765
2084,0.515225938677
2085,0.404699765607
2086,0.450233031194
2087,0.85833753973
2088,0.841184460872
2089,0.507750407851
2090,0.735247296731
2091,0.276989664673
2092,0.520794748019
2093,0.638261300716
2094,0.874001180162
2095,0.857326083222
2096,0.219414390908
2097,0.336137363526
2098,0.0741550679373
2099,0.860798577815
2100,0.134313686234
2101,0.515598677985
2102,0.920866833674
2103,0.170888192155
2104,0.902408042436
2105,0.541051729922
2106,0.515350337336
2107,0.688971086961
2108,0.876075433151
2109,0.48559775082
2110,0.482654549941
2111,0.564286022615
2112,0.86825566943
2113,0.0631986687198
2114,0.434367716965
2115,0.364873500214
2116,0.743218693074
2117,0.186493672377
2118,0.53548590932
2119,0.380487980802
2120,0.515347497331
2121,0.671812898283
2122,0.253197924459
2123,0.628898588245
2124,0.515350352255
2125,0.515350337337
2126,0.854975286249
2127,0.477183186293
2128,0.87462165092
2129,0.0365753669326
2130,0.921311374211
2131,0.951753681695
2132,0.516395871806
2133,0.557851217493
2134,0.0758012836545
2135,0.181577565389
2136,0.474093218062
2137,0.180510171134
2138,0.855680414397
2139,0.113760928995
2140,0.94542920638
2141,0.565441975077
2142,0.791983651557
2143,0.473759477265
2144,0.647288603503
2145,0.417239442061
2146,0.514320318382
2147,0.338035466208
2148,0.713548251708
2149,0.529198906246
2150,0.883872844999
2151,0.447300801661
2152,0.515349899628
2153,0.0594512720698
2154,0.609415378818
2155,0.670427760007
2156,0.0434515800698
2157,0.130230786235
2158,0.369216786015
2159,0.111042323925
2160,0.604718665464
2161,0.910322036212
2162,0.17192008885
2163,0.90936442719
2164,0.524362803895
2165,0.089555314542
2166,0.512199767424
2167,0.81407170377
2168,0.477585024418
2169,0.139334773442
2170,0.686649823448
2171,0.955379935921
2172,0.5
2173,0.424685879402
2174,0.448664019165
2175,0.509304170757
2176,0.781873796486
2177,0.894133744738
2178,0.54215224259
2179,0.871678205101
2180,0.211731219386
2181,0.602498947225
2182,0.813900804983
2183,0.375787378211
2184,0.874917711642
2185,0.867626688821
2186,0.681793459178
2187,0.876052467863
2188,0.084044288816
2189,0.904452933337
2190,0.71184015167
2191,0.117562644851
2192,0.412742450753
2193,0.102293370425
2194,0.409350304339
2195,0.125032939831
2196,0.155799338654
2197,0.240416962415
2198,0.599403122153
2199,0.5
2200,0.537373447584
2201,0.53741422901
2202,0.109764662258
2203,0.515350337337
2204,0.0703001682186
2205,0.91881062357
2206,0.888722890432
2207,0.470833199631
2208,0.0114931991125
2209,0.793007403806
2210,0.643480535878
2211,0.812772526386
2212,0.14214914409
2213,0.334122850862
2214,0.55247617742
2215,0.111381795047
2216,0.892173453499
2217,0.515573387394
2218,0.663806853196
2219,0.869013683007
2220,0.515350337337
2221,0.912728234689
2222,0.515350418261
2223,0.888986192669
2224,0.212231518547
2225,0.644508824109
2226,0.550700001096
2227,0.0562971361567
2228,0.52443519446
2229,0.646354163225
2230,0.515350337338
2231,0.369097915372
2232,0.579876445119
2233,0.803931085222
2234,0.899658850638
2235,0.490814319003
2236,0.284664296112
2237,0.42956913589
2238,0.222982805935
2239,0.34305819107
2240,0.530282193149
2241,0.853641602503
2242,0.916801964852
2243,0.145480881163
2244,0.840827694354
2245,0.943350011334
2246,0.627603715136
2247,0.515350337459
2248,0.643704431966
2249,0.100253297709
2250,0.0908643689266
2251,0.8661894033
2252,0.666427890797
2253,0.869896841406
2254,0.74888764807
2255,0.0785551760902
2256,0.422084767039
2257,0.838281780622
2258,0.527322593742
2259,0.603177720639
2260,0.73442901228
2261,0.906435191569
2262,0.026279326091
2263,0.515025064426
2264,0.56384723397
2265,0.559215054691
2266,0.551435010693
2267,0.809554338383
2268,0.0786141198853
2269,0.599267440814
2270,0.425560346082
2271,0.414116273154
2272,0.515552536131
2273,0.85539627633
2274,0.954289280593
2275,0.393341971369
2276,0.389790739118
2277,0.767904591555
2278,0.244654876119
2279,0.0421267511931
2280,0.900077898942
2281,0.515350337337
2282,0.333602401091
2283,0.922695260144
2284,0.282464631823
2285,0.249478020349
2286,0.364335382187
2287,0.649314161579
2288,0.970287473017
2289,0.930870534728
2290,0.901537682936
2291,0.427699825737
2292,0.941692199161
2293,0.0421411078498
2294,0.490420908526
2295,0.885385201628
2296,0.70016942059
2297,0.918159365407
2298,0.583227424027
2299,0.945054597046
2300,0.252516611024
2301,0.376778439681
2302,0.927942012321
2303,0.888206863835
2304,0.886273001067
2305,0.759559158708
2306,0.420944706262
2307,0.710568456737
2308,0.75947835963
2309,0.181166589962
2310,0.71511564988
2311,0.90574050556
2312,0.557667542399
2313,0.874918003626
2314,0.169888484949
2315,0.123836814621
2316,0.509929195123
2317,0.640753308507
2318,0.886697824629
2319,0.929157265911
2320,0.832534220193
2321,0.670338304479
2322,0.658041266746
2323,0.565721119283
2324,0.515212939839
2325,0.513929263021
2326,0.0818097742081
2327,0.51515855518
2328,0.901638425189
2329,0.879600382189
2330,0.879795343542
2331,0.8833237162
2332,0.13202402321
2333,0.661047197866
2334,0.156785241962
2335,0.536390770078
2336,0.524606398058
2337,0.514144379116
2338,0.535962043382
2339,0.851617538314
2340,0.897294730609
2341,0.211178520061
2342,0.799946100681
2343,0.520270858894
2344,0.850277126451
2345,0.930589765831
2346,0.513691839974
2347,0.187131968084
2348,0.0838042218022
2349,0.282411480769
2350,0.901928795976
2351,0.516514770563
2352,0.0851794379354
2353,0.138122138412
2354,0.901729732137
2355,0.104688492726
2356,0.0111277750843
2357,0.915940263654
2358,0.809505642769
2359,0.0761463675324
2360,0.5
2361,0.274964511305
2362,0.117714512686
2363,0.510751115916
2364,0.0860903730756
2365,0.310094767886
2366,0.881915986084
2367,0.662843403485
2368,0.180443648238
2369,0.181242287371
2370,0.0752806908864
2371,0.888683418114
2372,0.582806599324
2373,0.819946878598
2374,0.717890253303
2375,0.535288341442
2376,0.570114090103
2377,0.899328427258
2378,0.661024536019
2379,0.911181030909
2380,0.817716695051
2381,0.926419613847
2382,0.0506895046715
2383,0.874466588632
2384,0.139479848934
2385,0.122374834241
2386,0.90544631431
2387,0.106245530947
2388,0.706122018284
2389,0.853982157837
2390,0.340914599436
2391,0.791424195952
2392,0.0260999116567
2393,0.755803565578
2394,0.924822984986
2395,0.286605622513
2396,0.219666510922
2397,0.671003469802
2398,0.515350337337
2399,0.57946320011
2400,0.622349434544
2401,0.887505246342
2402,0.870226786384
2403,0.383300849917
2404,0.279397208982
2405,0.941852751024
2406,0.455714018491
2407,0.229859935537
2408,0.873460165074
2409,0.131720957681
2410,0.444701257623
2411,0.515350227712
2412,0.915456475265
2413,0.642153674476
2414,0.0793784888191
2415,0.510711911719
2416,0.917797267596
2417,0.626353330946
2418,0.740266476541
2419,0.481773167819
2420,0.557857683356
2421,0.300690849112
2422,0.852602760512
2423,0.0821291100503
2424,0.873114959644
2425,0.84533668192
2426,0.531736535724
2427,0.118443294319
2428,0.513212635105
2429,0.793547531559
2430,0.45308620008
2431,0.139140456502
2432,0.510088086362
2433,0.40352871547
2434,0.902159722352
2435,0.860807987429
2436,0.901141703706
2437,0.414944883252
2438,0.697424032379
2439,0.103197720614
2440,0.515350337337
2441,0.025811141514
2442,0.935719833095
2443,0.154203301144
2444,0.513260759948
2445,0.878671229949
2446,0.471172344613
2447,0.683324073357
2448,0.469733569593
2449,0.563970507577
2450,0.844015251373
2451,0.637479240406
2452,0.259953306966
2453,0.0818966167966
2454,0.706813308352
2455,0.272660627133
2456,0.512013649008
2457,0.852429452613
2458,0.333424573046
2459,0.917211524582
2460,0.930710880356
2461,0.539431811198
2462,0.296195591671
2463,0.848463563188
2464,0.534255160019
2465,0.515355190535
2466,0.677078134352
2467,0.0489031528144
2468,0.486725042674
2469,0.311925282147
2470,0.0726381400247
2471,0.884389326292
2472,0.776963200023
2473,0.917301674727
2474,0.0697047792345
2475,0.290495906449
2476,0.0890369021466
2477,0.515350337337
2478,0.525088773665
2479,0.791669820576
2480,0.0983884417752
2481,0.512871648303
2482,0.817093835611
2483,0.401536744648
2484,0.797251892792
2485,0.515336015348
2486,0.784455859648
2487,0.722051742228
2488,0.886067104962
2489,0.780200344685
2490,0.0440963570919
2491,0.749326768603
2492,0.660540008037
2493,0.365965064545
2494,0.649741125343
2495,0.0994327972337
2496,0.926535894525
2497,0.717355276117
2498,0.764155486296
2499,0.689373679366
2500,0.565108174271
2501,0.327750722095
2502,0.443910592783
2503,0.648168993117
2504,0.589738717568
2505,0.0872098536717
2506,0.777226068104
2507,0.490562486159
2508,0.529599618253
2509,0.515350337334
2510,0.842371159728
2511,0.839549557381
2512,0.756652524589
2513,0.698461584098
2514,0.249456410329
2515,0.875575467689
2516,0.915714978361
2517,0.768592405561
2518,0.910421527971
2519,0.524798882863
2520,0.888154541953
2521,0.0605417061495
2522,0.0600724096677
2523,0.712945734696
2524,0.515350332476
2525,0.154272360198
2526,0.542164219571
2527,0.926269195969
2528,0.833760693758
2529,0.867407187804
2530,0.134495682304
2531,0.629349735873
2532,0.0738870983833
2533,0.0967402643986
2534,0.897513525103
2535,0.892618961262
2536,0.638310332036
2537,0.145580090955
2538,0.12653110455
2539,0.922126994052
2540,0.295394539207
2541,0.0950577335092
2542,0.78628710071
2543,0.673314020104
2544,0.678322558271
2545,0.864250167178
2546,0.776173678303
2547,0.0987217824992
2548,0.515600132648
2549,0.802512339935
2550,0.801610534498
2551,0.612008250094
2552,0.382187074416
2553,0.606802758599
2554,0.840191717854
2555,0.820283462489
2556,0.900031907096
2557,0.152238118809
2558,0.0870002944389
2559,0.515350337312
2560,0.927867408166
2561,0.897959011264
2562,0.891977522868
2563,0.574464574759
2564,0.864990283383
2565,0.143419321465
2566,0.0901625985389
2567,0.223307864956
2568,0.168165721022
2569,0.880221775598
2570,0.338836487287
2571,0.964773984402
2572,0.903109913538
2573,0.824780753586
2574,0.142585134593
2575,0.519620618582
2576,0.527180279397
2577,0.844168194275
2578,0.190145647752
2579,0.0589091434628
2580,0.104814528596
2581,0.156450466824
2582,0.298373971593
2583,0.537616720268
2584,0.524621335326
2585,0.5
2586,0.870138312409
2587,0.0815385803653
2588,0.262965360204
2589,0.527412264859
2590,0.857670189629
2591,0.0205491403434
2592,0.398832761285
2593,0.921193791551
2594,0.575900916524
2595,0.53072380721
2596,0.0726034033642
2597,0.0205822704257
2598,0.461263280614
2599,0.436261588232
2600,0.192002951099
2601,0.527180942969
2602,0.769267909104
2603,0.888771226446
2604,0.777412825167
2605,0.273169386466
2606,0.122867463649
2607,0.56188874106
2608,0.187271826823
2609,0.0747831349969
2610,0.19142696977
2611,0.527180942975
2612,0.897839597963
2613,0.0792010436953
2614,0.596027608382
2615,0.395833771504
2616,0.546304282462
2617,0.568235901172
2618,0.51406159305
2619,0.882987005406
2620,0.693385918415
2621,0.952177821993
2622,0.306175704081
2623,0.771378386502
2624,0.867139145958
2625,0.360066359424
2626,0.183763225886
2627,0.810822844383
2628,0.58222927599
2629,0.0582479874678
2630,0.438772329702
2631,0.109584635064
2632,0.350464398671
2633,0.0348406694275
2634,0.185851672358
2635,0.893179404659
2636,0.309071176787
2637,0.349927451975
2638,0.527479763267
2639,0.527180942969
2640,0.181421075458
2641,0.0449588961223
2642,0.578132021121
2643,0.0762909113442
2644,0.241626895246
2645,0.527857158462
2646,0.53145793277
2647,0.0495909649274
2648,0.185429929141
2649,0.107037656553
2650,0.218943037326
2651,0.871898605115
2652,0.623098901422
2653,0.0635420416734
2654,0.768223587905
2655,0.592006670858
2656,0.926017854269
2657,0.132018999102
2658,0.629396437221
2659,0.962261725995
2660,0.458169252967
2661,0.210012888283
2662,0.526907569471
2663,0.903137617498
2664,0.656025628852
2665,0.767676235632
2666,0.7349908282
2667,0.527180942968
2668,0.760116007202
2669,0.844118221677
2670,0.739816168724
2671,0.0706923751728
2672,0.526844985117
2673,0.756506663337
2674,0.935516138115
2675,0.527808294011
2676,0.0785070959554
2677,0.869732206511
2678,0.21405998046
2679,0.594141366736
2680,0.142810346963
2681,0.0795794262093
2682,0.0707574124472
2683,0.108897058553
2684,0.601455382377
2685,0.616387106055
2686,0.0880638139585
2687,0.176241660798
2688,0.443795288684
2689,0.702924593804
2690,0.317893957141
2691,0.901561464542
2692,0.522148419753
2693,0.765098381785
2694,0.402105151989
2695,0.369791281879
2696,0.537226030733
2697,0.424625000105
2698,0.0485304796713
2699,0.723360345773
2700,0.128988314326
2701,0.808294280242
2702,0.886126750742
2703,0.90573597055
2704,0.0566588656196
2705,0.839514647604
2706,0.829567818198
2707,0.515777880846
2708,0.767704783254
2709,0.0673981574034
2710,0.525968854063
2711,0.122835010076
2712,0.94990939532
2713,0.239479477606
2714,0.513941450659
2715,0.459560431772
2716,0.876402918165
2717,0.902215661658
2718,0.377954593631
2719,0.320043212202
2720,0.719833791942
2721,0.527173106912
2722,0.125663936907
2723,0.438230105626
2724,0.318146771725
2725,0.335067816542
2726,0.344298004153
2727,0.872980130555
2728,0.490939589354
2729,0.527308910822
2730,0.935577580485
2731,0.579390849553
2732,0.913451883179
2733,0.89929861219
2734,0.447492805071
2735,0.363059987448
2736,0.251343154348
2737,0.2496668339
2738,0.5
2739,0.548016203149
2740,0.788723194618
2741,0.456164166546
2742,0.873207139275
2743,0.770816301902
2744,0.741480791076
2745,0.0820370877161
2746,0.566407625405
2747,0.357143429274
2748,0.879886716532
2749,0.575090114664
2750,0.838272218367
2751,0.87559586719
2752,0.656822840841
2753,0.527180938981
2754,0.819713400624
2755,0.110689076651
2756,0.895963632359
2757,0.202197942446
2758,0.575346958284
2759,0.266796351095
2760,0.483370225142
2761,0.527180944224
2762,0.416260057343
2763,0.844463051667
2764,0.505749420903
2765,0.37231967059
2766,0.846802123148
2767,0.876948067303
2768,0.529596193684
2769,0.929824892288
2770,0.190353737383
2771,0.843768695078
2772,0.522085333503
2773,0.800515756065
2774,0.5
2775,0.0593698223421
2776,0.938953423449
2777,0.0639539106882
2778,0.528416009779
2779,0.0954785711621
2780,0.505231899217
2781,0.663304463821
2782,0.865786696804
2783,0.369044629769
2784,0.0345080455224
2785,0.513518510699
2786,0.15037227784
2787,0.103020748362
2788,0.806273082812
2789,0.451922666951
2790,0.745623270288
2791,0.483433411672
2792,0.753969028119
2793,0.734328903341
2794,0.296836918025
2795,0.304385140427
2796,0.527173316161
2797,0.0942894934999
2798,0.446510686594
2799,0.873307871287
2800,0.780211502585
2801,0.681653463549
2802,0.809363095711
2803,0.653288548269
2804,0.1795310506
2805,0.070148276473
2806,0.11876272132
2807,0.528314006624
2808,0.889898458831
2809,0.198252316954
2810,0.50857443978
2811,0.234986373443
2812,0.754149977483
2813,0.317503641485
2814,0.13942736236
2815,0.620907392136
2816,0.284209060341
2817,0.796159532703
2818,0.839443009826
2819,0.915197399408
2820,0.647543057368
2821,0.328013101667
2822,0.885970883072
2823,0.192293062356
2824,0.135055668763
2825,0.0324005985993
2826,0.68685628722
2827,0.787117058872
2828,0.634568666592
2829,0.364042415051
2830,0.768940740966
2831,0.733997234382
2832,0.561248333894
2833,0.876385530325
2834,0.56420033921
2835,0.887524665152
2836,0.174833982254
2837,0.417301562946
2838,0.128115702965
2839,0.803691456484
2840,0.162296024689
2841,0.527216610544
2842,0.16049637969
2843,0.859493688159
2844,0.447608155073
2845,0.904257306357
2846,0.82195992761
2847,0.821176691356
2848,0.890128697904
2849,0.524401777951
2850,0.639519108481
2851,0.49023148987
2852,0.583985133813
2853,0.358398434642
2854,0.599069389907
2855,0.101805907608
2856,0.101366809475
2857,0.0758688733459
2858,0.875762044096
2859,0.0587332666161
2860,0.567781910778
2861,0.184568800783
2862,0.157766112483
2863,0.375622364065
2864,0.0429117098804
2865,0.0647105630754
2866,0.307567853014
2867,0.889718730639
2868,0.954044999348
2869,0.831920369861
2870,0.698694410073
2871,0.224035042378
2872,0.527180942969
2873,0.740683618373
2874,0.553044927727
2875,0.52780970824
2876,0.883871498251
2877,0.0948272868496
2878,0.603578956557
2879,0.8851206726
2880,0.201472819582
2881,0.0641134221365
2882,0.267846359722
2883,0.643618531025
2884,0.137308828838
2885,0.24027582008
2886,0.889824218103
2887,0.889487911245
2888,0.838361435497
2889,0.24207732942
2890,0.0944836528955
2891,0.5
2892,0.344046375988
2893,0.903946630459
2894,0.227166623809
2895,0.894852804044
2896,0.902825792036
2897,0.932146448869
2898,0.434313049806
2899,0.35001075266
2900,0.0876542600982
2901,0.650628922928
2902,0.93839949617
2903,0.943275579588
2904,0.52718093088
2905,0.321368133106
2906,0.895355061228
2907,0.605764460698
2908,0.88932304652
2909,0.0415223833269
2910,0.218824559211
2911,0.117388452344
2912,0.208171146253
2913,0.570945119299
2914,0.684451033539
2915,0.436384773502
2916,0.1950227538
2917,0.909168316505
2918,0.113555768129
2919,0.0589539850104
2920,0.755058119579
2921,0.246081419783
2922,0.52719037793
2923,0.616986462393
2924,0.0940694899346
2925,0.527180942969
2926,0.242393061842
2927,0.783344529688
2928,0.138998452152
2929,0.174313296023
2930,0.884804746151
2931,0.431486553459
2932,0.566087783454
2933,0.310817539848
2934,0.52661449503
2935,0.786749826956
2936,0.8804525753
2937,0.198053008395
2938,0.950463137463
2939,0.26069161646
2940,0.846284808089
2941,0.540342050499
2942,0.527180942969
2943,0.0904237485346
2944,0.358040354567
2945,0.204999942254
2946,0.527194845262
2947,0.0574249228168
2948,0.732507039186
2949,0.34622661309
2950,0.521433751923
2951,0.486397404916
2952,0.70055637168
2953,0.237408232659
2954,0.513054684891
2955,0.721035604423
2956,0.880920456501
2957,0.468118595108
2958,0.296587029534
2959,0.784350227295
2960,0.302090650252
2961,0.667932631529
2962,0.444564828468
2963,0.526343521074
2964,0.420902321757
2965,0.827107175097
2966,0.527170859981
2967,0.778981641286
2968,0.540290225482
2969,0.536683843645
2970,0.854452220838
2971,0.547201557873
2972,0.690723948991
2973,0.781319098945
2974,0.129317211386
2975,0.935372122296
2976,0.5
2977,0.64955212509
2978,0.527607485997
2979,0.79426050108
2980,0.278925968814
2981,0.508026398121
2982,0.376981134716
2983,0.768589780984
2984,0.0695473902141
2985,0.0746541507897
2986,0.875524545196
2987,0.212732926946
2988,0.101152433996
2989,0.0840761897461
2990,0.112947957621
2991,0.955145516374
2992,0.391829517755
2993,0.221507661963
2994,0.877241303481
2995,0.0486333260157
2996,0.561993668328
2997,0.744295494808
2998,0.390305044057
2999,0.818237594968
3000,0.193847563775
3001,0.123167339128
3002,0.542708850848
3003,0.788678047493
3004,0.526470442515
3005,0.845140295215
3006,0.713799107889
3007,0.602451379829
3008,0.184903893585
3009,0.591680878389
3010,0.527351695294
3011,0.907874588942
3012,0.756045963205
3013,0.879095746789
3014,0.220536068607
3015,0.843285553257
3016,0.24153882098
3017,0.155051336901
3018,0.281344941453
3019,0.0310682759322
3020,0.796863351993
3021,0.215873537625
3022,0.764649214407
3023,0.891013451254
3024,0.758994143157
3025,0.891273634261
3026,0.858968867541
3027,0.852122650534
3028,0.484783862556
3029,0.0937063223333
3030,0.926391343133
3031,0.847199870022
3032,0.527762362833
3033,0.527180943063
3034,0.891101742293
3035,0.0844135473736
3036,0.110034984112
3037,0.0648616284507
3038,0.161457769486
3039,0.739605834244
3040,0.757474117377
3041,0.804785562705
3042,0.535774504126
3043,0.60710919148
3044,0.860954731297
3045,0.33439188276
3046,0.461921829962
3047,0.0762580833031
3048,0.285592369592
3049,0.124534050753
3050,0.605779244066
3051,0.924882348099
3052,0.890496930264
3053,0.60549864512
3054,0.491700967732
3055,0.10978470347
3056,0.536970315079
3057,0.188628561636
3058,0.0968555843301
3059,0.468893935023
3060,0.525299369621
3061,0.197149105239
3062,0.19698162429
3063,0.459907112903
3064,0.527095887583
3065,0.730871447837
3066,0.527180942978
3067,0.529696356552
3068,0.531874815911
3069,0.164276193906
3070,0.536888885896
3071,0.528313513526
3072,0.894518843
3073,0.617274231499
3074,0.420926760475
3075,0.776849933478
3076,0.071518244714
3077,0.0598289711498
3078,0.747975640929
3079,0.911786218
3080,0.113956282351
3081,0.761048153571
3082,0.88884991801
3083,0.178171316056
3084,0.562566490782
3085,0.822954828268
3086,0.490746342731
3087,0.116283860798
3088,0.292010580707
3089,0.874987527757
3090,0.810882878368
3091,0.444890346851
3092,0.645042443615
3093,0.553737774423
3094,0.901189521554
3095,0.840124548344
3096,0.850758130184
3097,0.440728489781
3098,0.895254932931
3099,0.215304941515
3100,0.527180942969
3101,0.639708018017
3102,0.873414360053
3103,0.723565198813
3104,0.569878918166
3105,0.529509569458
3106,0.335559443344
3107,0.0741165424153
3108,0.532351963333
3109,0.527180926604
3110,0.859554126615
3111,0.890636325741
3112,0.796806878935
3113,0.0417897003771
3114,0.260508858661
3115,0.466667638135
3116,0.258408990259
3117,0.482453891512
3118,0.608536475464
3119,0.697531961483
3120,0.871412350764
3121,0.109605528638
3122,0.405577404988
3123,0.825456940625
3124,0.723478078425
3125,0.387198683836
3126,0.534456732223
3127,0.907754744999
3128,0.58192855791
3129,0.581671434321
3130,0.956372924463
3131,0.39344496113
3132,0.924107084324
3133,0.270091582714
3134,0.526419891254
3135,0.126959399384
3136,0.390387575449
3137,0.911660974528
3138,0.170247196046
3139,0.0804856212233
3140,0.211496251577
3141,0.907254525956
3142,0.83717346779
3143,0.825767365948
3144,0.169816127735
3145,0.548721626733
3146,0.894080503613
3147,0.0257072001877
3148,0.277429930368
3149,0.597138343464
3150,0.869919930103
3151,0.691185034796
3152,0.253518170976
3153,0.906049498001
3154,0.29166352784
3155,0.527180942969
3156,0.91560180133
3157,0.936687191642
3158,0.237168884519
3159,0.17855066518
3160,0.0697279055056
3161,0.722909789017
3162,0.401715026555
3163,0.375236633574
3164,0.379185768216
3165,0.207125259012
3166,0.0848402618131
3167,0.776149038248
3168,0.861476029704
3169,0.955317480658
3170,0.653657247344
3171,0.882775564442
3172,0.915791813871
3173,0.204465200289
3174,0.224342649129
3175,0.258879019225
3176,0.844605901886
3177,0.137996573601
3178,0.0835269709376
3179,0.846517057319
3180,0.535378682558
3181,0.673403345134
3182,0.563804692558
3183,0.368924598683
3184,0.445331498131
3185,0.86949384312
3186,0.968606164091
3187,0.578357129036
3188,0.771875722961
3189,0.898483705623
3190,0.889385849363
3191,0.0939025863789
3192,0.859157536819
3193,0.829311580252
3194,0.879465282143
3195,0.527180942963
3196,0.52259799034
3197,0.620180349599
3198,0.0910366311887
3199,0.135908826235
3200,0.804679837703
3201,0.14353631017
3202,0.670962835138
3203,0.905654519661
3204,0.527131445801
3205,0.0449594575077
3206,0.755418317127
3207,0.52863493138
3208,0.626830164623
3209,0.247278805477
3210,0.068199287805
3211,0.864131757289
3212,0.519311156192
3213,0.197652995311
3214,0.630367777731
3215,0.116951515562
3216,0.538658423141
3217,0.164673909775
3218,0.865967583907
3219,0.731597262708
3220,0.861807356214
3221,0.529075279515
3222,0.871163621658
3223,0.868177832139
3224,0.877686419209
3225,0.928768934507
3226,0.38925479986
3227,0.162358837591
3228,0.428533303421
3229,0.814230039863
3230,0.527181343221
3231,0.745867357028
3232,0.459462443108
3233,0.935625600302
3234,0.861979964951
3235,0.527178663715
3236,0.441489133013
3237,0.30086244899
3238,0.861203188131
3239,0.814107435909
3240,0.522309096009
3241,0.885280441858
3242,0.142582080582
3243,0.526462071079
3244,0.894711457175
3245,0.022236677456
3246,0.117677415864
3247,0.218705451999
3248,0.637551502778
3249,0.512598382953
3250,0.52030722341
3251,0.906101987066
3252,0.116638400586
3253,0.506364757114
3254,0.342173237173
3255,0.52733952771
3256,0.527181088117
3257,0.377830099462
3258,0.147325539947
3259,0.934932701224
3260,0.0945578683897
3261,0.813797714758
3262,0.0281584243757
3263,0.868567180056
3264,0.399357773793
3265,0.0997012664549
3266,0.917937201103
3267,0.352652949774
3268,0.134845513945
3269,0.881037328525
3270,0.187117276948
3271,0.944763336467
3272,0.441373524239
3273,0.282103596553
3274,0.689105508004
3275,0.590472634935
3276,0.362913907474
3277,0.527171379779
3278,0.86649638253
3279,0.845033149968
3280,0.160343002234
3281,0.645278954079
3282,0.781637645202
3283,0.106055740173
3284,0.648053533149
3285,0.905466446259
3286,0.568519803009
3287,0.0913247193747
3288,0.0912567492938
3289,0.827072769853
3290,0.773656645968
3291,0.127400372313
3292,0.149064109292
3293,0.884650061715
3294,0.525021623125
3295,0.26392844492
3296,0.369610949589
3297,0.661442441832
3298,0.729976415043
3299,0.524500273507
3300,0.449266239745
3301,0.527180937278
3302,0.0585485654912
3303,0.114519068323
3304,0.904814921733
3305,0.783989825085
3306,0.583872644671
3307,0.0800431752264
3308,0.105448122682
3309,0.265306384422
3310,0.576680443498
3311,0.881962608829
3312,0.826725123461
3313,0.76965550569
3314,0.770965834243
3315,0.0548565500144
3316,0.510008842
3317,0.642109469804
3318,0.60786577203
3319,0.695673300183
3320,0.0485776853219
3321,0.819566452707
3322,0.862265756434
3323,0.277116313042
3324,0.89733001997
3325,0.28962620371
3326,0.79378422352
3327,0.724701347476
3328,0.526116995245
3329,0.543559537081
3330,0.377688905296
3331,0.650808519161
3332,0.527180942969
3333,0.854726507745
3334,0.314308854679
3335,0.409400202315
3336,0.685667812623
3337,0.0418155886624
3338,0.483430148846
3339,0.950572079699
3340,0.527184261054
3341,0.878016277386
3342,0.158887648998
3343,0.932427320276
3344,0.156402662903
3345,0.394632968841
3346,0.415626811252
3347,0.801434399464
3348,0.0857637101742
3349,0.274144741677
3350,0.163768228139
3351,0.927640376829
3352,0.88118984565
3353,0.584892610051
3354,0.291837846355
3355,0.617814859901
3356,0.107475858987
3357,0.5
3358,0.876769168442
3359,0.346669839557
3360,0.578181156166
3361,0.880486985427
3362,0.527180942969
3363,0.857441014222
3364,0.689233894224
3365,0.866300495933
3366,0.539197747921
3367,0.343818107474
3368,0.904770734307
3369,0.785733303215
3370,0.93271279043
3371,0.829153139052
3372,0.84701671705
3373,0.482496537198
3374,0.526569022677
3375,0.527402958328
3376,0.883351188229
3377,0.745808555616
3378,0.0303097309478
3379,0.567177029254
3380,0.405582525429
3381,0.0770017683875
3382,0.416492446967
3383,0.209908704356
3384,0.785631351092
3385,0.47252267251
3386,0.805810131461
3387,0.283229265312
3388,0.902555351171
3389,0.527180942969
3390,0.221114363223
3391,0.0279651168538
3392,0.71688255688
3393,0.52664688501
3394,0.110821598162
3395,0.11211119571
3396,0.198436707046
3397,0.690202834059
3398,0.181824771659
3399,0.526281695705
3400,0.895743316663
3401,0.52699356349
3402,0.114136915538
3403,0.557044878912
3404,0.524492046336
3405,0.883633994198
3406,0.935501869261
3407,0.525040649065
3408,0.110540109555
3409,0.681367752282
3410,0.744724568317
3411,0.670323263535
3412,0.166397600407
3413,0.277501716537
3414,0.810075191325
3415,0.552206139539
3416,0.271691688259
3417,0.928615063087
3418,0.883421739696
3419,0.169602315856
3420,0.836844847912
3421,0.0237642491599
3422,0.212269867459
3423,0.824277232273
3424,0.524222714153
3425,0.5
3426,0.527180750118
3427,0.910744381442
3428,0.527181027413
3429,0.542927500677
3430,0.618152430761
3431,0.54344682123
3432,0.52805793055
3433,0.677790066501
3434,0.562306429617
3435,0.0636724490343
3436,0.527180942969
3437,0.920974509262
3438,0.527180931788
3439,0.814415894281
3440,0.911802785623
3441,0.119502492614
3442,0.644660574268
3443,0.731992353291
3444,0.699330464668
3445,0.694032136988
3446,0.282456539158
3447,0.527490294723
3448,0.881651941845
3449,0.56819076835
3450,0.746951890014
3451,0.10835279072
3452,0.522000978599
3453,0.952021995435
3454,0.119666551433
3455,0.479104799986
3456,0.5
3457,0.633692157634
3458,0.431374711167
3459,0.942069788758
3460,0.916591273348
3461,0.878281233779
3462,0.94204261192
3463,0.033196026115
3464,0.0470479267072
3465,0.62104751832
3466,0.0734382959126
3467,0.867229559907
3468,0.221093889033
3469,0.856508140721
3470,0.924088551742
3471,0.867819115711
3472,0.816087989548
3473,0.786828784707
3474,0.395367334909
3475,0.925379023761
3476,0.655284409349
3477,0.527180942929
3478,0.492156852779
3479,0.859755640299
3480,0.249505130383
3481,0.66149828418
3482,0.112756232324
3483,0.527181072487
3484,0.527180942968
3485,0.121145201403
3486,0.527180939079
3487,0.852382793678
3488,0.848383951021
3489,0.0596592460019
3490,0.342613662558
3491,0.301981306134
3492,0.527180943038
3493,0.901263346944
3494,0.292760113211
3495,0.528917881434
3496,0.0649405116113
3497,0.35536718279
3498,0.527177358155
3499,0.102083668952
3500,0.34448861648
3501,0.249220164257
3502,0.678876352395
3503,0.5
3504,0.596368216328
3505,0.896258005765
3506,0.527180942969
3507,0.130447178348
3508,0.199615935298
3509,0.533335172383
3510,0.167396609754
3511,0.799554374284
3512,0.688650802742
3513,0.19989618731
3514,0.856891035913
3515,0.180713263188
3516,0.587276147373
3517,0.0798732621218
3518,0.821084641087
3519,0.834686269193
3520,0.337434624018
3521,0.123275706324
3522,0.829816584254
3523,0.626710768581
3524,0.735139196593
3525,0.5
3526,0.930727488046
3527,0.877130280853
3528,0.697352709356
3529,0.437860829186
3530,0.879258863963
3531,0.823554712751
3532,0.526656758448
3533,0.527180942968
3534,0.770032804949
3535,0.907899594853
3536,0.531825542224
3537,0.0879722703473
3538,0.757605778353
3539,0.217367482324
3540,0.910051645595
3541,0.903945958498
3542,0.53042289698
3543,0.863763899834
3544,0.519161384141
3545,0.0591178032959
3546,0.870463463443
3547,0.824721315027
3548,0.527180942978
3549,0.201323996062
3550,0.840973015086
3551,0.158182333408
3552,0.54381981294
3553,0.4597765046
3554,0.797084755767
3555,0.822661129814
3556,0.876909652021
3557,0.62894001281
3558,0.0737647657507
3559,0.524979386035
3560,0.23833617899
3561,0.478185572132
3562,0.580290024647
3563,0.785621192213
3564,0.451946648713
3565,0.52718094297
3566,0.876521964083
3567,0.399337779195
3568,0.323462554219
3569,0.5
3570,0.531024476167
3571,0.0937807526184
3572,0.633758256647
3573,0.435931953609
3574,0.541244832932
3575,0.520085866668
3576,0.876119108938
3577,0.527180954389
3578,0.455560932027
3579,0.550647818099
3580,0.527180942969
3581,0.438460698576
3582,0.852891251858
3583,0.546686781604
3584,0.933955315769
3585,0.849369211701
3586,0.621420284617
3587,0.555370961513
3588,0.944677264096
3589,0.643920948239
3590,0.34047811263
3591,0.308551375828
3592,0.5
3593,0.527212136209
3594,0.94809854561
3595,0.527178388574
3596,0.174254506506
3597,0.0983000754625
3598,0.462292789679
3599,0.806149697227
3600,0.889596189937
3601,0.712210669962
3602,0.8271011119
3603,0.5
3604,0.0951325953825
3605,0.0264172613172
3606,0.250501605752
3607,0.527092295854
3608,0.880679277551
3609,0.705341386894
3610,0.49390907603
3611,0.47880791094
3612,0.780015843759
3613,0.686778671061
3614,0.0542119294839
3615,0.926557148313
3616,0.0751226061842
3617,0.386947130517
3618,0.60782159835
3619,0.706380636603
3620,0.807722878423
3621,0.529789091684
3622,0.0698489984763
3623,0.861134502928
3624,0.116311106325
3625,0.524898802763
3626,0.0858276113813
3627,0.518112495201
3628,0.729186423163
3629,0.8100676635
3630,0.527180942969
3631,0.875913886997
3632,0.284995371202
3633,0.857510767215
3634,0.78217474514
3635,0.527180942969
3636,0.852270950106
3637,0.884810290689
3638,0.248773385326
3639,0.5
3640,0.851552202734
3641,0.192606779578
3642,0.899792669387
3643,0.538806669384
3644,0.28623760702
3645,0.5
3646,0.843949478726
3647,0.5
3648,0.526243348924
3649,0.449790135243
3650,0.528304152355
3651,0.0945103287338
3652,0.780524107881
3653,0.190372496782
3654,0.113046146952
3655,0.794855713022
3656,0.688300280888
3657,0.527629061914
3658,0.838712487071
3659,0.0584540628576
3660,0.0646403253579
3661,0.430978100515
3662,0.146418379081
3663,0.0801491979422
3664,0.527180943111
3665,0.529859227193
3666,0.760803295616
3667,0.716125671547
3668,0.396702511242
3669,0.582583556426
3670,0.85568968901
3671,0.628430429571
3672,0.523849760182
3673,0.726573186744
3674,0.400074259012
3675,0.52808296066
3676,0.354424936832
3677,0.87662826169
3678,0.7114517105
3679,0.685947197449
3680,0.111846089969
3681,0.122353566482
3682,0.361631499638
3683,0.256417315217
3684,0.298689982719
3685,0.0954217925648
3686,0.0767595841069
3687,0.775672514451
3688,0.529426839553
3689,0.71864005105
3690,0.231967141733
3691,0.316931865523
3692,0.356872137001
3693,0.875826828943
3694,0.917172980455
3695,0.112404295487
3696,0.451550474455
3697,0.849283463144
3698,0.5179467162
3699,0.89584010963
3700,0.796776830882
3701,0.84813587727
3702,0.875731513002
3703,0.823148488859
3704,0.729233769575
3705,0.685481410293
3706,0.110682103997
3707,0.758390071758
3708,0.909740791307
3709,0.232154542071
3710,0.77751843963
3711,0.0967300062397
3712,0.517497254581
3713,0.462884726534
3714,0.71804210763
3715,0.844640233128
3716,0.89960749864
3717,0.219689245099
3718,0.0479753198092
3719,0.658489149783
3720,0.861376331163
3721,0.407524316514
3722,0.878173180935
3723,0.911421296485
3724,0.527180854214
3725,0.8563117803
3726,0.913574791192
3727,0.526756605782
3728,0.0958575209888
3729,0.527183252791
3730,0.109814939479
3731,0.0451864844329
3732,0.942211369299
3733,0.674018841416
3734,0.588070416936
3735,0.585847143463
3736,0.834415102295
3737,0.142886567512
3738,0.382109799803
3739,0.521071639455
3740,0.599411249578
3741,0.882963535389
3742,0.610183856127
3743,0.48560442264
3744,0.527004134876
3745,0.0690485238148
3746,0.863497978491
3747,0.842209021984
3748,0.527180942969
3749,0.521279522369
3750,0.636965356198
3751,0.404155700176
