MoleculeId,pca_et-PredictedProbability
1,0.629515125635
2,0.878442259495
3,0.155787638288
4,0.395301454297
5,0.233994332531
6,0.367667179077
7,0.742161819634
8,0.628722470071
9,0.664321166682
10,0.246743980903
11,0.803263227058
12,0.523761772695
13,0.570817809896
14,0.580201259906
15,0.759939321138
16,0.731085007928
17,0.561953963508
18,0.419912437963
19,0.403322286908
20,0.39320717992
21,0.546555960233
22,0.558169189266
23,0.301399098654
24,0.411869028813
25,0.211904801631
26,0.910638741691
27,0.625170653408
28,0.353036910052
29,0.81719756887
30,0.639593649621
31,0.10588211957
32,0.676358634561
33,0.133060178965
34,0.633757650294
35,0.615191244671
36,0.498518874504
37,0.689753913851
38,0.393298453979
39,0.517537293389
40,0.797929602533
41,0.543589685502
42,0.282619216778
43,0.101588504089
44,0.685962551923
45,0.402980368966
46,0.763854178729
47,0.548448195761
48,0.236508081637
49,0.296619968652
50,0.708305278222
51,0.647839639558
52,0.451781826662
53,0.451133384799
54,0.70171083738
55,0.382460432089
56,0.550851424131
57,0.310006292211
58,0.360017813155
59,0.777560801268
60,0.423259069463
61,0.240463186027
62,0.518984255424
63,0.665423422515
64,0.475818868182
65,0.405491345683
66,0.59272116803
67,0.576081011916
68,0.685153701469
69,0.209809649079
70,0.618695341152
71,0.300612963354
72,0.597513837772
73,0.916299402352
74,0.496989224434
75,0.805455739496
76,0.894632735685
77,0.742234898028
78,0.865437019121
79,0.787956872456
80,0.295241722087
81,0.538386193839
82,0.353633209632
83,0.731318008758
84,0.863717442402
85,0.683165784313
86,0.642200967891
87,0.55492472055
88,0.44833645164
89,0.73571958972
90,0.418084389533
91,0.742833962108
92,0.696897405676
93,0.761807700555
94,0.381119224571
95,0.444621290466
96,0.46221244777
97,0.564077126886
98,0.409110760353
99,0.5065879116
100,0.480500266771
101,0.288928274906
102,0.466331863976
103,0.656196645026
104,0.805704712623
105,0.237371902171
106,0.574096451016
107,0.565028924479
108,0.865178684834
109,0.117371142503
110,0.815009612363
111,0.285261295854
112,0.280485049936
113,0.117371142503
114,0.705995260921
115,0.773674143312
116,0.409782520208
117,0.417362044556
118,0.436523436468
119,0.388600408219
120,0.71748874806
121,0.326957743628
122,0.475943238509
123,0.545201093431
124,0.588405702757
125,0.738327965308
126,0.728586793215
127,0.712961486593
128,0.3507240704
129,0.767804301796
130,0.491682171001
131,0.397250038394
132,0.834148046369
133,0.339612366903
134,0.713529544956
135,0.315840919792
136,0.177509819067
137,0.37201408286
138,0.473491479112
139,0.48440452642
140,0.809336528939
141,0.751674879734
142,0.385366297886
143,0.90811559055
144,0.713939737373
145,0.725256761531
146,0.865513391551
147,0.531791593935
148,0.623559865298
149,0.382386359364
150,0.39062682114
151,0.270409756388
152,0.651039892017
153,0.707559447344
154,0.525334442224
155,0.619770658575
156,0.462198105822
157,0.776217412688
158,0.344986060846
159,0.706305678988
160,0.484565226126
161,0.54653912942
162,0.199151113337
163,0.358595262535
164,0.298359196349
165,0.473607800063
166,0.522438224492
167,0.513349541843
168,0.649544910824
169,0.671317170882
170,0.223591582517
171,0.460270139654
172,0.444883029365
173,0.59694451856
174,0.279583615574
175,0.654539207211
176,0.879832105638
177,0.55122602356
178,0.539384912415
179,0.458031376808
180,0.117371142503
181,0.532405288845
182,0.434017288122
183,0.496861022273
184,0.629655993823
185,0.77500760386
186,0.415857559554
187,0.799537005573
188,0.621459403694
189,0.492163909308
190,0.562530085355
191,0.657890839552
192,0.704142385289
193,0.686869375791
194,0.45455932131
195,0.377659714779
196,0.346249433846
197,0.588214168264
198,0.494662377514
199,0.688343878915
200,0.464987837803
201,0.850119161025
202,0.46908809675
203,0.408017021322
204,0.826564579183
205,0.784812755813
206,0.384528829182
207,0.37209164807
208,0.3214111579
209,0.843289953224
210,0.345327256682
211,0.461012067634
212,0.430794842369
213,0.629371239913
214,0.461511851734
215,0.778711857149
216,0.466956200164
217,0.45158289079
218,0.217525123125
219,0.736388913851
220,0.743267206707
221,0.130285594036
222,0.288180697345
223,0.442600848539
224,0.505479712582
225,0.382105483157
226,0.420188708001
227,0.623499646575
228,0.457654681236
229,0.690899203996
230,0.400791757046
231,0.261440860784
232,0.571343632451
233,0.773438639476
234,0.695522906918
235,0.591525085536
236,0.452325842051
237,0.354987295863
238,0.388518533674
239,0.545835905128
240,0.342545946481
241,0.71423267136
242,0.22601571333
243,0.50339331627
244,0.363978720345
245,0.665209211425
246,0.45342575323
247,0.58758127573
248,0.671937631281
249,0.190320827321
250,0.556927724779
251,0.743008874039
252,0.650610409959
253,0.12882352713
254,0.268653088726
255,0.601123922751
256,0.587071561585
257,0.321161562689
258,0.551254821959
259,0.890401931402
260,0.886448923883
261,0.689890956521
262,0.815649179252
263,0.446631534282
264,0.25515417905
265,0.144692571074
266,0.272495827236
267,0.514649058541
268,0.288662585545
269,0.700723747543
270,0.349585758628
271,0.624831217793
272,0.762278858771
273,0.284846128591
274,0.472085352204
275,0.573131374862
276,0.539449559945
277,0.556323552828
278,0.535638793599
279,0.878530555502
280,0.292059741861
281,0.456515951012
282,0.424689078747
283,0.678806223951
284,0.658189231987
285,0.573666902093
286,0.545798003458
287,0.421126012983
288,0.4663913873
289,0.718323441022
290,0.554870871711
291,0.415033537478
292,0.625894406709
293,0.844582161173
294,0.593557277446
295,0.814002614038
296,0.64681308359
297,0.572086776832
298,0.543124171692
299,0.211915198786
300,0.642403995158
301,0.605691521698
302,0.298527164512
303,0.68866579694
304,0.682018723468
305,0.786903395653
306,0.367035293054
307,0.538325954029
308,0.657529249373
309,0.295783599952
310,0.842343186999
311,0.509645424023
312,0.859693912297
313,0.756951490323
314,0.474806062237
315,0.633236863814
316,0.856099058232
317,0.491045284248
318,0.782158368261
319,0.597233500057
320,0.763781767282
321,0.832224781966
322,0.314686955765
323,0.204668897938
324,0.494293440031
325,0.472034845536
326,0.637282240243
327,0.725631171327
328,0.572204689793
329,0.416795932429
330,0.658620301374
331,0.385036888449
332,0.710569293055
333,0.625664154218
334,0.57361685421
335,0.114488750394
336,0.792743705899
337,0.648315795838
338,0.335010196091
339,0.554990979152
340,0.624752358293
341,0.628419246908
342,0.53885256105
343,0.50393402514
344,0.276737367412
345,0.795936569002
346,0.406717072529
347,0.854808741866
348,0.669779315942
349,0.14692414378
350,0.814009853665
351,0.206298299106
352,0.653196289671
353,0.420259460953
354,0.480598234819
355,0.588292527311
356,0.62188383486
357,0.176467450811
358,0.402417772441
359,0.723488186496
360,0.916299402352
361,0.344396208081
362,0.455091205771
363,0.623421479409
364,0.746259685141
365,0.756167943043
366,0.708839741528
367,0.503023751182
368,0.77834300665
369,0.347377903141
370,0.758603416817
371,0.715051305545
372,0.380614954926
373,0.563067220501
374,0.833200871119
375,0.606524319984
376,0.219224217589
377,0.740555353605
378,0.520781244881
379,0.49268940001
380,0.588578487597
381,0.162974281793
382,0.282592224706
383,0.566560249427
384,0.375985347638
385,0.366882794983
386,0.501160115548
387,0.16265555477
388,0.702142619874
389,0.610168348382
390,0.872016518054
391,0.561569137041
392,0.848207570179
393,0.711341002767
394,0.159385145422
395,0.481426474988
396,0.452234573344
397,0.227557765214
398,0.825283011136
399,0.592590113862
400,0.407628644592
401,0.810409640381
402,0.761732052205
403,0.723690414503
404,0.855340737694
405,0.496407207098
406,0.684539794958
407,0.285355097412
408,0.311878313373
409,0.804302858906
410,0.246773964268
411,0.806720817375
412,0.832927343733
413,0.666447911343
414,0.147886414268
415,0.883794788545
416,0.51379910672
417,0.495979723804
418,0.728797653724
419,0.557824537538
420,0.739324084527
421,0.475222104108
422,0.392842723248
423,0.642792137126
424,0.510649582765
425,0.55454283903
426,0.644078024882
427,0.887180058217
428,0.652312899727
429,0.7946207041
430,0.885280092714
431,0.768480777613
432,0.569792429205
433,0.480178411382
434,0.560863786907
435,0.47069854978
436,0.560564912842
437,0.681469862114
438,0.273478331411
439,0.832036060771
440,0.816344810513
441,0.496655379029
442,0.818255769928
443,0.7789655235
444,0.352950974883
445,0.275049021576
446,0.842677893715
447,0.281819104606
448,0.462569087389
449,0.577669369831
450,0.48714256774
451,0.390151635748
452,0.386956392146
453,0.246574885083
454,0.301297108685
455,0.74578768621
456,0.413978840135
457,0.855932228477
458,0.802642981944
459,0.313367462145
460,0.619405675849
461,0.488178396286
462,0.450865542794
463,0.610422169327
464,0.495098463615
465,0.520206841593
466,0.474334566128
467,0.139300991071
468,0.244851125891
469,0.757858389437
470,0.634164973358
471,0.494918666307
472,0.582625599251
473,0.499510647029
474,0.638293185318
475,0.817359357536
476,0.809694967328
477,0.656627305409
478,0.599613110359
479,0.712054138045
480,0.250583201076
481,0.502350985169
482,0.386473770714
483,0.208835564605
484,0.674150332236
485,0.605531089019
486,0.148539951216
487,0.383784846879
488,0.313862747201
489,0.663026670089
490,0.538036996555
491,0.470399422137
492,0.489806693032
493,0.808110774358
494,0.762636828055
495,0.345462911169
496,0.808475220519
497,0.486122516531
498,0.636261942253
499,0.250442776663
500,0.394726891651
501,0.533512202855
502,0.425382576753
503,0.280601961047
504,0.453551272839
505,0.779779049382
506,0.645661062396
507,0.552319869262
508,0.170099431136
509,0.669902965684
510,0.771913841715
511,0.392700600619
512,0.845245980599
513,0.708901065023
514,0.345555385945
515,0.191042976188
516,0.719126440811
517,0.701536216078
518,0.404064144026
519,0.455541349438
520,0.123124684063
521,0.516809105172
522,0.173026897858
523,0.406622350936
524,0.444731290804
525,0.644083809931
526,0.248326732039
527,0.527888840051
528,0.529007131073
529,0.390688161485
530,0.60851132078
531,0.760339967367
532,0.54528974636
533,0.821401543254
534,0.379242799558
535,0.385770109315
536,0.761127460968
537,0.916299402352
538,0.456025233207
539,0.624375028839
540,0.522772293592
541,0.697966238926
542,0.626258097214
543,0.474752002912
544,0.530810582277
545,0.55649978632
546,0.388585169581
547,0.700040797663
548,0.486909768334
549,0.478786321332
550,0.554891363658
551,0.476138951036
552,0.339522959353
553,0.575467710845
554,0.352751176682
555,0.712435047994
556,0.496387012418
557,0.157717450811
558,0.795997622543
559,0.394433924132
560,0.604400718948
561,0.519295104003
562,0.279404101084
563,0.708446816623
564,0.231465296526
565,0.838884844172
566,0.576954461048
567,0.468651716765
568,0.713005783119
569,0.604143859345
570,0.862524549496
571,0.809841186432
572,0.460442931746
573,0.513519751656
574,0.442621809322
575,0.130287809169
576,0.546048416684
577,0.75790947448
578,0.396497776944
579,0.160736527118
580,0.22206776872
581,0.307874783651
582,0.767821249913
583,0.674258909005
584,0.434031394882
585,0.534375833583
586,0.678450493234
587,0.657367918188
588,0.542367642406
589,0.405238882482
590,0.682115319009
591,0.684121329338
592,0.726399781278
593,0.428012710779
594,0.446241623017
595,0.490738717638
596,0.120147094073
597,0.436520190586
598,0.656121547821
599,0.683519159846
600,0.729701442307
601,0.400871387015
602,0.735166087109
603,0.782086323004
604,0.63065200266
605,0.742742225934
606,0.689003983073
607,0.324559955297
608,0.630967404199
609,0.345593790509
610,0.63420787768
611,0.839940589596
612,0.446322619216
613,0.63089588429
614,0.766368748103
615,0.455652830273
616,0.519928494802
617,0.681797640576
618,0.634945016053
619,0.546070271162
620,0.36621568558
621,0.580007683214
622,0.668279076941
623,0.828498714536
624,0.528394136623
625,0.70099996879
626,0.58280705903
627,0.365289637032
628,0.719651126382
629,0.590020908625
630,0.524192510387
631,0.784806262306
632,0.272381571651
633,0.56008116864
634,0.604202145644
635,0.632968667906
636,0.503311691417
637,0.657334699841
638,0.372510721918
639,0.356624997808
640,0.629629487004
641,0.487525362163
642,0.53475606015
643,0.382255071639
644,0.392494734298
645,0.455613554819
646,0.845889368258
647,0.894632735685
648,0.247611073753
649,0.606447930506
650,0.728498150955
651,0.526603741705
652,0.628358675547
653,0.659371628181
654,0.60545340636
655,0.727452099947
656,0.757781246795
657,0.5122070103
658,0.738127269752
659,0.82009233259
660,0.55752640809
661,0.851769309122
662,0.566576293014
663,0.486274953844
664,0.545092463609
665,0.304344340322
666,0.383316737631
667,0.441683456747
668,0.452320354408
669,0.507405371543
670,0.552848983592
671,0.580797904284
672,0.672205000962
673,0.743183231326
674,0.782559573986
675,0.803904548931
676,0.481432204967
677,0.55054459426
678,0.565790202523
679,0.490082241292
680,0.379868799982
681,0.844979330704
682,0.656645310937
683,0.356444062586
684,0.468561365511
685,0.279507619191
686,0.614681793258
687,0.773491492739
688,0.741445506622
689,0.626532964608
690,0.739433940545
691,0.830194345797
692,0.384854738894
693,0.638618350363
694,0.895363870019
695,0.722149704042
696,0.566769811613
697,0.766585425812
698,0.756360106384
699,0.507333655852
700,0.117522832211
701,0.576957216655
702,0.137226845632
703,0.372492106431
704,0.729211351559
705,0.632684917438
706,0.621251307857
707,0.825829698051
708,0.859247717569
709,0.266943254406
710,0.656937579417
711,0.886960778013
712,0.144871142503
713,0.796402868087
714,0.411683676578
715,0.821203057695
716,0.195988888103
717,0.543335834802
718,0.456326437546
719,0.587116580211
720,0.830007987311
721,0.595878209708
722,0.26210064976
723,0.39975182734
724,0.735164538263
725,0.242321441034
726,0.284766901786
727,0.726292435963
728,0.628047466237
729,0.557025537079
730,0.755408071555
731,0.716541509611
732,0.527516473826
733,0.384191277819
734,0.54417061595
735,0.538580601979
736,0.0830170755171
737,0.747161712851
738,0.450055011211
739,0.742677586457
740,0.449549090689
741,0.857999023734
742,0.479375860894
743,0.507435422152
744,0.797420092952
745,0.678134031055
746,0.660661110079
747,0.290780763699
748,0.410518166195
749,0.104259484046
750,0.290304395676
751,0.516239353749
752,0.593026404401
753,0.627840849503
754,0.784534412063
755,0.419564503884
756,0.705092634167
757,0.672551061008
758,0.522668366551
759,0.850242821834
760,0.308049576245
761,0.288064061052
762,0.521246887339
763,0.591543887677
764,0.421184661533
765,0.690319787828
766,0.703586810436
767,0.484463036499
768,0.594064034672
769,0.451744187334
770,0.391613246706
771,0.46365156828
772,0.507806120872
773,0.398281203908
774,0.869362382715
775,0.594457541981
776,0.802380274667
777,0.333117640751
778,0.39382476849
779,0.604103782315
780,0.583567204084
781,0.916299402352
782,0.625456990532
783,0.485041356355
784,0.825682352601
785,0.372540501715
786,0.616405449607
787,0.692262982925
788,0.211984955028
789,0.451269227817
790,0.565011227932
791,0.48172150881
792,0.31669980192
793,0.265418697822
794,0.914645267014
795,0.643367557239
796,0.730324184884
797,0.519921067159
798,0.762344644379
799,0.305327282658
800,0.458766425547
801,0.307053453225
802,0.214232638371
803,0.333514995128
804,0.776963358946
805,0.748933291207
806,0.564332712019
807,0.498849425762
808,0.260479480724
809,0.496311552302
810,0.4982886791
811,0.494488639948
812,0.544798600297
813,0.613272157711
814,0.766121629264
815,0.132165098547
816,0.545771723148
817,0.446309868594
818,0.646447116976
819,0.455465566972
820,0.77676843276
821,0.619067918403
822,0.68044162564
823,0.594869842611
824,0.652508123908
825,0.463278312459
826,0.521916629877
827,0.327979360917
828,0.53402444065
829,0.846151304836
830,0.473238542298
831,0.733486417031
832,0.704510650153
833,0.855340737694
834,0.303723798415
835,0.180082181464
836,0.835363097716
837,0.468881916711
838,0.481386364904
839,0.734585196254
840,0.503772787926
841,0.718969876492
842,0.724108478005
843,0.69699560412
844,0.644532009129
845,0.795432177785
846,0.250037172606
847,0.560964549308
848,0.617194441445
849,0.194858153669
850,0.312416907978
851,0.33026295695
852,0.81117368235
853,0.449484637174
854,0.713425010183
855,0.49693601688
856,0.684702347187
857,0.485941056485
858,0.529357253001
859,0.297968361164
860,0.446941189808
861,0.494265081308
862,0.480964215693
863,0.419859613742
864,0.491799655955
865,0.473573916007
866,0.775135548914
867,0.780530747031
868,0.479891729564
869,0.342880474557
870,0.396482363413
871,0.763493874419
872,0.48239509999
873,0.623826004072
874,0.463429242321
875,0.622697310741
876,0.495951321545
877,0.320958165398
878,0.400679031668
879,0.312020313201
880,0.679754636721
881,0.42430150393
882,0.916299402352
883,0.587349182289
884,0.364082151536
885,0.376022084117
886,0.59330864901
887,0.79818705804
888,0.53406442852
889,0.6903272886
890,0.77652367814
891,0.520743635171
892,0.847465025686
893,0.433422202564
894,0.404883549093
895,0.338105652979
896,0.485855752985
897,0.439394980928
898,0.621834805337
899,0.21898713326
900,0.762138505167
901,0.484067305953
902,0.23822558751
903,0.458263257938
904,0.330796531865
905,0.675272141311
906,0.676371877283
907,0.837621160974
908,0.872781598834
909,0.670038373669
910,0.49986393911
911,0.916299402352
912,0.506429899633
913,0.53208772397
914,0.588435141627
915,0.524026280012
916,0.304067470944
917,0.352630138135
918,0.762295801031
919,0.522245142526
920,0.723597357316
921,0.297808746287
922,0.427706382752
923,0.450062885303
924,0.585827374978
925,0.270954749792
926,0.231867444586
927,0.452075786334
928,0.833597807135
929,0.465373518076
930,0.398540781136
931,0.309983817851
932,0.756652355584
933,0.854381336816
934,0.872781598834
935,0.449123828994
936,0.855198923883
937,0.494661088306
938,0.489492249422
939,0.621353428244
940,0.440375350384
941,0.645628246629
942,0.53026178757
943,0.61340191728
944,0.36520123047
945,0.770378350666
946,0.16593276447
947,0.814670486803
948,0.534797853358
949,0.810353040562
950,0.476798393828
951,0.634087484112
952,0.787654505514
953,0.380037624872
954,0.369969530662
955,0.575233825135
956,0.565189576873
957,0.548469392303
958,0.471345190364
959,0.916299402352
960,0.644927269031
961,0.47451777908
962,0.881369161025
963,0.878776966211
964,0.633928357589
965,0.246087275297
966,0.802691024925
967,0.234279950811
968,0.410582294669
969,0.916299402352
970,0.712463009675
971,0.61918684031
972,0.493505852001
973,0.304534201604
974,0.354637012566
975,0.421489136619
976,0.736275844952
977,0.451190752739
978,0.678562016503
979,0.448325350588
980,0.400708342635
981,0.916299402352
982,0.490530204101
983,0.843433573511
984,0.889407171776
985,0.318635897462
986,0.747675746477
987,0.523932972043
988,0.581472546117
989,0.481594117579
990,0.259071885639
991,0.151749022687
992,0.0887997139313
993,0.38671153138
994,0.63422818594
995,0.493337886325
996,0.336069099578
997,0.0975497139313
998,0.705607916792
999,0.483576244484
1000,0.45265689071
1001,0.413090419857
1002,0.331257696777
1003,0.422338819342
1004,0.674149433754
1005,0.813089452745
1006,0.345475824446
1007,0.450356574645
1008,0.496600643571
1009,0.603302311942
1010,0.3242616839
1011,0.802115756734
1012,0.513207756692
1013,0.442440205666
1014,0.751773444614
1015,0.642031021039
1016,0.832428975966
1017,0.628438368389
1018,0.673104046842
1019,0.528813806237
1020,0.849519447414
1021,0.545972844311
1022,0.775905204249
1023,0.188895502646
1024,0.291390156019
1025,0.441108227923
1026,0.1808804764
1027,0.333695276082
1028,0.688255290621
1029,0.577138619323
1030,0.570117814109
1031,0.649538757916
1032,0.525296273611
1033,0.433535170995
1034,0.370215621652
1035,0.488733741337
1036,0.594654284123
1037,0.532068526751
1038,0.751267799638
1039,0.183263999646
1040,0.757816619178
1041,0.362396522572
1042,0.749514018117
1043,0.538535421415
1044,0.866182835537
1045,0.885306642675
1046,0.372014976565
1047,0.356078642393
1048,0.451287686434
1049,0.603595919356
1050,0.402287729432
1051,0.709399406817
1052,0.51284170951
1053,0.426082436827
1054,0.480717552259
1055,0.780634372171
1056,0.54575378878
1057,0.63990669099
1058,0.468493877871
1059,0.670537022619
1060,0.562888285142
1061,0.524555827506
1062,0.528126367267
1063,0.425920007028
1064,0.518023141839
1065,0.535547500357
1066,0.466934136963
1067,0.552213035784
1068,0.167609237741
1069,0.757794626519
1070,0.427473742723
1071,0.426547370439
1072,0.253532359745
1073,0.501039270335
1074,0.309076284423
1075,0.505676184712
1076,0.801564641513
1077,0.770355795285
1078,0.424587585887
1079,0.469017934562
1080,0.433908362589
1081,0.641840175865
1082,0.370392576785
1083,0.243710931174
1084,0.203992134856
1085,0.625746443064
1086,0.399712700295
1087,0.555112488238
1088,0.672214962163
1089,0.779502562093
1090,0.221438565053
1091,0.855740904778
1092,0.550621697839
1093,0.425059951839
1094,0.704815113048
1095,0.809870850224
1096,0.755057781109
1097,0.240375652225
1098,0.398134977609
1099,0.575425928975
1100,0.215877958568
1101,0.641812099533
1102,0.761501393216
1103,0.677731053941
1104,0.478222333946
1105,0.900443632878
1106,0.743155783419
1107,0.783478739726
1108,0.487251223614
1109,0.660625789292
1110,0.705617486802
1111,0.620134977896
1112,0.686227140833
1113,0.634380660286
1114,0.421631303133
1115,0.388658887452
1116,0.828330325002
1117,0.727111027748
1118,0.500215010162
1119,0.264174946325
1120,0.636717164273
1121,0.479819471922
1122,0.716106037635
1123,0.737086762733
1124,0.690919278488
1125,0.28220158937
1126,0.794260947312
1127,0.709319556101
1128,0.710037336702
1129,0.710235346683
1130,0.842677893715
1131,0.775411829108
1132,0.342807051189
1133,0.614107037989
1134,0.509964262464
1135,0.61978210555
1136,0.432533026027
1137,0.553747285153
1138,0.835482302468
1139,0.303731349225
1140,0.249309548249
1141,0.387778717968
1142,0.542495674523
1143,0.586500382432
1144,0.519499488399
1145,0.250420636927
1146,0.317915290321
1147,0.51915869758
1148,0.790606188753
1149,0.485782612982
1150,0.609811028283
1151,0.817921593738
1152,0.811112505465
1153,0.552253581727
1154,0.573029043446
1155,0.791518629378
1156,0.618603416394
1157,0.810595717949
1158,0.525963597355
1159,0.289994932932
1160,0.722624147155
1161,0.440740385114
1162,0.636659574164
1163,0.150736527118
1164,0.829853318538
1165,0.53265908108
1166,0.802168902771
1167,0.398157810575
1168,0.504827875453
1169,0.354065783485
1170,0.837910008092
1171,0.52522168669
1172,0.769343502685
1173,0.735525687045
1174,0.810517055904
1175,0.799618356769
1176,0.692623732236
1177,0.494337734305
1178,0.81553279532
1179,0.512748056648
1180,0.301199653055
1181,0.873185349223
1182,0.379180398769
1183,0.574546622583
1184,0.331106531928
1185,0.428247016055
1186,0.562934048062
1187,0.236809965374
1188,0.279695779659
1189,0.845253008575
1190,0.573630001358
1191,0.681794454189
1192,0.150660999198
1193,0.252679367969
1194,0.363481265926
1195,0.868225809278
1196,0.632769229257
1197,0.830230290505
1198,0.820676872147
1199,0.489064460268
1200,0.672538585852
1201,0.32352389225
1202,0.857999023734
1203,0.422402142572
1204,0.716646874322
1205,0.70711367325
1206,0.651827257083
1207,0.523902698885
1208,0.637074914879
1209,0.789680886365
1210,0.399222305273
1211,0.760996152778
1212,0.587800201046
1213,0.0744456469456
1214,0.231938310838
1215,0.474400237302
1216,0.425758696333
1217,0.860771242037
1218,0.701239249707
1219,0.847156675061
1220,0.494788019623
1221,0.762804176111
1222,0.415788734384
1223,0.876192860599
1224,0.657924659636
1225,0.862842081691
1226,0.832191582103
1227,0.57714995104
1228,0.324454868036
1229,0.505347410399
1230,0.732330893221
1231,0.878661539699
1232,0.0994893691037
1233,0.295074065742
1234,0.697013293703
1235,0.510935260882
1236,0.815295360631
1237,0.879705932495
1238,0.80100571764
1239,0.509841695654
1240,0.60634078978
1241,0.661206351811
1242,0.630916825383
1243,0.608718476852
1244,0.687218673181
1245,0.553480268874
1246,0.662137692558
1247,0.435526699216
1248,0.728307035693
1249,0.501169194538
1250,0.365993270205
1251,0.497037234576
1252,0.381337068517
1253,0.701238817645
1254,0.856776673737
1255,0.301093657408
1256,0.767484489175
1257,0.295988402495
1258,0.485069955595
1259,0.902740479647
1260,0.633748592115
1261,0.828648209787
1262,0.582000584863
1263,0.408207113354
1264,0.807687287704
1265,0.859407650448
1266,0.790267491055
1267,0.687313511456
1268,0.892214163858
1269,0.543451285247
1270,0.76116788332
1271,0.567687327195
1272,0.817516409556
1273,0.350117274079
1274,0.766514500389
1275,0.398789128272
1276,0.456545389149
1277,0.406041325165
1278,0.711705596938
1279,0.286814323701
1280,0.598782360761
1281,0.756576403669
1282,0.779378915709
1283,0.515829659453
1284,0.506878812721
1285,0.551150523348
1286,0.300558228225
1287,0.494523480725
1288,0.198532359745
1289,0.31823789868
1290,0.463329138047
1291,0.666253107014
1292,0.574210699531
1293,0.501711933179
1294,0.756422521923
1295,0.0962638287638
1296,0.379691092272
1297,0.526347724986
1298,0.822085524106
1299,0.537873957852
1300,0.272944074038
1301,0.523364728497
1302,0.660921850668
1303,0.312785386591
1304,0.514060330276
1305,0.540242393988
1306,0.429468150876
1307,0.453444450299
1308,0.695274876312
1309,0.373701008366
1310,0.555560669018
1311,0.292004063188
1312,0.79681032478
1313,0.792150259637
1314,0.541897283905
1315,0.698454000136
1316,0.303037266143
1317,0.864995381608
1318,0.610978950538
1319,0.41852638441
1320,0.131264905172
1321,0.535914843214
1322,0.815331656959
1323,0.531653209283
1324,0.332858543763
1325,0.586295153987
1326,0.857238400027
1327,0.776111743808
1328,0.439818863288
1329,0.359765549253
1330,0.890975773765
1331,0.867201512036
1332,0.330501151867
1333,0.830907572375
1334,0.278177537262
1335,0.909991941635
1336,0.167630702631
1337,0.653651484311
1338,0.205508877508
1339,0.829909819694
1340,0.483956168597
1341,0.60911772701
1342,0.344161140172
1343,0.60471942628
1344,0.889878368517
1345,0.650267777072
1346,0.730607642225
1347,0.395455048248
1348,0.280013063144
1349,0.527216745083
1350,0.451365349084
1351,0.594645360786
1352,0.747821741662
1353,0.45683647473
1354,0.654501190758
1355,0.738802103347
1356,0.875137885468
1357,0.0827730602731
1358,0.748696763634
1359,0.343192799777
1360,0.246326775411
1361,0.728660508012
1362,0.322673332339
1363,0.751212384595
1364,0.566465201444
1365,0.399779889765
1366,0.268931449891
1367,0.355833387558
1368,0.417237196167
1369,0.732456092161
1370,0.383767279643
1371,0.786697673967
1372,0.654224935786
1373,0.28729366688
1374,0.514513735921
1375,0.432362780239
1376,0.594867864656
1377,0.24104554956
1378,0.83237233702
1379,0.612298171585
1380,0.769101715135
1381,0.641633600809
1382,0.498500435084
1383,0.461761325797
1384,0.630239271907
1385,0.445115177123
1386,0.118792596293
1387,0.0928524253524
1388,0.793234236507
1389,0.534962395871
1390,0.571059686715
1391,0.775953056886
1392,0.500587928891
1393,0.132704299111
1394,0.38442310953
1395,0.428921904198
1396,0.71535086117
1397,0.745440215698
1398,0.529048538577
1399,0.665814350444
1400,0.799670534602
1401,0.462714831697
1402,0.806651491516
1403,0.342121054465
1404,0.285306394994
1405,0.506105732636
1406,0.601398241814
1407,0.635298414901
1408,0.403492493433
1409,0.596665837705
1410,0.829958434431
1411,0.413096063856
1412,0.462475686752
1413,0.763118621429
1414,0.46175455918
1415,0.811105169817
1416,0.273072737259
1417,0.183015997413
1418,0.666220364129
1419,0.535335076192
1420,0.686901227785
1421,0.811244351254
1422,0.572732134711
1423,0.445192757214
1424,0.469691463645
1425,0.37264128251
1426,0.56902911241
1427,0.659524028849
1428,0.562177577603
1429,0.640095567417
1430,0.246624658031
1431,0.254310763535
1432,0.496408357351
1433,0.786720671899
1434,0.807791589996
1435,0.867134419041
1436,0.772502989338
1437,0.698909143688
1438,0.726294012984
1439,0.38695862582
1440,0.805169407079
1441,0.855369713159
1442,0.455981663591
1443,0.423148442265
1444,0.45997990561
1445,0.617507009646
1446,0.830398850688
1447,0.389735936041
1448,0.565005472327
1449,0.247470311215
1450,0.223280866875
1451,0.633974570069
1452,0.549621396882
1453,0.233521137589
1454,0.50136786772
1455,0.749242815534
1456,0.538022729242
1457,0.095737040737
1458,0.582744324539
1459,0.817731603755
1460,0.504311463382
1461,0.500879774475
1462,0.570078632801
1463,0.537703240623
1464,0.240238855198
1465,0.7969913838
1466,0.635865365498
1467,0.400327034411
1468,0.857475391377
1469,0.450695090952
1470,0.792019211651
1471,0.725225700091
1472,0.704839297209
1473,0.746249772737
1474,0.594952714022
1475,0.814577671433
1476,0.111846764347
1477,0.388014121226
1478,0.775039429871
1479,0.271999750793
1480,0.491169824926
1481,0.162066189254
1482,0.481377060483
1483,0.562941550147
1484,0.568805848542
1485,0.469229416005
1486,0.760856392171
1487,0.569345685926
1488,0.62993461361
1489,0.394841076134
1490,0.626748648463
1491,0.504400000683
1492,0.542403624409
1493,0.884991941635
1494,0.303173566768
1495,0.582490322606
1496,0.510958169056
1497,0.686883142551
1498,0.735542929638
1499,0.499743294392
1500,0.682500810894
1501,0.455072402671
1502,0.471309289517
1503,0.898197995987
1504,0.704119691041
1505,0.757948707542
1506,0.518770541456
1507,0.460871712361
1508,0.252491456398
1509,0.650560397856
1510,0.703587488481
1511,0.38568577315
1512,0.1334932324
1513,0.241758631759
1514,0.335189562156
1515,0.483350321042
1516,0.531615713938
1517,0.386454289693
1518,0.170081643988
1519,0.124336034336
1520,0.574194080845
1521,0.31063112108
1522,0.382331893739
1523,0.415817551987
1524,0.59305064998
1525,0.465218541732
1526,0.62839054187
1527,0.663272977515
1528,0.713985594068
1529,0.36923995214
1530,0.324774964252
1531,0.543138381048
1532,0.489956904826
1533,0.39551483917
1534,0.882230081132
1535,0.536950352893
1536,0.791072152096
1537,0.310161816929
1538,0.553566309275
1539,0.664440281521
1540,0.352259491501
1541,0.533703411166
1542,0.854603338316
1543,0.516185259082
1544,0.830345176874
1545,0.499743839345
1546,0.254905413214
1547,0.565033308919
1548,0.350962818543
1549,0.563984701678
1550,0.599035513082
1551,0.63980602434
1552,0.383325194318
1553,0.409080611371
1554,0.675733516246
1555,0.49524248673
1556,0.664082259355
1557,0.628284985245
1558,0.487807154447
1559,0.426442810641
1560,0.874836439243
1561,0.49037723572
1562,0.315514374739
1563,0.404336280828
1564,0.50036762786
1565,0.507003406308
1566,0.673583040014
1567,0.325530937025
1568,0.820850132578
1569,0.862547812837
1570,0.222158175813
1571,0.650282015786
1572,0.360067804421
1573,0.685991088835
1574,0.511786501691
1575,0.749489304426
1576,0.842947797091
1577,0.4023421498
1578,0.374114117859
1579,0.659522959263
1580,0.24636209293
1581,0.476450394242
1582,0.915240479647
1583,0.383564742315
1584,0.779265309409
1585,0.817723835049
1586,0.767699749768
1587,0.640602120995
1588,0.518541986252
1589,0.785778858324
1590,0.613902246517
1591,0.647288957633
1592,0.42604827124
1593,0.599311271054
1594,0.641156461252
1595,0.709994767643
1596,0.674435785149
1597,0.177537944997
1598,0.500664971485
1599,0.559522271173
1600,0.536547276817
1601,0.400422208344
1602,0.4360755753
1603,0.385821833492
1604,0.498691088179
1605,0.750180804747
1606,0.509079574921
1607,0.358912434112
1608,0.30085886844
1609,0.337379573188
1610,0.270985448039
1611,0.12361339002
1612,0.682718645699
1613,0.783816192865
1614,0.168572986154
1615,0.792902941492
1616,0.404883061375
1617,0.259858012126
1618,0.583954818305
1619,0.626424241203
1620,0.698873957017
1621,0.842418585339
1622,0.558888625896
1623,0.692149974162
1624,0.672105623456
1625,0.553336001641
1626,0.738192901346
1627,0.134197782893
1628,0.58398158139
1629,0.555195615247
1630,0.875420218209
1631,0.32264887697
1632,0.780839117023
1633,0.837981292694
1634,0.766929096894
1635,0.614207631228
1636,0.700925169462
1637,0.723161360925
1638,0.0930508380508
1639,0.473325500857
1640,0.745662218892
1641,0.279692593486
1642,0.740237014571
1643,0.317645092042
1644,0.878325274969
1645,0.344498235781
1646,0.747200469878
1647,0.522516710612
1648,0.462568263852
1649,0.520360045029
1650,0.657707552217
1651,0.907475391377
1652,0.402103085893
1653,0.837573216257
1654,0.468066039809
1655,0.917214163858
1656,0.543796262264
1657,0.604923035208
1658,0.135147907648
1659,0.507444565344
1660,0.518701096646
1661,0.49624664789
1662,0.233689797895
1663,0.405426264044
1664,0.538074273511
1665,0.713921972132
1666,0.41858431496
1667,0.474272674384
1668,0.735688502743
1669,0.668984757589
1670,0.459896524705
1671,0.589058636025
1672,0.346798674322
1673,0.586199969134
1674,0.901192860599
1675,0.382683691164
1676,0.378097593259
1677,0.76889249098
1678,0.639236415354
1679,0.562654720394
1680,0.799160269652
1681,0.809761082947
1682,0.779979244466
1683,0.695257094349
1684,0.787274642797
1685,0.434207960907
1686,0.852201466689
1687,0.24998952323
1688,0.494578682038
1689,0.111259018759
1690,0.754819539785
1691,0.444470606497
1692,0.842866185277
1693,0.67002429553
1694,0.743616387155
1695,0.741654565279
1696,0.20333611208
1697,0.314388817614
1698,0.379872368926
1699,0.235280981688
1700,0.368426218114
1701,0.67711650632
1702,0.444279856384
1703,0.547855849564
1704,0.441107855461
1705,0.291745447241
1706,0.880802693214
1707,0.433004625645
1708,0.762927778192
1709,0.334126986816
1710,0.334652040052
1711,0.845823671345
1712,0.419813317142
1713,0.628210034359
1714,0.375173921188
1715,0.584635374221
1716,0.726504923053
1717,0.769049446461
1718,0.356233577988
1719,0.453550462449
1720,0.123991008991
1721,0.347230552311
1722,0.859032345676
1723,0.401140097366
1724,0.206112498612
1725,0.542490610668
1726,0.31762865779
1727,0.916629368536
1728,0.693603535235
1729,0.207350892453
1730,0.814190046635
1731,0.220743145743
1732,0.522765261038
1733,0.256712688281
1734,0.164988958896
1735,0.646059066045
1736,0.876192860599
1737,0.8268156916
1738,0.655184812622
1739,0.656665557596
1740,0.528291336156
1741,0.762055949037
1742,0.754553331469
1743,0.54596897712
1744,0.170190687244
1745,0.450003315984
1746,0.27700449829
1747,0.616048118817
1748,0.591247611995
1749,0.335130600292
1750,0.409648648853
1751,0.200828644973
1752,0.784875777294
1753,0.317131173172
1754,0.799623474034
1755,0.623508987133
1756,0.263252177159
1757,0.49982171545
1758,0.513769554364
1759,0.812560262989
1760,0.261771767737
1761,0.704188216625
1762,0.886800788202
1763,0.744890495558
1764,0.550526451298
1765,0.457543721896
1766,0.577182370944
1767,0.84981175067
1768,0.329916356172
1769,0.722144639288
1770,0.284939876034
1771,0.450678217981
1772,0.482087113864
1773,0.523537709566
1774,0.707904069877
1775,0.680245132119
1776,0.295472099769
1777,0.555008958433
1778,0.651887586205
1779,0.611980335967
1780,0.488118725252
1781,0.504228107127
1782,0.517584480335
1783,0.419286470903
1784,0.711287848152
1785,0.501256288777
1786,0.404232914264
1787,0.797538459445
1788,0.869203765342
1789,0.852079669869
1790,0.539198561705
1791,0.140131039038
1792,0.517757166788
1793,0.805774891622
1794,0.246060572549
1795,0.756635691089
1796,0.441868644337
1797,0.534790558277
1798,0.130022755023
1799,0.795064030116
1800,0.614942657383
1801,0.694378572998
1802,0.586980839386
1803,0.177362914863
1804,0.734167916023
1805,0.612305174756
1806,0.685892896886
1807,0.760464224493
1808,0.444785787291
1809,0.513135693176
1810,0.293591241894
1811,0.309716788975
1812,0.492765448364
1813,0.50363204444
1814,0.161105006105
1815,0.638812280909
1816,0.526891065765
1817,0.658473765314
1818,0.888325274969
1819,0.400562950883
1820,0.663782458575
1821,0.797314779042
1822,0.510810775573
1823,0.46446251547
1824,0.803269638413
1825,0.338494060641
1826,0.332266262953
1827,0.187427112529
1828,0.244394538948
1829,0.269994264994
1830,0.364384447479
1831,0.605288282058
1832,0.361163539913
1833,0.677190047057
1834,0.34789919515
1835,0.917214163858
1836,0.754226769681
1837,0.374218878082
1838,0.50730266528
1839,0.737599191869
1840,0.5895249677
1841,0.0803524253524
1842,0.551188398039
1843,0.191896027949
1844,0.719184334004
1845,0.809600954698
1846,0.643261928225
1847,0.84654389845
1848,0.681313776113
1849,0.305767300924
1850,0.843930398842
1851,0.194039819941
1852,0.565434713741
1853,0.499294193966
1854,0.301391557798
1855,0.677307759917
1856,0.489088615624
1857,0.34403707738
1858,0.646491225173
1859,0.251000604255
1860,0.173414181016
1861,0.533435774127
1862,0.490034782541
1863,0.230364472783
1864,0.304625956081
1865,0.782721891246
1866,0.246178448427
1867,0.773855039602
1868,0.324692397371
1869,0.497208354306
1870,0.186570775967
1871,0.568610252703
1872,0.200784712784
1873,0.351409328016
1874,0.358863575389
1875,0.644387652695
1876,0.523813946193
1877,0.853525794227
1878,0.692996880496
1879,0.513623679451
1880,0.520977433147
1881,0.38706267067
1882,0.776853316678
1883,0.28022836817
1884,0.785334859023
1885,0.640157634169
1886,0.159089580496
1887,0.483650600989
1888,0.424567289072
1889,0.442632022653
1890,0.530551049077
1891,0.691456984783
1892,0.502615477723
1893,0.374970224422
1894,0.609632040998
1895,0.333428069023
1896,0.583364880673
1897,0.803411260393
1898,0.75740923289
1899,0.298543636012
1900,0.529641546811
1901,0.83781762403
1902,0.571077189615
1903,0.755822144069
1904,0.66594286726
1905,0.491295241243
1906,0.299659162199
1907,0.771579402993
1908,0.826140552995
1909,0.659530745587
1910,0.394658728545
1911,0.835014611389
1912,0.380092757118
1913,0.479013432251
1914,0.476426412118
1915,0.416744614757
1916,0.541921371191
1917,0.36186462804
1918,0.491784381653
1919,0.400227598339
1920,0.474356050888
1921,0.184917156113
1922,0.779314548462
1923,0.445821205712
1924,0.522616876812
1925,0.809006061616
1926,0.375905511042
1927,0.406195026238
1928,0.354387781758
1929,0.35916246109
1930,0.718512006062
1931,0.140531726727
1932,0.485989718491
1933,0.131053704749
1934,0.194114833021
1935,0.155048644166
1936,0.847658983028
1937,0.201574105971
1938,0.468658953561
1939,0.431681414398
1940,0.243189483938
1941,0.326872592503
1942,0.848689366287
1943,0.299109431798
1944,0.769837896022
1945,0.541124013016
1946,0.339087219879
1947,0.136979390574
1948,0.246681834985
1949,0.395451968169
1950,0.85830872471
1951,0.530426701844
1952,0.352141698824
1953,0.670098307284
1954,0.491044091001
1955,0.361307528007
1956,0.827941503039
1957,0.78053062811
1958,0.774953476778
1959,0.611860658592
1960,0.133093573094
1961,0.408867431044
1962,0.503198551194
1963,0.78307456869
1964,0.587699422128
1965,0.60292713039
1966,0.42933699841
1967,0.490133072043
1968,0.573307637896
1969,0.584645979696
1970,0.177957934365
1971,0.683907303784
1972,0.722888032432
1973,0.71480554028
1974,0.905449457975
1975,0.18066988567
1976,0.753377670615
1977,0.66888192943
1978,0.870547497191
1979,0.768323870293
1980,0.4320758172
1981,0.819760681667
1982,0.653782095798
1983,0.861050961735
1984,0.741340170449
1985,0.418723580292
1986,0.909991437501
1987,0.738648563738
1988,0.638945390212
1989,0.737244053521
1990,0.721316238586
1991,0.363266347976
1992,0.445399012769
1993,0.536922156591
1994,0.741869753054
1995,0.596303389147
1996,0.459442524631
1997,0.727034644284
1998,0.469808598129
1999,0.596977334656
2000,0.878325274969
2001,0.121814574315
2002,0.771591038183
2003,0.588178253803
2004,0.526436235646
2005,0.449018845562
2006,0.390986965877
2007,0.53957477458
2008,0.636311380184
2009,0.525895907015
2010,0.293643578644
2011,0.558921654438
2012,0.545751543539
2013,0.861174186463
2014,0.79946501077
2015,0.696419912779
2016,0.690167055033
2017,0.872642440431
2018,0.547366068244
2019,0.345501555991
2020,0.774190443711
2021,0.440781147991
2022,0.638127797349
2023,0.438431348307
2024,0.489145446157
2025,0.433781546149
2026,0.880045417571
2027,0.370688550173
2028,0.662626017062
2029,0.423725527604
2030,0.641461154822
2031,0.687538929157
2032,0.845427955949
2033,0.540997089673
2034,0.0876021201021
2035,0.837769215279
2036,0.47235053218
2037,0.378241932067
2038,0.559670158946
2039,0.615343670212
2040,0.237166999667
2041,0.745779588598
2042,0.848100973127
2043,0.386907595342
2044,0.634481818392
2045,0.863692860599
2046,0.740319411868
2047,0.554490859857
2048,0.640977182861
2049,0.526847671072
2050,0.750313804164
2051,0.695226286603
2052,0.869052250191
2053,0.664346732072
2054,0.827636682203
2055,0.0702730602731
2056,0.663978471284
2057,0.742453682456
2058,0.810781453121
2059,0.445084787693
2060,0.244818481559
2061,0.526181583865
2062,0.197460223263
2063,0.306028437481
2064,0.513087986638
2065,0.217005714873
2066,0.157830686134
2067,0.484076894642
2068,0.210460789211
2069,0.540889936282
2070,0.866560569086
2071,0.393759961303
2072,0.132729361282
2073,0.372082836185
2074,0.556577941974
2075,0.741763076406
2076,0.537295833815
2077,0.85457856598
2078,0.481897494439
2079,0.557427831986
2080,0.464363525925
2081,0.539342224614
2082,0.583713180856
2083,0.77043452994
2084,0.457201809129
2085,0.558160964364
2086,0.506222933652
2087,0.810435398033
2088,0.505355345383
2089,0.530334924336
2090,0.552411605486
2091,0.3840279912
2092,0.587212847405
2093,0.608812484841
2094,0.814921491029
2095,0.834020390549
2096,0.429230887378
2097,0.366604726923
2098,0.347583641936
2099,0.801158255827
2100,0.214567690763
2101,0.571516020016
2102,0.814385580914
2103,0.400570990659
2104,0.877740479647
2105,0.435252593493
2106,0.638116770595
2107,0.64039991923
2108,0.70835508919
2109,0.54094221298
2110,0.437225500124
2111,0.551236063405
2112,0.737017780472
2113,0.155540716593
2114,0.528874346484
2115,0.643222203092
2116,0.761829352792
2117,0.420814595542
2118,0.589185824085
2119,0.432753309301
2120,0.51086749193
2121,0.605479737736
2122,0.407573933646
2123,0.695710090549
2124,0.476516851797
2125,0.406553129735
2126,0.762014523742
2127,0.402201095983
2128,0.83621037469
2129,0.131053704749
2130,0.856975688882
2131,0.850065322086
2132,0.491418989681
2133,0.617319003414
2134,0.337075047964
2135,0.480551965212
2136,0.5932198408
2137,0.342584232381
2138,0.784403533156
2139,0.201945613439
2140,0.888954574934
2141,0.440305522364
2142,0.643350587884
2143,0.356199619814
2144,0.403257018689
2145,0.584473372259
2146,0.452642911112
2147,0.301809823551
2148,0.777410170445
2149,0.637167924302
2150,0.634107326527
2151,0.543326685175
2152,0.491547639387
2153,0.286618402401
2154,0.6135729252
2155,0.60904547961
2156,0.261036134167
2157,0.27782555441
2158,0.444797058181
2159,0.143553704749
2160,0.69007027662
2161,0.879864662654
2162,0.322413254708
2163,0.646211707102
2164,0.475587128697
2165,0.140367469274
2166,0.594489811066
2167,0.704592240483
2168,0.508566940813
2169,0.302311934053
2170,0.62809366838
2171,0.839026410397
2172,0.492523669499
2173,0.628111656401
2174,0.493120309645
2175,0.545292321389
2176,0.580165747986
2177,0.891047973187
2178,0.761036563686
2179,0.768894952077
2180,0.37521363461
2181,0.588197705767
2182,0.775341428156
2183,0.474948288489
2184,0.86281762403
2185,0.649330182615
2186,0.76050923421
2187,0.838659836071
2188,0.370118091261
2189,0.780749269468
2190,0.629227819045
2191,0.258278316793
2192,0.463149125262
2193,0.273348261167
2194,0.538241171813
2195,0.169433621934
2196,0.442364318587
2197,0.321074501157
2198,0.633513323713
2199,0.576312273799
2200,0.537907075286
2201,0.584872284529
2202,0.174728699831
2203,0.439056023384
2204,0.13407037407
2205,0.663403496688
2206,0.644931841757
2207,0.444588521081
2208,0.159795920388
2209,0.796698412546
2210,0.673061313096
2211,0.558384935179
2212,0.46295514875
2213,0.23212320652
2214,0.570783659367
2215,0.278487665478
2216,0.879868062626
2217,0.520276527281
2218,0.385241298875
2219,0.351424257857
2220,0.423559270456
2221,0.824180478885
2222,0.519320812237
2223,0.692998001703
2224,0.392298765871
2225,0.323970433409
2226,0.564966812799
2227,0.402255235487
2228,0.602186103093
2229,0.661550208684
2230,0.535929272418
2231,0.380952281679
2232,0.606582136504
2233,0.673054920273
2234,0.730295857958
2235,0.482213896622
2236,0.423910467505
2237,0.476590939367
2238,0.385473369613
2239,0.415561595561
2240,0.591287479999
2241,0.63562597237
2242,0.855749137656
2243,0.459628423385
2244,0.779577699216
2245,0.556374819818
2246,0.497849823766
2247,0.451259068697
2248,0.626839835459
2249,0.252549476667
2250,0.201004711597
2251,0.697211012322
2252,0.598642283276
2253,0.841225328132
2254,0.671319701419
2255,0.140531726727
2256,0.444760601502
2257,0.711142865127
2258,0.483343854728
2259,0.526143526922
2260,0.617740251439
2261,0.671308857445
2262,0.266606060287
2263,0.340905214058
2264,0.555854276391
2265,0.599869367419
2266,0.648415380007
2267,0.719751602515
2268,0.242642311392
2269,0.543682460128
2270,0.539440941389
2271,0.501699980272
2272,0.557733878098
2273,0.672699358669
2274,0.894407146314
2275,0.414188924065
2276,0.472724160324
2277,0.716218823085
2278,0.301201039504
2279,0.162803405745
2280,0.908018257425
2281,0.471524166481
2282,0.504735338056
2283,0.813001921919
2284,0.376935617713
2285,0.385838332143
2286,0.27301606606
2287,0.572524785334
2288,0.817468887821
2289,0.635633700745
2290,0.893018257425
2291,0.431002046609
2292,0.778412289194
2293,0.227769766465
2294,0.571644342277
2295,0.806300414568
2296,0.546493933138
2297,0.709683177475
2298,0.614574409084
2299,0.785167573711
2300,0.426989962798
2301,0.374240781611
2302,0.808340287534
2303,0.693413787247
2304,0.797153326746
2305,0.761768573212
2306,0.487961385226
2307,0.723674285549
2308,0.636371052543
2309,0.545693099242
2310,0.744486511393
2311,0.82999140654
2312,0.42866948847
2313,0.801879374994
2314,0.397291825021
2315,0.437062570113
2316,0.599604902759
2317,0.617976424446
2318,0.848175421167
2319,0.869991941635
2320,0.621246628364
2321,0.611491299196
2322,0.627719337414
2323,0.506965075019
2324,0.425267307609
2325,0.571859601107
2326,0.299101641168
2327,0.431827402771
2328,0.746749920831
2329,0.814202666295
2330,0.819778082567
2331,0.75834403522
2332,0.307739715576
2333,0.567534948051
2334,0.300364321005
2335,0.532114658533
2336,0.556517938446
2337,0.470451042945
2338,0.610829421003
2339,0.818243936636
2340,0.705638153941
2341,0.282473847495
2342,0.787629785095
2343,0.59469293154
2344,0.585227054516
2345,0.879991941635
2346,0.49193811132
2347,0.256153510652
2348,0.0928524253524
2349,0.398231386464
2350,0.526345046791
2351,0.598932790921
2352,0.217678352835
2353,0.256111740336
2354,0.86615317806
2355,0.278773098732
2356,0.205895328395
2357,0.90066654481
2358,0.733694465536
2359,0.226302844897
2360,0.583031602546
2361,0.382771334436
2362,0.354669260043
2363,0.329433795192
2364,0.113435453435
2365,0.565361900713
2366,0.689593515922
2367,0.388160040611
2368,0.329820092674
2369,0.362513471929
2370,0.143026510527
2371,0.712595674304
2372,0.642232293062
2373,0.725970123895
2374,0.628755675691
2375,0.713157817785
2376,0.473538095343
2377,0.87886874089
2378,0.452024779994
2379,0.890449457975
2380,0.778056114095
2381,0.909991941635
2382,0.0920121907078
2383,0.679337196942
2384,0.312718696547
2385,0.132258297258
2386,0.916629368536
2387,0.202165352763
2388,0.560201778795
2389,0.866708733615
2390,0.524959162124
2391,0.728622169532
2392,0.152724040665
2393,0.747436271795
2394,0.781080505163
2395,0.269148624741
2396,0.380495486636
2397,0.612214070241
2398,0.537138205167
2399,0.470051990699
2400,0.667487789484
2401,0.866935933676
2402,0.574211754648
2403,0.349683825288
2404,0.385296675025
2405,0.774471651684
2406,0.385891090565
2407,0.46046066961
2408,0.729528619709
2409,0.477752120849
2410,0.328661297806
2411,0.365190846081
2412,0.722809986898
2413,0.675488831681
2414,0.238496712211
2415,0.501772729214
2416,0.819767632132
2417,0.333428105659
2418,0.753763557104
2419,0.499272819651
2420,0.602947802176
2421,0.440419916887
2422,0.796964229753
2423,0.424952075447
2424,0.724158880887
2425,0.679822932598
2426,0.52735901098
2427,0.318097154746
2428,0.44439583282
2429,0.643449342908
2430,0.450810765923
2431,0.183812612119
2432,0.398870018267
2433,0.458441813818
2434,0.639692789572
2435,0.788032409662
2436,0.715447707825
2437,0.540299260744
2438,0.565703138476
2439,0.293152026773
2440,0.422493785105
2441,0.130331057831
2442,0.816744053749
2443,0.407087689456
2444,0.407782179986
2445,0.778473144823
2446,0.460978654467
2447,0.626074115357
2448,0.653198235435
2449,0.543936793741
2450,0.741639887739
2451,0.595187230457
2452,0.266686289343
2453,0.295356998297
2454,0.786288140021
2455,0.306608114108
2456,0.501887171902
2457,0.730809858025
2458,0.176150575057
2459,0.920190467427
2460,0.752547736864
2461,0.731350052824
2462,0.520472087637
2463,0.828364274463
2464,0.601834476135
2465,0.417204010874
2466,0.676568183371
2467,0.135396949794
2468,0.542203961216
2469,0.489563380657
2470,0.280286461855
2471,0.905408147408
2472,0.653762562677
2473,0.727338314759
2474,0.158688811189
2475,0.438793041231
2476,0.243859549743
2477,0.511538613756
2478,0.671998770372
2479,0.603808604181
2480,0.359225454719
2481,0.665183104365
2482,0.689222326925
2483,0.559194799459
2484,0.826487892998
2485,0.515540682629
2486,0.66288804618
2487,0.488308121416
2488,0.662608209976
2489,0.612517450054
2490,0.208121026715
2491,0.622063818007
2492,0.485392339302
2493,0.390958940822
2494,0.556019893607
2495,0.128804806305
2496,0.934053169053
2497,0.744266934115
2498,0.644061366891
2499,0.583255436306
2500,0.529342718355
2501,0.408524421263
2502,0.202376139624
2503,0.618402623428
2504,0.645016667475
2505,0.20662735673
2506,0.721731008304
2507,0.546832160845
2508,0.617965390866
2509,0.475574624795
2510,0.803101329963
2511,0.78569577751
2512,0.507492783975
2513,0.546576177621
2514,0.398410608909
2515,0.66622567674
2516,0.919926184926
2517,0.644490669765
2518,0.866745079482
2519,0.486805170636
2520,0.872697460434
2521,0.149391566288
2522,0.147805622908
2523,0.594316346729
2524,0.482564686403
2525,0.474745576436
2526,0.597351615257
2527,0.837190467427
2528,0.828070267452
2529,0.756619564307
2530,0.271101138391
2531,0.628663228463
2532,0.263296122046
2533,0.408464679337
2534,0.898058571545
2535,0.790757353757
2536,0.653886135113
2537,0.298230483135
2538,0.200555461359
2539,0.728201342191
2540,0.429001217504
2541,0.124474414474
2542,0.788803128165
2543,0.786946929919
2544,0.64661846614
2545,0.874787296037
2546,0.673651300083
2547,0.179182681839
2548,0.496237063042
2549,0.621212582055
2550,0.701961784544
2551,0.576257987088
2552,0.360370205098
2553,0.561085202628
2554,0.70518185455
2555,0.671614655466
2556,0.744807830377
2557,0.255110124178
2558,0.112363228559
2559,0.470627255727
2560,0.823570106397
2561,0.84012107291
2562,0.857065073815
2563,0.571235953904
2564,0.788779561079
2565,0.369378080467
2566,0.312343731274
2567,0.387019253741
2568,0.360449660241
2569,0.915721376325
2570,0.547227575842
2571,0.833232922049
2572,0.703182058682
2573,0.568050483747
2574,0.281650134647
2575,0.533568932402
2576,0.462950349796
2577,0.881957352589
2578,0.341378816484
2579,0.251630552503
2580,0.341570221003
2581,0.464216571201
2582,0.548194018839
2583,0.543435531354
2584,0.498726841881
2585,0.372003328617
2586,0.711897914866
2587,0.313450285864
2588,0.508053957728
2589,0.501981057949
2590,0.847082897945
2591,0.10703162034
2592,0.490465472669
2593,0.896485339222
2594,0.6289643587
2595,0.553255242658
2596,0.138902783041
2597,0.098515136824
2598,0.546112057702
2599,0.432580594367
2600,0.435889205092
2601,0.476021329413
2602,0.636523608958
2603,0.806528431493
2604,0.671923036621
2605,0.329922434845
2606,0.214666775876
2607,0.560735955125
2608,0.433792692724
2609,0.121746192404
2610,0.422957578494
2611,0.430267760964
2612,0.947703962704
2613,0.263701975687
2614,0.602799569238
2615,0.472930192058
2616,0.59527929688
2617,0.482713180684
2618,0.560359561861
2619,0.868846450333
2620,0.504001242207
2621,0.899202741703
2622,0.391860628039
2623,0.610929312133
2624,0.84851275625
2625,0.398624746248
2626,0.226997424201
2627,0.690075477154
2628,0.363537739987
2629,0.216904810875
2630,0.519316378787
2631,0.261098600802
2632,0.465985852087
2633,0.198376117347
2634,0.390945284192
2635,0.771415816153
2636,0.428770925969
2637,0.341993527854
2638,0.64315412372
2639,0.564304067872
2640,0.323587029696
2641,0.112803903613
2642,0.50550088529
2643,0.189133788794
2644,0.32423743377
2645,0.54741695789
2646,0.54456224544
2647,0.211709581268
2648,0.320378284297
2649,0.238898127489
2650,0.381248842717
2651,0.749392106321
2652,0.723221741222
2653,0.150464384649
2654,0.781223878026
2655,0.763466997669
2656,0.934053169053
2657,0.234899357179
2658,0.582804534661
2659,0.861534230396
2660,0.539173009612
2661,0.349331249873
2662,0.407988247289
2663,0.751585471099
2664,0.612989648935
2665,0.701342321069
2666,0.551074200604
2667,0.549493143772
2668,0.653502839232
2669,0.904317451554
2670,0.623028473235
2671,0.222660701404
2672,0.419989215359
2673,0.731360634834
2674,0.708851061167
2675,0.603758624283
2676,0.238670990135
2677,0.589897402001
2678,0.31638938007
2679,0.639861835255
2680,0.190847069597
2681,0.184275079054
2682,0.298689572553
2683,0.319337909582
2684,0.543232497323
2685,0.555287916931
2686,0.249549450549
2687,0.20534132309
2688,0.53466853408
2689,0.644957055049
2690,0.272196059228
2691,0.810506240097
2692,0.419660391004
2693,0.752971056089
2694,0.44138455761
2695,0.477464271576
2696,0.516404065855
2697,0.530605421674
2698,0.215566069608
2699,0.63858952106
2700,0.341263520793
2701,0.748645938611
2702,0.919926184926
2703,0.845929783667
2704,0.152284170078
2705,0.697683675545
2706,0.717187928677
2707,0.52047886513
2708,0.680574071339
2709,0.097764221073
2710,0.518824592701
2711,0.182342697625
2712,0.864435925186
2713,0.413215894739
2714,0.435034011267
2715,0.564208515954
2716,0.807249149486
2717,0.775020318124
2718,0.424534751393
2719,0.549101138318
2720,0.530856812568
2721,0.474576524447
2722,0.487519213975
2723,0.531873785439
2724,0.366608391046
2725,0.40349545111
2726,0.424469093716
2727,0.757247037703
2728,0.588919589575
2729,0.671354305642
2730,0.924037296037
2731,0.719007691556
2732,0.882030793768
2733,0.823185089764
2734,0.437238643146
2735,0.571628979721
2736,0.547142388431
2737,0.562669830968
2738,0.396421725468
2739,0.456114559437
2740,0.760433745533
2741,0.369330115051
2742,0.888358355095
2743,0.607263785304
2744,0.711332354262
2745,0.224871327073
2746,0.600075750258
2747,0.391970276451
2748,0.676030010036
2749,0.533978940609
2750,0.649409473725
2751,0.822836349323
2752,0.483434284892
2753,0.492225121536
2754,0.851199584048
2755,0.197448175557
2756,0.750874640004
2757,0.380746342128
2758,0.746866191463
2759,0.275800043949
2760,0.623534416991
2761,0.641542528564
2762,0.432294921755
2763,0.718901092733
2764,0.470866697089
2765,0.547880328828
2766,0.741201206193
2767,0.79909894346
2768,0.583643686737
2769,0.81333963751
2770,0.463359697
2771,0.556253692935
2772,0.620589096528
2773,0.68528722489
2774,0.336945481707
2775,0.165227111654
2776,0.858854488591
2777,0.108183899434
2778,0.481199311012
2779,0.248469709429
2780,0.542207757631
2781,0.67481476978
2782,0.734626434108
2783,0.449382152268
2784,0.190553389263
2785,0.449219473243
2786,0.272059081283
2787,0.288299074509
2788,0.819606307435
2789,0.586338589779
2790,0.751817060861
2791,0.503992237716
2792,0.675077403458
2793,0.596586889208
2794,0.488245065757
2795,0.41604214153
2796,0.413101364038
2797,0.34463779656
2798,0.31484251148
2799,0.722388412612
2800,0.797812209616
2801,0.63276903458
2802,0.717424988552
2803,0.614037791645
2804,0.377013232331
2805,0.113973012282
2806,0.483965239224
2807,0.509261062154
2808,0.8259002109
2809,0.362135067671
2810,0.359838074724
2811,0.423777797291
2812,0.643347805693
2813,0.369308458712
2814,0.271636534231
2815,0.608032498397
2816,0.428444767422
2817,0.5164886807
2818,0.72051977191
2819,0.693172984995
2820,0.579935601139
2821,0.31723995217
2822,0.922942057942
2823,0.25960737291
2824,0.368272320658
2825,0.129234001293
2826,0.562775352344
2827,0.677724372255
2828,0.602869673308
2829,0.438676781357
2830,0.670351200616
2831,0.622008273274
2832,0.588680067764
2833,0.718271155972
2834,0.547701943602
2835,0.819219257351
2836,0.325479991244
2837,0.403751393158
2838,0.290737676859
2839,0.750076656908
2840,0.266970064644
2841,0.572389232034
2842,0.399976335553
2843,0.815142167287
2844,0.356372993563
2845,0.761460674308
2846,0.691164286946
2847,0.913176767677
2848,0.740421111775
2849,0.526304944052
2850,0.611761147953
2851,0.46712307967
2852,0.570953047515
2853,0.416723287771
2854,0.616309862181
2855,0.327297949195
2856,0.147939099958
2857,0.116135710695
2858,0.762165443875
2859,0.148243464052
2860,0.556097586085
2861,0.463976204342
2862,0.450762930077
2863,0.479863502004
2864,0.0727152014652
2865,0.280395240308
2866,0.478383894456
2867,0.861375185965
2868,0.809421847159
2869,0.687480562482
2870,0.616629932665
2871,0.270285149547
2872,0.504817715443
2873,0.58622792451
2874,0.510252805682
2875,0.514777087908
2876,0.834656556893
2877,0.202413426986
2878,0.57433132501
2879,0.935820845821
2880,0.49935565906
2881,0.0815445665446
2882,0.409606425476
2883,0.473578756958
2884,0.280032414217
2885,0.50445610455
2886,0.766820763682
2887,0.575117618458
2888,0.783331874272
2889,0.554560655051
2890,0.108122890182
2891,0.629195154684
2892,0.359106934946
2893,0.944037296037
2894,0.288621027701
2895,0.858958442991
2896,0.858992479591
2897,0.779338060304
2898,0.481342990553
2899,0.459433312819
2900,0.0950366300366
2901,0.480844753436
2902,0.592023750295
2903,0.882164280164
2904,0.50628674801
2905,0.500880358976
2906,0.925818672556
2907,0.540585866539
2908,0.811725941579
2909,0.253632833847
2910,0.39775739475
2911,0.3041809769
2912,0.413103669285
2913,0.566602166994
2914,0.499563851581
2915,0.458426843721
2916,0.378750696565
2917,0.578368631945
2918,0.251502707626
2919,0.16328162034
2920,0.690556128224
2921,0.463309840013
2922,0.560390961699
2923,0.532166592734
2924,0.266625731548
2925,0.466177144833
2926,0.380991313727
2927,0.668416394893
2928,0.383564609663
2929,0.420461557108
2930,0.702466644553
2931,0.48653238078
2932,0.520471301133
2933,0.511363485802
2934,0.491364400664
2935,0.722847614667
2936,0.771681480655
2937,0.286532801526
2938,0.878799200799
2939,0.328080012525
2940,0.796898098496
2941,0.571520337703
2942,0.456370115402
2943,0.239783321254
2944,0.500832193744
2945,0.393175644617
2946,0.724629107741
2947,0.115445804196
2948,0.774030685091
2949,0.240329188177
2950,0.453947317319
2951,0.259993509898
2952,0.619586134269
2953,0.395480901057
2954,0.363338259385
2955,0.61572365335
2956,0.869870629371
2957,0.404400680977
2958,0.51944050569
2959,0.709174073236
2960,0.36641810485
2961,0.811174162943
2962,0.558870351317
2963,0.442272408964
2964,0.463222986915
2965,0.571351626585
2966,0.459380483236
2967,0.766963545368
2968,0.71323714821
2969,0.58748841501
2970,0.811975238212
2971,0.454902116563
2972,0.691658730159
2973,0.654172614792
2974,0.28585837309
2975,0.842668948985
2976,0.44644801749
2977,0.682209586716
2978,0.482615066007
2979,0.764221598583
2980,0.274474310859
2981,0.49233933029
2982,0.49532423054
2983,0.714280859246
2984,0.101187423687
2985,0.127561139841
2986,0.715998405725
2987,0.353947694462
2988,0.262478722258
2989,0.280222922502
2990,0.118542609351
2991,0.863960296902
2992,0.434428853072
2993,0.449258681967
2994,0.870523800761
2995,0.248423395469
2996,0.362874456216
2997,0.588084669522
2998,0.361258111424
2999,0.823870629371
3000,0.465251423287
3001,0.19221743295
3002,0.487350395998
3003,0.638318107287
3004,0.494159167924
3005,0.789841441755
3006,0.587567713549
3007,0.601983631043
3008,0.303597041896
3009,0.506472120003
3010,0.55808799917
3011,0.737096560847
3012,0.564558394774
3013,0.677040016958
3014,0.365356194762
3015,0.500940406738
3016,0.392872680058
3017,0.454125975281
3018,0.468657200883
3019,0.131848470157
3020,0.563240312461
3021,0.266292784013
3022,0.831852591853
3023,0.829610528361
3024,0.640633875273
3025,0.858613863954
3026,0.566654199778
3027,0.593798398313
3028,0.471753309851
3029,0.16653092006
3030,0.796413971512
3031,0.89202994787
3032,0.461663641492
3033,0.524778180153
3034,0.660050887021
3035,0.113930523773
3036,0.141972096531
3037,0.342557525816
3038,0.451462756658
3039,0.808402116402
3040,0.63196619561
3041,0.675815376033
3042,0.440547809392
3043,0.549035484426
3044,0.834470843333
3045,0.445746004986
3046,0.548910770483
3047,0.210803044386
3048,0.302833590142
3049,0.227846369317
3050,0.516235441535
3051,0.864747613498
3052,0.873787939695
3053,0.642978053221
3054,0.547153242294
3055,0.195677098426
3056,0.657262803614
3057,0.286035921519
3058,0.130108502609
3059,0.50111373071
3060,0.541356289666
3061,0.404610937688
3062,0.31414664255
3063,0.493590110556
3064,0.398765548821
3065,0.668914382979
3066,0.510835038952
3067,0.523169520496
3068,0.562326720704
3069,0.426700045172
3070,0.677403968492
3071,0.560668339277
3072,0.931830946831
3073,0.554825178289
3074,0.439006372188
3075,0.582127645129
3076,0.281371453091
3077,0.140312881563
3078,0.497013486888
3079,0.889942057942
3080,0.295869581773
3081,0.646340739252
3082,0.944037296037
3083,0.327906581481
3084,0.578948225696
3085,0.870829882702
3086,0.380699006022
3087,0.247127845065
3088,0.413932379113
3089,0.812595598846
3090,0.785656834122
3091,0.409468860605
3092,0.623916292211
3093,0.755873126879
3094,0.909945656682
3095,0.80932370408
3096,0.734009016131
3097,0.497136625826
3098,0.623191745656
3099,0.29609280204
3100,0.485092237271
3101,0.750099373623
3102,0.893414280164
3103,0.6540990849
3104,0.767541474447
3105,0.401824682157
3106,0.411869664067
3107,0.121784188034
3108,0.631171783397
3109,0.403001750771
3110,0.871407777895
3111,0.736695276339
3112,0.697896262773
3113,0.0654532967033
3114,0.412104359117
3115,0.513076084601
3116,0.386194934444
3117,0.517385126253
3118,0.653419349161
3119,0.790666295497
3120,0.628267578095
3121,0.267424455193
3122,0.524302939851
3123,0.662814197906
3124,0.691646377593
3125,0.510492573523
3126,0.606220084851
3127,0.806322706288
3128,0.649332261959
3129,0.52290498072
3130,0.901414280164
3131,0.290724113963
3132,0.823697176328
3133,0.521705752086
3134,0.454677077208
3135,0.156327713137
3136,0.464124666438
3137,0.713566136398
3138,0.230664058727
3139,0.261080148678
3140,0.449972469905
3141,0.868307350544
3142,0.737521055748
3143,0.734780454313
3144,0.361754957169
3145,0.599913275034
3146,0.942942057942
3147,0.226200052112
3148,0.432147364288
3149,0.498051537064
3150,0.795185081872
3151,0.536227007044
3152,0.427189178475
3153,0.83982937067
3154,0.457785802414
3155,0.476451793361
3156,0.898707561444
3157,0.927703962704
3158,0.371463914791
3159,0.332312221565
3160,0.281355890278
3161,0.680003419765
3162,0.563271716478
3163,0.455102319965
3164,0.425501698735
3165,0.429144028838
3166,0.267465146652
3167,0.656717091394
3168,0.778421213405
3169,0.871682914786
3170,0.612523802456
3171,0.852273815114
3172,0.813669682657
3173,0.732847792558
3174,0.298426345297
3175,0.38934667782
3176,0.709858012627
3177,0.393007884647
3178,0.218235743015
3179,0.690505187341
3180,0.604552681042
3181,0.600394104047
3182,0.599610955069
3183,0.494058853029
3184,0.346883097419
3185,0.765969105456
3186,0.910735339222
3187,0.445943959883
3188,0.69179332061
3189,0.77439639194
3190,0.850357503608
3191,0.298918027617
3192,0.718397904733
3193,0.753601689408
3194,0.919154179154
3195,0.485210304647
3196,0.591664223617
3197,0.677478823319
3198,0.146935425685
3199,0.4024520175
3200,0.699808234248
3201,0.126758959994
3202,0.708264775633
3203,0.637642831712
3204,0.459523313583
3205,0.215415140415
3206,0.683347438966
3207,0.571404469521
3208,0.58668859463
3209,0.398288947273
3210,0.334940157318
3211,0.752088166604
3212,0.52582162838
3213,0.41932152079
3214,0.446090497648
3215,0.143723185432
3216,0.514259831728
3217,0.328409271843
3218,0.772123823064
3219,0.595891001508
3220,0.724834549659
3221,0.661965185365
3222,0.788603210359
3223,0.759876193546
3224,0.787099206349
3225,0.84228306002
3226,0.505264938876
3227,0.443524999255
3228,0.440419915364
3229,0.676768923422
3230,0.485904646278
3231,0.652231632298
3232,0.501647413641
3233,0.938815073815
3234,0.723667511631
3235,0.387572053293
3236,0.516270125876
3237,0.413717776908
3238,0.555415372794
3239,0.707820337557
3240,0.609632028384
3241,0.766460305736
3242,0.331686706307
3243,0.523540457498
3244,0.755131763196
3245,0.108522727273
3246,0.146104237628
3247,0.431919910722
3248,0.456907316785
3249,0.443325923194
3250,0.557310943753
3251,0.76735965205
3252,0.13693088774
3253,0.411173328706
3254,0.256417450265
3255,0.473721369031
3256,0.526636735683
3257,0.556730625904
3258,0.209053418803
3259,0.67797165415
3260,0.213581004493
3261,0.665574398447
3262,0.098515136824
3263,0.700354891783
3264,0.607328943705
3265,0.305095367176
3266,0.87293688304
3267,0.51852592974
3268,0.334037228098
3269,0.834246857086
3270,0.487500016578
3271,0.866511054248
3272,0.574864751669
3273,0.416987621703
3274,0.633911883723
3275,0.706574445833
3276,0.5316023738
3277,0.454977237982
3278,0.694046578723
3279,0.876648407148
3280,0.280434696859
3281,0.622380948229
3282,0.582702034429
3283,0.275962169366
3284,0.588870864549
3285,0.842939625676
3286,0.623129480871
3287,0.265311308789
3288,0.169349259598
3289,0.634490398988
3290,0.599233384999
3291,0.355243391572
3292,0.53078097739
3293,0.750610690076
3294,0.451930450385
3295,0.450472865893
3296,0.434851612136
3297,0.632447556303
3298,0.749497715128
3299,0.421530708481
3300,0.475142709319
3301,0.44033788328
3302,0.236144917411
3303,0.316593731648
3304,0.776561580031
3305,0.524542092859
3306,0.535705123023
3307,0.192061415551
3308,0.244904867135
3309,0.520229845858
3310,0.543368540435
3311,0.856006917207
3312,0.849549536469
3313,0.610646567964
3314,0.71623922206
3315,0.13187136393
3316,0.557483191083
3317,0.557304607343
3318,0.629696673625
3319,0.850542108275
3320,0.162194170772
3321,0.688587301587
3322,0.730962154602
3323,0.428480393115
3324,0.800541481324
3325,0.392317522877
3326,0.629711869248
3327,0.592064934868
3328,0.396996395297
3329,0.71930030376
3330,0.450669495593
3331,0.55897289027
3332,0.362482630612
3333,0.703518202914
3334,0.458152349948
3335,0.415879900048
3336,0.67612261877
3337,0.173697478992
3338,0.525881511432
3339,0.831180695042
3340,0.726445955327
3341,0.703183303624
3342,0.110550168785
3343,0.947703962704
3344,0.375439570562
3345,0.449980666008
3346,0.675332762768
3347,0.620422930234
3348,0.274816568658
3349,0.409690101784
3350,0.14758636788
3351,0.816654767495
3352,0.670825539345
3353,0.638197339321
3354,0.0764180672269
3355,0.534538039498
3356,0.375961648509
3357,0.510490771309
3358,0.844385772123
3359,0.496344573151
3360,0.559430757003
3361,0.942942057942
3362,0.520561780244
3363,0.750559655424
3364,0.479826235814
3365,0.753747816941
3366,0.604014791486
3367,0.502635159277
3368,0.800183853671
3369,0.83639535586
3370,0.766191465184
3371,0.794436868687
3372,0.687066303535
3373,0.561886636296
3374,0.447672992238
3375,0.555719611403
3376,0.757765704931
3377,0.657689607971
3378,0.177963512666
3379,0.546820792863
3380,0.492898511499
3381,0.184096369317
3382,0.543483462279
3383,0.392253901518
3384,0.619826805489
3385,0.582816323487
3386,0.635608189235
3387,0.294851129459
3388,0.896509309404
3389,0.456545527625
3390,0.388540037541
3391,0.166522558982
3392,0.542544124505
3393,0.518924530156
3394,0.344914181724
3395,0.413363361114
3396,0.353880364189
3397,0.592051024785
3398,0.347736422233
3399,0.450376098374
3400,0.858368054466
3401,0.447318224399
3402,0.395333104531
3403,0.573914959101
3404,0.578917904525
3405,0.913918836759
3406,0.69118863155
3407,0.511027234338
3408,0.311849524667
3409,0.658703973465
3410,0.576571474286
3411,0.780983062752
3412,0.217011738262
3413,0.385980342623
3414,0.680862843574
3415,0.611740402276
3416,0.449644982082
3417,0.61075883296
3418,0.693533204142
3419,0.28885247479
3420,0.706009187814
3421,0.168926919486
3422,0.298626427404
3423,0.708656885518
3424,0.387200476155
3425,0.432872256846
3426,0.371963165609
3427,0.827791847042
3428,0.494292724935
3429,0.593487656191
3430,0.598796681617
3431,0.47219951068
3432,0.541272514146
3433,0.603943133687
3434,0.551867136294
3435,0.260405005182
3436,0.526301929105
3437,0.79937841671
3438,0.579442972602
3439,0.406197182677
3440,0.914707561444
3441,0.229703712157
3442,0.554089216498
3443,0.732714762675
3444,0.512564299614
3445,0.669682494672
3446,0.412654850033
3447,0.422804684836
3448,0.864515240614
3449,0.691963077818
3450,0.659281081143
3451,0.285284767951
3452,0.549319612401
3453,0.836002022566
3454,0.313906206441
3455,0.587213246017
3456,0.601873686442
3457,0.608531272497
3458,0.383103008824
3459,0.841418461655
3460,0.706810347275
3461,0.746614754296
3462,0.891192057942
3463,0.322196868089
3464,0.156672910423
3465,0.444298184912
3466,0.179562055591
3467,0.822911045868
3468,0.294756332917
3469,0.928953962704
3470,0.898010476114
3471,0.85941268965
3472,0.743480276546
3473,0.74071273492
3474,0.434021897779
3475,0.934053169053
3476,0.592043703047
3477,0.525229500606
3478,0.493919842023
3479,0.646326035244
3480,0.403711726343
3481,0.615592836455
3482,0.133222096531
3483,0.501725002793
3484,0.469450425282
3485,0.324306312171
3486,0.328113750226
3487,0.828237413927
3488,0.482196366888
3489,0.228889864879
3490,0.398569278198
3491,0.543415886215
3492,0.575841632224
3493,0.854628708398
3494,0.435185245502
3495,0.585413870115
3496,0.301719488077
3497,0.475542236876
3498,0.427293956841
3499,0.321080617144
3500,0.341475298817
3501,0.504763013273
3502,0.550767529471
3503,0.622792636015
3504,0.64919578672
3505,0.807344655345
3506,0.420640526853
3507,0.347874431006
3508,0.380443271091
3509,0.468860824481
3510,0.283489145395
3511,0.614472736413
3512,0.720826719577
3513,0.288050365602
3514,0.794807141689
3515,0.252205721279
3516,0.625171851234
3517,0.110583166833
3518,0.722760791496
3519,0.732786278479
3520,0.328150165724
3521,0.475046039858
3522,0.577941789563
3523,0.571899002496
3524,0.763206719302
3525,0.443583146444
3526,0.918537296037
3527,0.770051854125
3528,0.337904607367
3529,0.358558963361
3530,0.854425921779
3531,0.679576222252
3532,0.547651091725
3533,0.388670041181
3534,0.851215599702
3535,0.910248571352
3536,0.626378275772
3537,0.36257045443
3538,0.825347033084
3539,0.432460640264
3540,0.773443167305
3541,0.827534061741
3542,0.556577036375
3543,0.886926184926
3544,0.530530809357
3545,0.160490802864
3546,0.822316031669
3547,0.708591834252
3548,0.500349111631
3549,0.4250428456
3550,0.684354354354
3551,0.283336358247
3552,0.55622326085
3553,0.391899956346
3554,0.75121818325
3555,0.825998758441
3556,0.811847518701
3557,0.57331965211
3558,0.301718401005
3559,0.595245210757
3560,0.25132106555
3561,0.519781866285
3562,0.572724251877
3563,0.752525497749
3564,0.43695183055
3565,0.598285183447
3566,0.932154179154
3567,0.357716966896
3568,0.445563644514
3569,0.482549897952
3570,0.480562676425
3571,0.397435878861
3572,0.683455491621
3573,0.373681395322
3574,0.4377084337
3575,0.518414422928
3576,0.693240030604
3577,0.575690434485
3578,0.471920699136
3579,0.548944460108
3580,0.535005390723
3581,0.442523596314
3582,0.813173762942
3583,0.548982265384
3584,0.609535864751
3585,0.577524528187
3586,0.699887152894
3587,0.566028274934
3588,0.814301062377
3589,0.58492054583
3590,0.574429960219
3591,0.463742378098
3592,0.558998594342
3593,0.568660126339
3594,0.883929783667
3595,0.562228142464
3596,0.280377514079
3597,0.236397223219
3598,0.63757768094
3599,0.728595759399
3600,0.833418248418
3601,0.609942077273
3602,0.684167344669
3603,0.549467724156
3604,0.238637459947
3605,0.263030136136
3606,0.402681212775
3607,0.559983429136
3608,0.830318778922
3609,0.632094603934
3610,0.458387729983
3611,0.459474058211
3612,0.695217296691
3613,0.576173519751
3614,0.218843241087
3615,0.873891053391
3616,0.0654532967033
3617,0.556567290088
3618,0.523304978129
3619,0.57433156493
3620,0.675906123082
3621,0.588599942758
3622,0.310204969849
3623,0.737532901722
3624,0.154105616606
3625,0.562915375395
3626,0.505281338849
3627,0.602303546319
3628,0.733093779034
3629,0.507612974972
3630,0.41262812993
3631,0.835697460434
3632,0.546444929291
3633,0.724783114395
3634,0.59047792231
3635,0.376160606475
3636,0.810159581646
3637,0.780046537459
3638,0.325767233142
3639,0.503590507393
3640,0.794710070379
3641,0.279702470732
3642,0.778795774407
3643,0.458879677176
3644,0.462606807447
3645,0.518877119404
3646,0.73145498142
3647,0.618936941156
3648,0.418027223643
3649,0.307841246652
3650,0.600217395412
3651,0.310770891426
3652,0.675123894025
3653,0.203494655513
3654,0.306859766651
3655,0.83917005217
3656,0.592571720754
3657,0.663436240661
3658,0.632995510926
3659,0.217458880988
3660,0.284444683623
3661,0.525903736715
3662,0.338544405372
3663,0.167263520793
3664,0.394010839752
3665,0.431443569585
3666,0.582326393194
3667,0.599885340877
3668,0.423458561708
3669,0.346247926534
3670,0.79891452905
3671,0.544266713327
3672,0.551273067538
3673,0.754209363282
3674,0.461139245898
3675,0.531527823067
3676,0.490160371676
3677,0.591370031906
3678,0.657487815874
3679,0.56146295814
3680,0.304145650861
3681,0.234629180499
3682,0.403648790826
3683,0.302169035281
3684,0.506127183287
3685,0.260880146403
3686,0.210128769971
3687,0.666978652386
3688,0.582706389288
3689,0.708950900125
3690,0.554518251258
3691,0.213920947892
3692,0.310149285898
3693,0.738410216112
3694,0.812682808148
3695,0.194569899814
3696,0.503555515121
3697,0.810073172039
3698,0.409287388697
3699,0.705005957439
3700,0.585230856313
3701,0.696178312921
3702,0.806730309938
3703,0.675106345902
3704,0.680545881171
3705,0.506667464139
3706,0.118417456726
3707,0.610968251233
3708,0.858951428688
3709,0.310716739687
3710,0.611660125896
3711,0.24849523617
3712,0.446709178465
3713,0.387940080692
3714,0.509407220973
3715,0.705745306366
3716,0.668443535309
3717,0.501680054182
3718,0.154765136824
3719,0.5296268027
3720,0.569782332408
3721,0.517157357427
3722,0.848522021838
3723,0.710677624067
3724,0.491687768203
3725,0.749620419556
3726,0.913612323349
3727,0.43375792816
3728,0.197730294272
3729,0.586043892015
3730,0.25217505627
3731,0.204268256254
3732,0.900602693603
3733,0.581150595104
3734,0.524569150099
3735,0.524330970999
3736,0.645236052352
3737,0.222895388925
3738,0.486852420764
3739,0.5765976746
3740,0.506277718546
3741,0.726276648325
3742,0.596079666459
3743,0.550374254652
3744,0.477419299592
3745,0.101958180708
3746,0.861758297258
3747,0.60996631171
3748,0.465811999218
3749,0.554880325087
3750,0.694793386826
3751,0.41580151294
