MoleculeId,tfidf_svm-PredictedProbability
1,0.477349798666
2,0.698785929066
3,0.124072447574
4,0.235451183874
5,0.0337231624594
6,0.613950502359
7,0.699404350821
8,0.704210424548
9,0.507356093133
10,0.552593705972
11,0.275818785445
12,0.402932280644
13,0.668342987882
14,0.622342690901
15,0.108854287194
16,0.42369769638
17,0.517029612157
18,0.42923775273
19,0.185454146544
20,0.508671862266
21,0.751154728202
22,0.440290326123
23,0.5
24,0.123179603161
25,0.188523679552
26,0.8323695555
27,0.555625984949
28,0.646083848491
29,0.707224180748
30,0.729994846535
31,0.25368730939
32,0.64487016902
33,0.0430425515504
34,0.735082135774
35,0.392288694802
36,0.431045149551
37,0.600838318043
38,0.747209439795
39,0.242621651051
40,0.74659612026
41,0.748481944167
42,0.140854742804
43,0.107084246257
44,0.721561845713
45,0.303033293894
46,0.718693920212
47,0.244397282635
48,0.668398804543
49,0.420217201914
50,0.662739870412
51,0.697218132535
52,0.674978221676
53,0.197353028383
54,0.705885571401
55,0.715558412727
56,0.680817183293
57,0.136511270106
58,0.137917755447
59,0.825136694418
60,0.615639222259
61,0.535947778131
62,0.277444566494
63,0.519610586171
64,0.733913374317
65,0.527577479336
66,0.513104729751
67,0.291159133484
68,0.70850685612
69,0.234554581763
70,0.565088632896
71,0.246886615774
72,0.522761009802
73,0.568601951602
74,0.534200384882
75,0.826251993816
76,0.74972229249
77,0.375589554363
78,0.46814716891
79,0.722238751116
80,0.0468270531783
81,0.751836404749
82,0.310836185329
83,0.264375350235
84,0.761920774599
85,0.741804550775
86,0.523019603257
87,0.478600719987
88,0.632438224841
89,0.702157839434
90,0.73074428892
91,0.739247465727
92,0.623877628763
93,0.714635391365
94,0.0520601886037
95,0.446673352114
96,0.627100842839
97,0.399735081455
98,0.181821087549
99,0.605949325214
100,0.248269687501
101,0.0393307947474
102,0.223384316569
103,0.731956856826
104,0.793436404305
105,0.5
106,0.746338988438
107,0.723647371881
108,0.872647732243
109,0.0514505825744
110,0.541879259924
111,0.201412913249
112,0.126152398388
113,0.506503604305
114,0.732805257752
115,0.648748066421
116,0.742134516282
117,0.45983861599
118,0.645478537934
119,0.615694927225
120,0.787374866797
121,0.180743337042
122,0.305263126624
123,0.372652460382
124,0.299049262911
125,0.713712958866
126,0.789774735234
127,0.710628328847
128,0.152400783782
129,0.700167092201
130,0.715106547818
131,0.266619398524
132,0.718628657827
133,0.70928962714
134,0.614592801766
135,0.5
136,0.216830154941
137,0.333076515969
138,0.060237004928
139,0.57437227091
140,0.713797119869
141,0.672417172502
142,0.533898620806
143,0.792851864014
144,0.712418174831
145,0.107812723811
146,0.481614775406
147,0.519827692079
148,0.695761000134
149,0.597702341115
150,0.0473660540236
151,0.0346943160311
152,0.723385438275
153,0.758849859287
154,0.445676171053
155,0.649676505833
156,0.567740529263
157,0.276664881785
158,0.646183354172
159,0.696490384303
160,0.147240576418
161,0.373287793721
162,0.0378347715965
163,0.407985979128
164,0.24083237313
165,0.486146332206
166,0.106003353277
167,0.137645563159
168,0.527359093299
169,0.58002014845
170,0.228471388877
171,0.456075529998
172,0.251091495239
173,0.7534325704
174,0.615911307543
175,0.728614674081
176,0.753973284092
177,0.600185705619
178,0.627341692845
179,0.0877255992986
180,0.474456416827
181,0.528963050556
182,0.284351268797
183,0.613772673955
184,0.205771871756
185,0.47742716068
186,0.305468000517
187,0.578090820545
188,0.635485286866
189,0.270910411689
190,0.663923713091
191,0.355621365132
192,0.646847311564
193,0.556263571533
194,0.175416473033
195,0.65167042479
196,0.0392525599582
197,0.784608842694
198,0.535684068532
199,0.753201349465
200,0.532973856625
201,0.78310934989
202,0.103317255309
203,0.661865599057
204,0.797858663807
205,0.258763223861
206,0.148717060295
207,0.290461779396
208,0.318208519429
209,0.732903876477
210,0.589266180966
211,0.485402865503
212,0.573742255063
213,0.540372108516
214,0.236720059432
215,0.612492832579
216,0.477859405214
217,0.120607802701
218,0.0962337735386
219,0.715725280035
220,0.542907126526
221,0.0421917437417
222,0.249654470007
223,0.283714635029
224,0.644567584573
225,0.56754588031
226,0.460484696563
227,0.386648623619
228,0.154046639173
229,0.598240630535
230,0.726501786801
231,0.0282394689829
232,0.647431264855
233,0.715241420569
234,0.168736853434
235,0.757404453929
236,0.66389489675
237,0.578730807147
238,0.468289058693
239,0.384025650324
240,0.315633041661
241,0.730953506175
242,0.540577050733
243,0.594991169123
244,0.475740219938
245,0.138382525359
246,0.0978134932366
247,0.244878565764
248,0.550987194118
249,0.81680736342
250,0.591203689769
251,0.665275201191
252,0.123477363999
253,0.0434132511397
254,0.571352349799
255,0.616836695098
256,0.176537312182
257,0.416510307219
258,0.24661018665
259,0.703941535744
260,0.737065178447
261,0.65194117336
262,0.591435336007
263,0.646465224249
264,0.669730270695
265,0.442656974151
266,0.506128124544
267,0.388704159656
268,0.261720676149
269,0.760164641493
270,0.178268819699
271,0.735174068345
272,0.759457673949
273,0.330119740619
274,0.5
275,0.820579313673
276,0.117096076386
277,0.641902274207
278,0.251152698207
279,0.506074414403
280,0.155281042725
281,0.675655708371
282,0.434797995037
283,0.614239780033
284,0.605820168968
285,0.718173163059
286,0.405315909567
287,0.601240658445
288,0.27052566653
289,0.571146848972
290,0.739706600482
291,0.248756541174
292,0.636757201283
293,0.653879643634
294,0.658280572687
295,0.723665135281
296,0.599029410155
297,0.636435754331
298,0.553007454012
299,0.0471929786837
300,0.689705016249
301,0.830458532359
302,0.286678984417
303,0.706090841721
304,0.768951678744
305,0.623910114879
306,0.234791264023
307,0.647561235206
308,0.447087470664
309,0.180546229179
310,0.878326070487
311,0.650478299289
312,0.735632671295
313,0.494414449291
314,0.522090493392
315,0.513462064807
316,0.742533100847
317,0.516421964813
318,0.539049386877
319,0.487066451776
320,0.790450493492
321,0.483344683413
322,0.465099955671
323,0.189224572925
324,0.601507049053
325,0.599068822708
326,0.749103574227
327,0.475001387488
328,0.72732003649
329,0.647783243085
330,0.681338397801
331,0.476509849896
332,0.625856434277
333,0.576730631816
334,0.610646548853
335,0.0999838156297
336,0.487311594005
337,0.750847466266
338,0.386130471349
339,0.483658520677
340,0.688593022956
341,0.309261798935
342,0.705278089704
343,0.428387017392
344,0.418760074526
345,0.677045461403
346,0.540339828188
347,0.825375148307
348,0.755100148391
349,0.027350520565
350,0.511446168405
351,0.411597438048
352,0.573935816178
353,0.5
354,0.208640622396
355,0.608276286704
356,0.273819275026
357,0.244776729384
358,0.299236486428
359,0.657249377989
360,0.720005623227
361,0.0896106411259
362,0.51120855555
363,0.56929001776
364,0.701988460663
365,0.619803265032
366,0.709810549862
367,0.207192895154
368,0.675944810569
369,0.484850011685
370,0.613122797724
371,0.651889690312
372,0.0599023986357
373,0.650455288278
374,0.740305906865
375,0.563129350288
376,0.0564020129678
377,0.479436444894
378,0.60931241966
379,0.4185506334
380,0.674883303044
381,0.0446929355575
382,0.355554284588
383,0.643003935445
384,0.123424635375
385,0.511723408215
386,0.738244059935
387,0.149226136664
388,0.729367553406
389,0.547787714148
390,0.645112000865
391,0.724506175325
392,0.839480134206
393,0.393287559976
394,0.166291797357
395,0.35325912111
396,0.492313030085
397,0.0414086833421
398,0.536691537519
399,0.70592022703
400,0.415104275167
401,0.812370804225
402,0.426590594888
403,0.342371981398
404,0.74215873881
405,0.52331882396
406,0.645189471093
407,0.308784783704
408,0.55168150852
409,0.704484224918
410,0.0563635269983
411,0.826893488818
412,0.784034323047
413,0.580964358611
414,0.111577314975
415,0.492164032207
416,0.609898540162
417,0.548598529371
418,0.084648774519
419,0.459504379885
420,0.811935190681
421,0.620579258923
422,0.243579678454
423,0.696559398396
424,0.602259372482
425,0.555612432896
426,0.720254237778
427,0.670249505469
428,0.7609909929
429,0.741038825414
430,0.535861539708
431,0.619714058374
432,0.572764472472
433,0.378500977668
434,0.510672964941
435,0.571433810513
436,0.674425489935
437,0.591715662226
438,0.385803859023
439,0.878844665725
440,0.592800800758
441,0.537709502342
442,0.708979137623
443,0.736750765772
444,0.373482763942
445,0.549999498615
446,0.856155824892
447,0.365684799557
448,0.442973505703
449,0.580516704124
450,0.54707730648
451,0.396226103358
452,0.418752237507
453,0.196992505314
454,0.244250219882
455,0.812013732122
456,0.752184655863
457,0.777222545823
458,0.33995612504
459,0.195078678324
460,0.578002411362
461,0.648329526475
462,0.590371542096
463,0.364976000334
464,0.5
465,0.688252100544
466,0.433216342072
467,0.333767716487
468,0.248731279669
469,0.748251414084
470,0.654684779872
471,0.198489005691
472,0.718326029159
473,0.686359932332
474,0.662098442769
475,0.763104330785
476,0.815280316394
477,0.770054760526
478,0.445210086573
479,0.705025677441
480,0.416759729401
481,0.648822251545
482,0.661668751292
483,0.215258637489
484,0.582985815656
485,0.626336438591
486,0.454657015414
487,0.387808140704
488,0.282852332999
489,0.812165994215
490,0.590971946692
491,0.582919451404
492,0.547302188463
493,0.826076871458
494,0.783943015089
495,0.130845706861
496,0.464585299337
497,0.520205277621
498,0.536305634852
499,0.0495779772313
500,0.281403448646
501,0.639378613634
502,0.410959868992
503,0.507411847764
504,0.561559789436
505,0.79645163174
506,0.772348065375
507,0.760071205421
508,0.458057437295
509,0.583704655992
510,0.773255243199
511,0.248874305585
512,0.392553388441
513,0.373616312974
514,0.669971872038
515,0.12694368688
516,0.437174881314
517,0.424865968265
518,0.0837137760395
519,0.55718576755
520,0.0294851348977
521,0.323468502798
522,0.192319329328
523,0.112258801548
524,0.638854110349
525,0.782507575789
526,0.191221094946
527,0.630982231099
528,0.334545043926
529,0.664999494395
530,0.70005645722
531,0.701339135918
532,0.64063283707
533,0.832816182135
534,0.320177577838
535,0.552200532126
536,0.340626092593
537,0.5
538,0.628537316552
539,0.674160507888
540,0.110174341112
541,0.590941363919
542,0.302801700478
543,0.413285073627
544,0.788663725024
545,0.665207702939
546,0.391686762091
547,0.521576582422
548,0.509643788877
549,0.710719125839
550,0.655708247087
551,0.390217369618
552,0.454392943403
553,0.429710903005
554,0.0809935986536
555,0.690946747797
556,0.721029644949
557,0.228302045011
558,0.686411124433
559,0.339328558954
560,0.312389501182
561,0.221836234791
562,0.378405520005
563,0.637389220873
564,0.354676946341
565,0.724173319115
566,0.833855716671
567,0.650110149666
568,0.711012649615
569,0.821334399163
570,0.546291776917
571,0.812575219162
572,0.552736550417
573,0.221570020563
574,0.480351253429
575,0.0953293433025
576,0.542384985635
577,0.564556094482
578,0.176500531341
579,0.231039495871
580,0.0391617865279
581,0.475060295695
582,0.822248681027
583,0.820462938738
584,0.676430129894
585,0.707285428952
586,0.770952077016
587,0.75793410079
588,0.63084813135
589,0.252464509986
590,0.701435248754
591,0.829958575415
592,0.645027095061
593,0.612886795563
594,0.0417657041284
595,0.421461923077
596,0.0471657865353
597,0.584455360149
598,0.563353514254
599,0.772533653819
600,0.448653833612
601,0.486977145579
602,0.432709802382
603,0.738792247003
604,0.711686859851
605,0.706702040326
606,0.680408857093
607,0.289778305183
608,0.743359730785
609,0.394702108918
610,0.691313794079
611,0.724906490175
612,0.607967188489
613,0.535711970747
614,0.680008015658
615,0.726328296635
616,0.663376709443
617,0.712129513939
618,0.701883724481
619,0.535825812599
620,0.167777203285
621,0.704257967824
622,0.640528698308
623,0.599932684852
624,0.590695401544
625,0.622925235971
626,0.604604733612
627,0.730859305299
628,0.271625068255
629,0.592389669326
630,0.301443158919
631,0.717963690011
632,0.180674614386
633,0.441005626229
634,0.657347742827
635,0.42370126312
636,0.65416343166
637,0.715895184474
638,0.643671929684
639,0.100658649051
640,0.731414647595
641,0.666279078867
642,0.419949631902
643,0.124264679186
644,0.571041553119
645,0.170845431749
646,0.709804986373
647,0.828466801274
648,0.0882136744014
649,0.699079808774
650,0.0899253230158
651,0.227841940231
652,0.573770134619
653,0.191590453531
654,0.537511408781
655,0.457264237338
656,0.754634548158
657,0.043702818725
658,0.5
659,0.781727711195
660,0.510483828357
661,0.760180314314
662,0.532351691588
663,0.568749874342
664,0.241025830625
665,0.0488535362941
666,0.535822635978
667,0.543375958446
668,0.0598803235924
669,0.709538012914
670,0.276757349687
671,0.412350477008
672,0.735136804582
673,0.726203389309
674,0.697426870925
675,0.696047325227
676,0.477252475964
677,0.491815412728
678,0.720153520109
679,0.517918569527
680,0.395967695263
681,0.688681591958
682,0.743116960198
683,0.509563313416
684,0.271077680564
685,0.232996765366
686,0.61282415887
687,0.762414265424
688,0.768337617206
689,0.763072754389
690,0.712540429827
691,0.264939984207
692,0.361431748778
693,0.687207547487
694,0.616113222375
695,0.586139998513
696,0.569229116768
697,0.63515470303
698,0.0675294564079
699,0.200350645865
700,0.0587365773919
701,0.68307236392
702,0.0394563446946
703,0.391084450558
704,0.742738396965
705,0.455283898864
706,0.518646783872
707,0.5
708,0.243256056682
709,0.407237283362
710,0.720121010142
711,0.745201275228
712,0.056962262335
713,0.759795114202
714,0.706788270571
715,0.624946118151
716,0.0357607756419
717,0.757979755086
718,0.438372651291
719,0.722930507645
720,0.322474390488
721,0.684456734772
722,0.505456438169
723,0.167755492355
724,0.655441159388
725,0.351904011394
726,0.508305860941
727,0.656474741488
728,0.402215389538
729,0.654125600985
730,0.67616771184
731,0.689206975529
732,0.792401013477
733,0.691865694776
734,0.709200848402
735,0.740353615261
736,0.5
737,0.616927683854
738,0.604425884134
739,0.739001054284
740,0.723323123777
741,0.467964059032
742,0.100916399425
743,0.398419130614
744,0.810865481025
745,0.693821903307
746,0.51750214056
747,0.469275312307
748,0.340025994138
749,0.133826522954
750,0.384709141216
751,0.630052041149
752,0.518585027473
753,0.796969414809
754,0.745800778064
755,0.193451276827
756,0.223103945046
757,0.779636927958
758,0.61215987969
759,0.749069930521
760,0.0657545472425
761,0.192915501392
762,0.661334558055
763,0.742544699902
764,0.392935608225
765,0.749130815205
766,0.754555339193
767,0.0870960435582
768,0.608286297359
769,0.371464998134
770,0.5
771,0.60963760261
772,0.452506444962
773,0.702999822213
774,0.730500619127
775,0.550842027167
776,0.652887209003
777,0.427372141716
778,0.563396355542
779,0.474236698611
780,0.4288924122
781,0.700335266702
782,0.557083730663
783,0.564000003085
784,0.613844083522
785,0.392255423917
786,0.64391078539
787,0.625563224143
788,0.098204153051
789,0.740380760427
790,0.713456308939
791,0.560190865302
792,0.172650803029
793,0.173428183142
794,0.568659451723
795,0.547324332767
796,0.72148927433
797,0.518741315207
798,0.781209420408
799,0.314236727186
800,0.517268158688
801,0.78521392856
802,0.179399558464
803,0.553191750465
804,0.689210579895
805,0.598878894003
806,0.759308226312
807,0.297210488685
808,0.397648290238
809,0.574168967264
810,0.649754679009
811,0.300538179691
812,0.729837234083
813,0.75483495858
814,0.710347356438
815,0.492690462539
816,0.555526590561
817,0.33931433903
818,0.710741146854
819,0.60752137791
820,0.0941721774936
821,0.603112870542
822,0.664118412089
823,0.306945696339
824,0.637813841218
825,0.256421816313
826,0.700201784656
827,0.380387019637
828,0.646434546054
829,0.736891792981
830,0.512142650547
831,0.577448698777
832,0.28754468257
833,0.477664839965
834,0.0675162888699
835,0.0257939075976
836,0.738664467818
837,0.285469917333
838,0.350022200342
839,0.626528010253
840,0.616849888511
841,0.747915910497
842,0.712648883865
843,0.476923970657
844,0.670754731172
845,0.379127610131
846,0.101646203622
847,0.62907588549
848,0.605728914046
849,0.108906285835
850,0.254562021955
851,0.0511225306757
852,0.688593403613
853,0.133978267824
854,0.269040892413
855,0.358929779975
856,0.538949997583
857,0.419564732306
858,0.696144807856
859,0.0973538667713
860,0.231602462357
861,0.403996715999
862,0.5
863,0.646277185825
864,0.574758543538
865,0.201018087736
866,0.804105508451
867,0.679832667669
868,0.546165799665
869,0.753763447108
870,0.0581545493505
871,0.742039425636
872,0.536159306042
873,0.658735407402
874,0.110239804401
875,0.538256972654
876,0.0682268903031
877,0.040633420992
878,0.455243510562
879,0.0662886655019
880,0.0993058326193
881,0.573414196629
882,0.748411272539
883,0.656660279988
884,0.377509139845
885,0.647558542203
886,0.818739690458
887,0.645007916395
888,0.511488249988
889,0.710717373135
890,0.740176158078
891,0.566436173889
892,0.767953320552
893,0.700689113372
894,0.303480690488
895,0.0779307636665
896,0.638375388785
897,0.307377512925
898,0.747220646692
899,0.0660653698919
900,0.751599579729
901,0.378999339427
902,0.769586627083
903,0.669517504561
904,0.660572636607
905,0.549993683362
906,0.758850950425
907,0.6542581515
908,0.83534392903
909,0.742752478943
910,0.126068015926
911,0.568202768606
912,0.385594631812
913,0.552043610555
914,0.249726130614
915,0.377566328218
916,0.108829734516
917,0.334927365011
918,0.692868229047
919,0.681995157185
920,0.387793853774
921,0.642831639803
922,0.449423385539
923,0.231327814933
924,0.308170990973
925,0.061409055797
926,0.447381456247
927,0.493551376324
928,0.794600159132
929,0.14238009025
930,0.0491352681896
931,0.385273075664
932,0.814853381187
933,0.52740057486
934,0.75717667576
935,0.547793918495
936,0.475251621078
937,0.2613105947
938,0.12535686092
939,0.836349550873
940,0.66550495953
941,0.718548036341
942,0.60950497681
943,0.663329149557
944,0.209577223574
945,0.529924037438
946,0.127203446181
947,0.807125148534
948,0.338586306165
949,0.745523986818
950,0.622604691525
951,0.68915315957
952,0.244206479778
953,0.0516743289435
954,0.582335878027
955,0.283967179575
956,0.641786344047
957,0.655644126677
958,0.336766801622
959,0.506660078483
960,0.755260283309
961,0.538731207152
962,0.758069143564
963,0.75228044705
964,0.715670006497
965,0.355914439579
966,0.459799703927
967,0.611226069315
968,0.478577414928
969,0.50567765225
970,0.559037292388
971,0.723324122067
972,0.322122657627
973,0.274985100881
974,0.362460057029
975,0.190706637104
976,0.696232829069
977,0.5
978,0.683125410994
979,0.530675978449
980,0.180321373382
981,0.700397793051
982,0.614076065457
983,0.812261026262
984,0.583038423618
985,0.653915076265
986,0.853035817101
987,0.548605810762
988,0.5
989,0.709031153055
990,0.423218724064
991,0.0902828557798
992,0.0306445711064
993,0.735064826399
994,0.646499300535
995,0.574622302828
996,0.268312961658
997,0.268276955181
998,0.724762981918
999,0.535602422862
1000,0.531282226811
1001,0.131592332341
1002,0.128433710826
1003,0.64494349139
1004,0.539430181852
1005,0.692442474922
1006,0.181217071745
1007,0.0402121434037
1008,0.463421147741
1009,0.60380577524
1010,0.433946265956
1011,0.720425017665
1012,0.463434375023
1013,0.583905644679
1014,0.686208050047
1015,0.200820474838
1016,0.60423412724
1017,0.713969124624
1018,0.608607705946
1019,0.286140926726
1020,0.685883041492
1021,0.545848175488
1022,0.648353459313
1023,0.17370946911
1024,0.249714503262
1025,0.399970536394
1026,0.0809183008667
1027,0.304756427695
1028,0.719376906726
1029,0.648312947835
1030,0.608790082556
1031,0.659460582819
1032,0.644988765588
1033,0.445089389677
1034,0.617898129909
1035,0.648304175402
1036,0.237003357348
1037,0.608385018715
1038,0.861402575073
1039,0.156161533857
1040,0.379790356108
1041,0.736760201345
1042,0.622611670471
1043,0.695105915533
1044,0.481492216548
1045,0.721649427523
1046,0.594476263279
1047,0.257423964904
1048,0.456188099244
1049,0.705235757182
1050,0.447739702052
1051,0.381679181798
1052,0.677414235471
1053,0.345984927103
1054,0.291026587334
1055,0.719942376862
1056,0.191470824366
1057,0.723406742744
1058,0.400866585985
1059,0.64416532113
1060,0.610139427915
1061,0.549500984866
1062,0.703537920117
1063,0.615974907158
1064,0.739328018262
1065,0.656632559947
1066,0.743819582153
1067,0.586215304696
1068,0.137403523529
1069,0.411790539738
1070,0.586014180448
1071,0.396107932697
1072,0.0984800027201
1073,0.48650071466
1074,0.713462291196
1075,0.514776731492
1076,0.748485782986
1077,0.833185180414
1078,0.527188276443
1079,0.736135281268
1080,0.290608507942
1081,0.64778949391
1082,0.740745683354
1083,0.471686476321
1084,0.11481574798
1085,0.587688874571
1086,0.586034941546
1087,0.488089473116
1088,0.737400095607
1089,0.748421251678
1090,0.112004855132
1091,0.676806776777
1092,0.702682797599
1093,0.55542436995
1094,0.846178876623
1095,0.71543395505
1096,0.754779280692
1097,0.234798938673
1098,0.424508377869
1099,0.252270224944
1100,0.0655081969722
1101,0.124170217249
1102,0.339580220492
1103,0.558997584002
1104,0.518610255756
1105,0.824728994742
1106,0.741109506208
1107,0.784989481516
1108,0.684243595181
1109,0.715190953964
1110,0.170689812264
1111,0.213836417612
1112,0.446717334948
1113,0.653162694975
1114,0.483496341697
1115,0.199882647112
1116,0.663749475518
1117,0.552027136609
1118,0.730468324208
1119,0.245105106639
1120,0.725703431478
1121,0.664516771184
1122,0.2766438426
1123,0.744111550971
1124,0.551401813703
1125,0.328321285736
1126,0.751395917681
1127,0.644713573068
1128,0.734759561498
1129,0.717856699482
1130,0.856126168878
1131,0.476402573657
1132,0.0434400013836
1133,0.74143628135
1134,0.593488957077
1135,0.279528834123
1136,0.322622436146
1137,0.699932497531
1138,0.631627879571
1139,0.316265402253
1140,0.362300246042
1141,0.176096548748
1142,0.56485113798
1143,0.454141537611
1144,0.5
1145,0.0815150761189
1146,0.167775238711
1147,0.637401395151
1148,0.72955227736
1149,0.565513028141
1150,0.654270681586
1151,0.750594393608
1152,0.71902120625
1153,0.311749902687
1154,0.758308239304
1155,0.71930426084
1156,0.669197004908
1157,0.5
1158,0.553652761006
1159,0.296186804588
1160,0.681690117033
1161,0.54398673488
1162,0.686704176875
1163,0.0386492152961
1164,0.505907022177
1165,0.660610187091
1166,0.533205230107
1167,0.432368238499
1168,0.420937981075
1169,0.0614553396153
1170,0.816779780879
1171,0.280421695497
1172,0.586143360875
1173,0.561856143094
1174,0.768704281619
1175,0.750283597676
1176,0.195548807749
1177,0.623913474297
1178,0.848300228515
1179,0.478455913648
1180,0.239164109109
1181,0.723699081895
1182,0.335509861502
1183,0.518819593975
1184,0.396776206397
1185,0.129958138369
1186,0.549165270657
1187,0.13863213074
1188,0.037346037408
1189,0.745382567675
1190,0.574272920751
1191,0.586815172506
1192,0.0340753440832
1193,0.0487807776818
1194,0.620757224901
1195,0.809982075906
1196,0.529058762978
1197,0.646126140223
1198,0.753123134097
1199,0.464306349258
1200,0.835539376424
1201,0.0587780465439
1202,0.649802028366
1203,0.72757064332
1204,0.413400989272
1205,0.725288464182
1206,0.538236064822
1207,0.261071714796
1208,0.590584191264
1209,0.722338218398
1210,0.0911947718716
1211,0.317192529585
1212,0.351106347092
1213,0.0305891264408
1214,0.236810117774
1215,0.220008912688
1216,0.398729303647
1217,0.439608901767
1218,0.418203690426
1219,0.721052051846
1220,0.335985164391
1221,0.741896117414
1222,0.18001495091
1223,0.40997070902
1224,0.636285824587
1225,0.675888271501
1226,0.605242996666
1227,0.705693717672
1228,0.0617875019767
1229,0.676491207818
1230,0.580787450713
1231,0.312119149541
1232,0.278169499532
1233,0.24121819694
1234,0.721271531146
1235,0.631415191189
1236,0.739905646426
1237,0.26393389254
1238,0.480892970024
1239,0.576525201419
1240,0.44020003743
1241,0.520627647739
1242,0.596252302709
1243,0.698708488728
1244,0.704539257951
1245,0.0811580050217
1246,0.675570815598
1247,0.485415980285
1248,0.629411389692
1249,0.52378748049
1250,0.18174465385
1251,0.646082507157
1252,0.377871184494
1253,0.764781547447
1254,0.723597454962
1255,0.0477584974902
1256,0.381567496688
1257,0.428248425382
1258,0.356440092858
1259,0.742851847094
1260,0.745549370691
1261,0.542372567547
1262,0.644536872176
1263,0.444026721348
1264,0.545079735708
1265,0.75842747704
1266,0.698008949514
1267,0.572907038493
1268,0.695830796798
1269,0.667303650932
1270,0.689601174731
1271,0.516369240594
1272,0.677025010013
1273,0.101249568121
1274,0.232005603957
1275,0.434747554741
1276,0.72671404207
1277,0.648206687737
1278,0.666543907098
1279,0.055419424295
1280,0.709332526621
1281,0.613612476606
1282,0.212753830904
1283,0.5
1284,0.40471353408
1285,0.616622598764
1286,0.089665448703
1287,0.591998528307
1288,0.129120028482
1289,0.560716520124
1290,0.507268765808
1291,0.491149411659
1292,0.394228267144
1293,0.559346928732
1294,0.651517675395
1295,0.0549957259569
1296,0.65928505678
1297,0.629483102851
1298,0.411152849328
1299,0.123209053662
1300,0.235619197462
1301,0.763513876302
1302,0.644371819135
1303,0.676142040492
1304,0.472887265968
1305,0.671012586618
1306,0.539734227617
1307,0.684280712812
1308,0.74256519773
1309,0.369721179348
1310,0.580562977123
1311,0.70353555186
1312,0.703553688156
1313,0.702029828445
1314,0.721281393691
1315,0.384721176594
1316,0.279198218006
1317,0.743372540812
1318,0.545826362241
1319,0.227954783539
1320,0.223813551266
1321,0.401367879828
1322,0.487193155531
1323,0.406627886282
1324,0.712091078702
1325,0.534971275066
1326,0.727335364566
1327,0.751651313839
1328,0.624062224866
1329,0.510125422482
1330,0.734297892278
1331,0.745766845378
1332,0.316070760044
1333,0.559493295227
1334,0.16070173504
1335,0.629960603031
1336,0.0427113306365
1337,0.122704452202
1338,0.293867661728
1339,0.74300141342
1340,0.55744560244
1341,0.52553941258
1342,0.562328657636
1343,0.558683558876
1344,0.756640145043
1345,0.748209498242
1346,0.575938666017
1347,0.627829577191
1348,0.180067548081
1349,0.740041529385
1350,0.709572342075
1351,0.124432658146
1352,0.5
1353,0.471748635704
1354,0.783078061854
1355,0.192972477554
1356,0.709180968407
1357,0.0411049358354
1358,0.202498305761
1359,0.190652783771
1360,0.145673007023
1361,0.5
1362,0.67712854424
1363,0.661069973377
1364,0.267832010624
1365,0.626273740448
1366,0.116207773225
1367,0.14039057507
1368,0.591814201209
1369,0.584140294673
1370,0.561572294338
1371,0.605428670979
1372,0.789954960272
1373,0.660973066567
1374,0.573683958269
1375,0.628429596143
1376,0.56772507862
1377,0.5
1378,0.695943382878
1379,0.671922607757
1380,0.690214264961
1381,0.633069868313
1382,0.521488308067
1383,0.553776011176
1384,0.77128783474
1385,0.408204985677
1386,0.477958976394
1387,0.435472705005
1388,0.77907214199
1389,0.647512958128
1390,0.270486819876
1391,0.392793938168
1392,0.733909888769
1393,0.13602178
1394,0.600220678766
1395,0.525325908585
1396,0.744200577219
1397,0.7181690956
1398,0.463083233624
1399,0.491718164152
1400,0.696757176386
1401,0.258176510173
1402,0.604461400128
1403,0.609838699327
1404,0.21885576967
1405,0.322910475062
1406,0.244346471201
1407,0.703304159686
1408,0.272932184509
1409,0.427387269274
1410,0.552592347502
1411,0.247861395737
1412,0.402018482275
1413,0.745861758785
1414,0.5
1415,0.722116879517
1416,0.445895047191
1417,0.134697827851
1418,0.509726165056
1419,0.73655927971
1420,0.555312436505
1421,0.581461865776
1422,0.548137441195
1423,0.489347721742
1424,0.178308966445
1425,0.488107107799
1426,0.207996902167
1427,0.19698399907
1428,0.508108480246
1429,0.629753753825
1430,0.328326238044
1431,0.576484613055
1432,0.653147794703
1433,0.712691503944
1434,0.686831932439
1435,0.70859442196
1436,0.533666136235
1437,0.621730449134
1438,0.451395222247
1439,0.63383448901
1440,0.619309491811
1441,0.366907216048
1442,0.459152050737
1443,0.67496467735
1444,0.362611932235
1445,0.601724659947
1446,0.298162383467
1447,0.172168829042
1448,0.340353284795
1449,0.0390774260094
1450,0.431843999068
1451,0.290911360011
1452,0.524978211611
1453,0.373830410166
1454,0.123440643863
1455,0.549882820854
1456,0.73990268248
1457,0.0370121927657
1458,0.328132504916
1459,0.806205809178
1460,0.388993641514
1461,0.601548906279
1462,0.397624846235
1463,0.554913632293
1464,0.562541546663
1465,0.743567848292
1466,0.5
1467,0.305627727733
1468,0.697067663726
1469,0.432110403886
1470,0.697131949131
1471,0.621950653352
1472,0.596368060224
1473,0.536247861083
1474,0.579339083491
1475,0.563568442072
1476,0.277593776354
1477,0.388310470394
1478,0.641997972902
1479,0.0834424815617
1480,0.196345951906
1481,0.0436329013792
1482,0.62839874726
1483,0.644225633503
1484,0.264253803852
1485,0.508043027985
1486,0.115323618214
1487,0.407424781162
1488,0.840143296547
1489,0.298562955296
1490,0.689625044669
1491,0.571054130552
1492,0.653160270563
1493,0.377377430823
1494,0.236679760845
1495,0.748098935215
1496,0.736623917084
1497,0.79611955205
1498,0.801390599273
1499,0.527089744391
1500,0.366632194226
1501,0.649720217572
1502,0.321162721316
1503,0.749955550146
1504,0.701599436635
1505,0.677998226764
1506,0.494814227717
1507,0.514378714496
1508,0.379918182502
1509,0.765914329893
1510,0.486267221402
1511,0.235861393912
1512,0.038310202433
1513,0.54063348911
1514,0.064827551345
1515,0.631633540042
1516,0.598202693547
1517,0.591130005689
1518,0.129842519198
1519,0.54577485488
1520,0.645182643192
1521,0.0508164567779
1522,0.439490570391
1523,0.336625691135
1524,0.253444185218
1525,0.119401947574
1526,0.595569263376
1527,0.58543915958
1528,0.539583861145
1529,0.431811681154
1530,0.402695585328
1531,0.335574620204
1532,0.275760231716
1533,0.344362680847
1534,0.828048681765
1535,0.423987656714
1536,0.677314525519
1537,0.421098915688
1538,0.713203854663
1539,0.717319105674
1540,0.46936790755
1541,0.699243140604
1542,0.676812833369
1543,0.432834649349
1544,0.651367571258
1545,0.463641387027
1546,0.133493766156
1547,0.488680082211
1548,0.0665693789993
1549,0.145691367789
1550,0.736219023264
1551,0.744632058328
1552,0.541436243429
1553,0.564334772879
1554,0.807281013745
1555,0.668376805504
1556,0.816172729063
1557,0.790011369158
1558,0.443248870302
1559,0.151473815342
1560,0.148823397815
1561,0.743669509264
1562,0.538572944134
1563,0.357868292543
1564,0.547876469152
1565,0.486682718004
1566,0.652551651965
1567,0.201757275108
1568,0.576176951247
1569,0.589560504991
1570,0.569583565256
1571,0.582449899352
1572,0.243158120951
1573,0.521916421745
1574,0.60128115994
1575,0.667024870247
1576,0.698098280869
1577,0.636375306129
1578,0.215005071571
1579,0.711266409541
1580,0.704954772804
1581,0.646667300838
1582,0.713245523349
1583,0.655480224186
1584,0.629097792036
1585,0.730492756024
1586,0.777454602563
1587,0.747618211054
1588,0.35809195136
1589,0.597568584968
1590,0.306725644562
1591,0.583451233354
1592,0.688714410518
1593,0.508529068418
1594,0.435019392299
1595,0.615123279459
1596,0.539970262506
1597,0.490427779903
1598,0.568239034322
1599,0.538759011636
1600,0.304290223416
1601,0.396636899092
1602,0.545629663302
1603,0.485021463334
1604,0.55132835482
1605,0.57282582978
1606,0.5
1607,0.303012187729
1608,0.455401349907
1609,0.412713046202
1610,0.0907553240072
1611,0.192427122793
1612,0.615942692413
1613,0.124376016463
1614,0.321484712855
1615,0.706303826932
1616,0.455793138384
1617,0.44975624573
1618,0.663591936218
1619,0.269783846345
1620,0.532896075315
1621,0.51532242325
1622,0.441632018245
1623,0.104212992084
1624,0.608915439908
1625,0.181381464436
1626,0.553164696637
1627,0.0751165996393
1628,0.558321891566
1629,0.65932101312
1630,0.713444576536
1631,0.5
1632,0.755174260726
1633,0.683953499528
1634,0.705616487614
1635,0.234852182018
1636,0.802092317899
1637,0.389844251472
1638,0.039181639366
1639,0.541777181997
1640,0.748669108211
1641,0.374312404671
1642,0.294150756152
1643,0.681348712867
1644,0.736691718046
1645,0.732347386145
1646,0.354187956889
1647,0.661543926983
1648,0.458397344624
1649,0.649768617688
1650,0.794644638136
1651,0.744005943336
1652,0.738622614912
1653,0.741026320302
1654,0.59078442513
1655,0.298066668728
1656,0.698415102804
1657,0.644389338872
1658,0.125639594054
1659,0.66011189537
1660,0.595801401963
1661,0.336731635725
1662,0.651224266435
1663,0.156727146036
1664,0.5
1665,0.343775575876
1666,0.454962817568
1667,0.505397264431
1668,0.756039608012
1669,0.581157625147
1670,0.582743600871
1671,0.715567683493
1672,0.0674574009113
1673,0.48841434918
1674,0.715373119026
1675,0.475161490179
1676,0.420013386956
1677,0.755590558458
1678,0.586936707271
1679,0.635464837204
1680,0.683529161984
1681,0.722594373557
1682,0.119762153466
1683,0.721345927596
1684,0.758111917769
1685,0.394729723717
1686,0.747138990599
1687,0.251052659252
1688,0.554383332803
1689,0.298641023664
1690,0.701452565715
1691,0.625179644725
1692,0.159377896428
1693,0.755435195764
1694,0.832780681304
1695,0.514219124637
1696,0.12401058511
1697,0.376317817271
1698,0.309685996357
1699,0.55860516107
1700,0.225789600737
1701,0.694255900477
1702,0.710975518082
1703,0.763664737263
1704,0.199819474211
1705,0.692513220766
1706,0.613486296777
1707,0.493561202951
1708,0.781478671166
1709,0.291570681166
1710,0.0640567634594
1711,0.419100408182
1712,0.373935755398
1713,0.772087903561
1714,0.589835309584
1715,0.272750270301
1716,0.696138224195
1717,0.739451217307
1718,0.33881032906
1719,0.20583092781
1720,0.677277376868
1721,0.591781866946
1722,0.366736999911
1723,0.462543344994
1724,0.257719854034
1725,0.454332083988
1726,0.439145974686
1727,0.73965375236
1728,0.578159566976
1729,0.0451112001967
1730,0.368253837338
1731,0.720113750901
1732,0.737511524926
1733,0.604909853712
1734,0.41509197399
1735,0.725302705405
1736,0.685867782142
1737,0.745622210723
1738,0.704415881214
1739,0.688930972971
1740,0.649992868008
1741,0.767154398271
1742,0.139984250376
1743,0.618320455447
1744,0.130497722342
1745,0.601148703926
1746,0.0613587747249
1747,0.5
1748,0.674187574656
1749,0.703101748602
1750,0.655033937271
1751,0.5
1752,0.370194168944
1753,0.547007229541
1754,0.529985115422
1755,0.735952423124
1756,0.288457704363
1757,0.351030676187
1758,0.622910854807
1759,0.461365325184
1760,0.541064294372
1761,0.778383687443
1762,0.725665978328
1763,0.720540844577
1764,0.673239371842
1765,0.406653485938
1766,0.635559796438
1767,0.467855261938
1768,0.529984157211
1769,0.696808864702
1770,0.228994575382
1771,0.401347447578
1772,0.270808630945
1773,0.532664178393
1774,0.616170146569
1775,0.425079542087
1776,0.523922685774
1777,0.522191109611
1778,0.373563563934
1779,0.753071369156
1780,0.603587047684
1781,0.399458904764
1782,0.475533022077
1783,0.243047515076
1784,0.587154493374
1785,0.599720820627
1786,0.574153185579
1787,0.745329839242
1788,0.77860848878
1789,0.145847923663
1790,0.463920770977
1791,0.65792189594
1792,0.577881005576
1793,0.645018173934
1794,0.333715810396
1795,0.142060816312
1796,0.429286514824
1797,0.689737069767
1798,0.061753077634
1799,0.639544290835
1800,0.666979311967
1801,0.465413145357
1802,0.691535622599
1803,0.244682345032
1804,0.363238791118
1805,0.604327915144
1806,0.64761563749
1807,0.66862831201
1808,0.290808528893
1809,0.756721580571
1810,0.711535613514
1811,0.522260236076
1812,0.693396992457
1813,0.533196057533
1814,0.560181041539
1815,0.746704644934
1816,0.148174774645
1817,0.671562479136
1818,0.660744560983
1819,0.231924421655
1820,0.799450716675
1821,0.749458193264
1822,0.387099343744
1823,0.69734002512
1824,0.5
1825,0.456860703829
1826,0.251890977549
1827,0.165175937782
1828,0.330520814911
1829,0.131697584619
1830,0.521080838635
1831,0.464413005867
1832,0.310712139284
1833,0.205338463644
1834,0.1762064286
1835,0.806992350574
1836,0.726227500825
1837,0.301563790955
1838,0.47972579975
1839,0.647546032995
1840,0.694295248348
1841,0.633508383702
1842,0.611586598282
1843,0.181464809041
1844,0.491241236429
1845,0.352748190243
1846,0.171079030936
1847,0.735909186426
1848,0.453257211154
1849,0.212574336858
1850,0.76305804766
1851,0.668951785981
1852,0.694302795127
1853,0.296092871254
1854,0.393571970181
1855,0.659059563084
1856,0.145998136182
1857,0.16814974478
1858,0.460547423286
1859,0.270865001147
1860,0.0973136701761
1861,0.398192741988
1862,0.489323262617
1863,0.0498628204673
1864,0.169596916016
1865,0.578155201453
1866,0.600634308933
1867,0.601021658175
1868,0.314703129965
1869,0.393753712187
1870,0.121119259273
1871,0.751996048711
1872,0.0909146072147
1873,0.445805981008
1874,0.706489843597
1875,0.481528454569
1876,0.589590910213
1877,0.589358471648
1878,0.437112694658
1879,0.675260246187
1880,0.26989467796
1881,0.53388223807
1882,0.46231140432
1883,0.489075788484
1884,0.552053909376
1885,0.723613132018
1886,0.299169446804
1887,0.235973981375
1888,0.0616030989423
1889,0.551788642599
1890,0.583375137537
1891,0.454455850203
1892,0.321166673175
1893,0.400224334398
1894,0.736833927144
1895,0.562690241351
1896,0.616707795291
1897,0.526222797966
1898,0.706230256295
1899,0.39317776091
1900,0.434263452718
1901,0.700728270026
1902,0.608753049036
1903,0.732132129795
1904,0.807566387396
1905,0.564426523338
1906,0.231096543833
1907,0.733082987469
1908,0.691820228991
1909,0.665669385006
1910,0.615502634613
1911,0.529192993138
1912,0.676751625913
1913,0.484142933929
1914,0.597322766412
1915,0.206017373681
1916,0.60553780147
1917,0.590325293614
1918,0.416226872012
1919,0.5
1920,0.645393127739
1921,0.368929967684
1922,0.519160021586
1923,0.662554297394
1924,0.523800414202
1925,0.735009967836
1926,0.379033902964
1927,0.0715796977461
1928,0.0486340481863
1929,0.671772338687
1930,0.749979780615
1931,0.0525125210172
1932,0.306728749149
1933,0.239141857452
1934,0.0516377987434
1935,0.066109586814
1936,0.815206056486
1937,0.0739790444377
1938,0.555177661028
1939,0.366198637348
1940,0.45989824422
1941,0.230626517186
1942,0.734291781907
1943,0.545285101495
1944,0.714064407134
1945,0.27051642812
1946,0.0951255153373
1947,0.632090190614
1948,0.46812409068
1949,0.316349349747
1950,0.743293916893
1951,0.582057455812
1952,0.478355250265
1953,0.679516683308
1954,0.458037102925
1955,0.602561166671
1956,0.484412262885
1957,0.5
1958,0.749346217969
1959,0.69686684513
1960,0.0627189973628
1961,0.183412192676
1962,0.738003609673
1963,0.578382117938
1964,0.441946218294
1965,0.695960657076
1966,0.642898795703
1967,0.517876803606
1968,0.597725623129
1969,0.656558349781
1970,0.52547969453
1971,0.614499841234
1972,0.187518559795
1973,0.723258078913
1974,0.400961981827
1975,0.669942246458
1976,0.753523235611
1977,0.51719999101
1978,0.323278230151
1979,0.457255012147
1980,0.0943119975801
1981,0.786900146072
1982,0.647340397118
1983,0.784023933331
1984,0.662448431028
1985,0.555640838729
1986,0.631000462637
1987,0.781109564132
1988,0.368979649214
1989,0.403006869255
1990,0.718066325583
1991,0.509433866643
1992,0.598092538202
1993,0.464780300488
1994,0.604898645287
1995,0.472868109687
1996,0.332060385397
1997,0.686910521062
1998,0.5
1999,0.583060162036
2000,0.435384033564
2001,0.0602774139348
2002,0.579457855533
2003,0.722071196704
2004,0.544711230726
2005,0.628807661731
2006,0.451348619451
2007,0.687360511353
2008,0.762841263401
2009,0.44912059954
2010,0.18287363339
2011,0.712766111082
2012,0.651787404743
2013,0.456840152888
2014,0.469125988926
2015,0.6333391436
2016,0.74058085766
2017,0.640206189422
2018,0.26686326857
2019,0.133382216533
2020,0.624512658442
2021,0.645159792033
2022,0.703843525579
2023,0.321867304953
2024,0.637623139123
2025,0.617949125248
2026,0.717486846242
2027,0.645272666242
2028,0.733942888043
2029,0.645322400293
2030,0.574813028355
2031,0.716182147116
2032,0.72722794586
2033,0.5
2034,0.0695018849919
2035,0.759062159024
2036,0.283761485241
2037,0.56087504676
2038,0.402286176889
2039,0.272100471134
2040,0.0736396801468
2041,0.278714805187
2042,0.652809843015
2043,0.327357095775
2044,0.51933953563
2045,0.713260905527
2046,0.739646439402
2047,0.35225964854
2048,0.536445949757
2049,0.439058761534
2050,0.83893795808
2051,0.552147754932
2052,0.753125794356
2053,0.619990441432
2054,0.770149087294
2055,0.0481310332407
2056,0.5781350649
2057,0.525255964116
2058,0.28349098601
2059,0.716638123049
2060,0.0701552925481
2061,0.447143341353
2062,0.0604356001957
2063,0.0565520794927
2064,0.645482983942
2065,0.123217593017
2066,0.0684656666066
2067,0.629778254586
2068,0.198193078488
2069,0.564845163914
2070,0.454763783679
2071,0.340983456736
2072,0.363361173742
2073,0.526653009873
2074,0.658960505927
2075,0.737229852441
2076,0.627584044258
2077,0.480447988241
2078,0.589435389254
2079,0.707313535054
2080,0.393344803641
2081,0.150630335813
2082,0.477750942897
2083,0.813631971
2084,0.354038215444
2085,0.675785445718
2086,0.508526669272
2087,0.722957757893
2088,0.542640873992
2089,0.604599471106
2090,0.281294554972
2091,0.0650275245693
2092,0.76071003874
2093,0.688502088367
2094,0.698800162207
2095,0.668973837554
2096,0.512935506737
2097,0.615464116775
2098,0.258788147824
2099,0.697544951236
2100,0.516822660075
2101,0.805963903199
2102,0.734754499437
2103,0.678447204034
2104,0.765252323042
2105,0.592525842306
2106,0.674976692308
2107,0.630768980792
2108,0.76269029417
2109,0.639175848358
2110,0.66605285157
2111,0.238770599025
2112,0.342340431426
2113,0.319356367397
2114,0.602177139571
2115,0.454223039424
2116,0.785089462995
2117,0.277155244917
2118,0.409323056648
2119,0.204424141083
2120,0.580095035623
2121,0.660971247464
2122,0.698499773138
2123,0.507764495172
2124,0.527040626649
2125,0.647527123426
2126,0.556005687664
2127,0.32309176307
2128,0.736249648873
2129,0.133308541173
2130,0.431134021159
2131,0.458927334938
2132,0.661695830041
2133,0.748277985797
2134,0.208569349325
2135,0.223389177285
2136,0.279055235591
2137,0.261823595962
2138,0.722330447097
2139,0.572580582062
2140,0.67918816768
2141,0.539015725516
2142,0.581210791782
2143,0.629917484018
2144,0.378930857786
2145,0.60573386212
2146,0.606711884834
2147,0.624797172376
2148,0.742602850246
2149,0.719239750689
2150,0.5
2151,0.620636051379
2152,0.597971847004
2153,0.229743253053
2154,0.637688416046
2155,0.71774464376
2156,0.215705492564
2157,0.489258002964
2158,0.539757730304
2159,0.108006584855
2160,0.513629309027
2161,0.625669671911
2162,0.156889803073
2163,0.777496590131
2164,0.593414504864
2165,0.505997954569
2166,0.530303124241
2167,0.240400362869
2168,0.660724593073
2169,0.229028348695
2170,0.173742714166
2171,0.340126603034
2172,0.578446954652
2173,0.665510747276
2174,0.309797094176
2175,0.620057266644
2176,0.489862200304
2177,0.378227965238
2178,0.473209047149
2179,0.585609046795
2180,0.434926415868
2181,0.727335587776
2182,0.66553668683
2183,0.164158454554
2184,0.233679138482
2185,0.656732395015
2186,0.726571275121
2187,0.718199902672
2188,0.509547919629
2189,0.466960572395
2190,0.653694701985
2191,0.321380932193
2192,0.469896610535
2193,0.0922250486916
2194,0.435593742416
2195,0.0786530082028
2196,0.0958379183305
2197,0.529905724269
2198,0.55182389445
2199,0.617300743729
2200,0.612623592463
2201,0.779711883297
2202,0.321794398375
2203,0.543206522036
2204,0.0469724040634
2205,0.693267369465
2206,0.406802717136
2207,0.638622042492
2208,0.266129650768
2209,0.762215918232
2210,0.669332779027
2211,0.630911663631
2212,0.519844784786
2213,0.233088493526
2214,0.5
2215,0.2056783187
2216,0.378040250039
2217,0.698130380899
2218,0.358657822204
2219,0.564715029479
2220,0.64531961524
2221,0.234668941492
2222,0.706132920709
2223,0.61155312129
2224,0.437201154009
2225,0.29985976628
2226,0.626075726923
2227,0.433230598297
2228,0.658748488109
2229,0.81073681324
2230,0.65445598873
2231,0.396839759185
2232,0.682093515109
2233,0.466661694561
2234,0.770088218831
2235,0.59093690225
2236,0.290619940204
2237,0.494886221467
2238,0.0498774710953
2239,0.568628273275
2240,0.43112013522
2241,0.628515589362
2242,0.736519664959
2243,0.559999333092
2244,0.764486125078
2245,0.318202412597
2246,0.568404243188
2247,0.689876505283
2248,0.655485142976
2249,0.217786017969
2250,0.246638330728
2251,0.363946169937
2252,0.65375899972
2253,0.365076969046
2254,0.395675629355
2255,0.0370204452196
2256,0.333629456435
2257,0.666249528621
2258,0.175787076326
2259,0.697654412391
2260,0.579528334438
2261,0.533863951643
2262,0.334000333384
2263,0.378440586046
2264,0.733969559398
2265,0.451135055496
2266,0.565195868761
2267,0.645509147569
2268,0.171703376532
2269,0.468848724498
2270,0.426569121453
2271,0.631432524336
2272,0.68353465785
2273,0.723690574446
2274,0.714386077335
2275,0.56139566248
2276,0.621812155137
2277,0.726905984439
2278,0.548941789819
2279,0.307473319923
2280,0.71855045411
2281,0.679096678937
2282,0.636083504271
2283,0.712672295066
2284,0.306187438658
2285,0.276220623578
2286,0.564969639865
2287,0.655664807312
2288,0.437665643397
2289,0.397810837769
2290,0.630932967553
2291,0.238118658057
2292,0.64768033825
2293,0.295360136763
2294,0.577367654865
2295,0.794176041576
2296,0.704691550221
2297,0.735254729028
2298,0.750145558368
2299,0.371488467537
2300,0.153216029546
2301,0.360517317832
2302,0.545787332702
2303,0.318556979681
2304,0.771872696583
2305,0.773507099118
2306,0.54357134525
2307,0.693708659957
2308,0.763938485926
2309,0.0780605002512
2310,0.489892506961
2311,0.717826463691
2312,0.684607149339
2313,0.745438328976
2314,0.578257620968
2315,0.227885396576
2316,0.459070756247
2317,0.668168121282
2318,0.736495128372
2319,0.806318749562
2320,0.615668415748
2321,0.757798792378
2322,0.689713748885
2323,0.70356351794
2324,0.660581040738
2325,0.577657268637
2326,0.315600203481
2327,0.566398827331
2328,0.589486070151
2329,0.528852455786
2330,0.774407053133
2331,0.400620778696
2332,0.21007167687
2333,0.265377366868
2334,0.541511854556
2335,0.623170081288
2336,0.726145402065
2337,0.676219271617
2338,0.686048567029
2339,0.770789191079
2340,0.185487447333
2341,0.280562811029
2342,0.746815468906
2343,0.738161289753
2344,0.718727854504
2345,0.699099155675
2346,0.712882879254
2347,0.135086005935
2348,0.194781769204
2349,0.333298273909
2350,0.292965720235
2351,0.728251225442
2352,0.522026145656
2353,0.175791578589
2354,0.582981114758
2355,0.267475332804
2356,0.27062888923
2357,0.5
2358,0.73581450457
2359,0.569371427226
2360,0.745811086948
2361,0.376910139711
2362,0.546557681536
2363,0.514376303391
2364,0.188936287703
2365,0.0587967364903
2366,0.370055371245
2367,0.78030547312
2368,0.560435445931
2369,0.369900348699
2370,0.349989835094
2371,0.458333273543
2372,0.78225975112
2373,0.524317931443
2374,0.609811316615
2375,0.689949391281
2376,0.319255709614
2377,0.525435630576
2378,0.186993642219
2379,0.713718416697
2380,0.724318191806
2381,0.71516654058
2382,0.130883557047
2383,0.63987953476
2384,0.545740688931
2385,0.542348629405
2386,0.735055012114
2387,0.396403969396
2388,0.349960743652
2389,0.733870652584
2390,0.5
2391,0.552522702889
2392,0.292564924001
2393,0.601959562563
2394,0.548316935715
2395,0.41986759264
2396,0.669729122313
2397,0.59679680887
2398,0.285599287725
2399,0.665017883959
2400,0.826315692437
2401,0.710291950754
2402,0.655625584696
2403,0.572124234154
2404,0.218121021998
2405,0.546227627344
2406,0.711259702568
2407,0.408870662572
2408,0.419164050026
2409,0.47448258085
2410,0.29112888515
2411,0.620947381582
2412,0.757969704137
2413,0.657176584928
2414,0.081868741168
2415,0.640599007208
2416,0.520966239906
2417,0.351446490323
2418,0.668849314502
2419,0.657408942665
2420,0.613239695971
2421,0.111435275618
2422,0.699155345442
2423,0.464020605083
2424,0.34454739198
2425,0.707452927411
2426,0.65720556447
2427,0.411018373398
2428,0.555200784164
2429,0.596161611174
2430,0.598612626485
2431,0.687071402793
2432,0.399672939286
2433,0.60174586276
2434,0.374569041437
2435,0.708584628704
2436,0.74987708312
2437,0.555636418488
2438,0.682174107957
2439,0.591504764022
2440,0.677023679696
2441,0.0748329744704
2442,0.567365826504
2443,0.258358496127
2444,0.527633979033
2445,0.773171522513
2446,0.663427145121
2447,0.652163134003
2448,0.104592519307
2449,0.585546160126
2450,0.522691920624
2451,0.182304767675
2452,0.394669702755
2453,0.320501202136
2454,0.711619373513
2455,0.410461730752
2456,0.544633735041
2457,0.53460919559
2458,0.566175560694
2459,0.384081192639
2460,0.717717273609
2461,0.687937966765
2462,0.381664331969
2463,0.739873275686
2464,0.72990798706
2465,0.590342210248
2466,0.694131033357
2467,0.162870639004
2468,0.742978854763
2469,0.154996816012
2470,0.0692952160998
2471,0.698646059037
2472,0.744354064305
2473,0.706628072105
2474,0.132196826451
2475,0.582851110297
2476,0.0395661397258
2477,0.708676787246
2478,0.681485528422
2479,0.426952413849
2480,0.519418569321
2481,0.604479841326
2482,0.71736230623
2483,0.464699892648
2484,0.577823580898
2485,0.548069947012
2486,0.578323501025
2487,0.369045671657
2488,0.765705193828
2489,0.724340568105
2490,0.195129378374
2491,0.765748106933
2492,0.432684392172
2493,0.136027752166
2494,0.618584199972
2495,0.0415313247681
2496,0.485080149892
2497,0.720283777502
2498,0.46534909115
2499,0.643786891683
2500,0.158652082616
2501,0.627986755882
2502,0.409406970843
2503,0.7066455638
2504,0.669712199791
2505,0.0426977077872
2506,0.690394503941
2507,0.612468044474
2508,0.526080462623
2509,0.526220678033
2510,0.724181791347
2511,0.706105097221
2512,0.284394481051
2513,0.661317829587
2514,0.435228975506
2515,0.170495979929
2516,0.692400137967
2517,0.5
2518,0.778615812396
2519,0.692494801613
2520,0.297840680703
2521,0.152506421666
2522,0.148801555286
2523,0.699959734366
2524,0.586243900952
2525,0.424529593836
2526,0.5
2527,0.736860799914
2528,0.658928655504
2529,0.731927954248
2530,0.663476230892
2531,0.657151815153
2532,0.366223042168
2533,0.485476345362
2534,0.561147726367
2535,0.747383337012
2536,0.73249059039
2537,0.270378766172
2538,0.0616392425514
2539,0.640599242999
2540,0.31090450059
2541,0.31760654276
2542,0.724733107122
2543,0.730129106001
2544,0.203429649496
2545,0.700079165912
2546,0.30336262109
2547,0.0540062280084
2548,0.563689459676
2549,0.316893562194
2550,0.795007514441
2551,0.720696665535
2552,0.512686617413
2553,0.419709833087
2554,0.515522899663
2555,0.672632983459
2556,0.713245113697
2557,0.044486975463
2558,0.178499985694
2559,0.673032166626
2560,0.468257768321
2561,0.60947187932
2562,0.278727797122
2563,0.585858523124
2564,0.454975204581
2565,0.347581764702
2566,0.158100671819
2567,0.526267756872
2568,0.554460694354
2569,0.774596995704
2570,0.510582431819
2571,0.598500560059
2572,0.628838910356
2573,0.564947352664
2574,0.615987076356
2575,0.726041587822
2576,0.642007867103
2577,0.74007801257
2578,0.562942883454
2579,0.0975060915744
2580,0.309481856607
2581,0.468282245381
2582,0.698070020798
2583,0.601735567643
2584,0.585826572402
2585,0.577335594592
2586,0.754162703598
2587,0.369795680728
2588,0.374441764847
2589,0.723988728082
2590,0.720014059646
2591,0.0785109669385
2592,0.681020347824
2593,0.393004116406
2594,0.33097480407
2595,0.633390892463
2596,0.0778322034599
2597,0.0608946052988
2598,0.258274254049
2599,0.36531688203
2600,0.105290873342
2601,0.602973317438
2602,0.632322596621
2603,0.62487900214
2604,0.584047949702
2605,0.360930141215
2606,0.0742127351221
2607,0.651305299548
2608,0.5
2609,0.313952105113
2610,0.253873836464
2611,0.715681194714
2612,0.37451410458
2613,0.0633255312151
2614,0.758362569834
2615,0.113539061927
2616,0.654659383355
2617,0.517173126677
2618,0.563674745577
2619,0.67434062648
2620,0.456722896946
2621,0.58835383723
2622,0.372078165715
2623,0.482304876342
2624,0.731094807655
2625,0.709617292176
2626,0.531119186257
2627,0.569826203298
2628,0.4322776828
2629,0.149598337721
2630,0.591883051014
2631,0.112888497277
2632,0.3561348685
2633,0.24062140826
2634,0.253553257286
2635,0.67563064324
2636,0.57084970897
2637,0.671919382762
2638,0.737976068733
2639,0.671928118026
2640,0.656270726927
2641,0.155476005186
2642,0.505958262501
2643,0.356919932062
2644,0.560259218385
2645,0.431324087441
2646,0.452341465075
2647,0.202376299302
2648,0.195147370471
2649,0.0938981232137
2650,0.388615208931
2651,0.721701086406
2652,0.70454106766
2653,0.200653907531
2654,0.807682198051
2655,0.399338053578
2656,0.647485105637
2657,0.207431011052
2658,0.447617222364
2659,0.542797612397
2660,0.710897581385
2661,0.698407191786
2662,0.416237372658
2663,0.74874031535
2664,0.72145818189
2665,0.480930198304
2666,0.230158271407
2667,0.647800288385
2668,0.801729352312
2669,0.755085178432
2670,0.700805997566
2671,0.228697557868
2672,0.754772839693
2673,0.660898478013
2674,0.510686256714
2675,0.736368745795
2676,0.067161253322
2677,0.5
2678,0.33968323206
2679,0.788717818218
2680,0.0817410770185
2681,0.357422316063
2682,0.0659224055938
2683,0.333491757076
2684,0.77990113745
2685,0.695804966873
2686,0.291458859611
2687,0.0827348239171
2688,0.165096740971
2689,0.335280193012
2690,0.131825708578
2691,0.673036535049
2692,0.297399982369
2693,0.460998718829
2694,0.542721337439
2695,0.469326648769
2696,0.474435814123
2697,0.341537136758
2698,0.152798741365
2699,0.725918666493
2700,0.515215880173
2701,0.608147095419
2702,0.713968394586
2703,0.733163239728
2704,0.114191384968
2705,0.715578347961
2706,0.71116312187
2707,0.64689655988
2708,0.760084850216
2709,0.0629725647407
2710,0.574512876746
2711,0.610788772591
2712,0.768320288982
2713,0.330063707404
2714,0.565617127582
2715,0.5
2716,0.320759846466
2717,0.452977649665
2718,0.444431069961
2719,0.575404958666
2720,0.634255254418
2721,0.673015293371
2722,0.317058749
2723,0.580920063286
2724,0.636636786467
2725,0.459256325838
2726,0.376519966553
2727,0.613103360368
2728,0.537028764764
2729,0.673612110421
2730,0.5
2731,0.314841550809
2732,0.684044799655
2733,0.661174414994
2734,0.143336903693
2735,0.429973313922
2736,0.251384096933
2737,0.4734040434
2738,0.443071121845
2739,0.39267457599
2740,0.463850611933
2741,0.170612151489
2742,0.692714390638
2743,0.720208600964
2744,0.716978509324
2745,0.075833795936
2746,0.525751835491
2747,0.582565586693
2748,0.571216276664
2749,0.523704115308
2750,0.457209654023
2751,0.68213247551
2752,0.354476699616
2753,0.687354188091
2754,0.278186931954
2755,0.0622220934705
2756,0.454591342278
2757,0.682629402849
2758,0.708189072196
2759,0.744746568139
2760,0.6062686792
2761,0.64588149189
2762,0.555792551303
2763,0.600442172614
2764,0.209423940824
2765,0.54070461317
2766,0.448760650567
2767,0.257476496811
2768,0.739305639539
2769,0.769317543394
2770,0.52307782074
2771,0.514343510272
2772,0.575408795832
2773,0.510132565756
2774,0.395399327853
2775,0.0538013948466
2776,0.471445026336
2777,0.190530302589
2778,0.405286199745
2779,0.0826384799581
2780,0.365006543181
2781,0.513405800454
2782,0.608466850466
2783,0.28965592711
2784,0.0896643804354
2785,0.508199217822
2786,0.673565673727
2787,0.593942149302
2788,0.731922991316
2789,0.61372366098
2790,0.717057523729
2791,0.343033476058
2792,0.676224130952
2793,0.537189864558
2794,0.354880034583
2795,0.5
2796,0.5
2797,0.274035773774
2798,0.508182367442
2799,0.721718602538
2800,0.715810975448
2801,0.35903645394
2802,0.569527799218
2803,0.308254523943
2804,0.422449238655
2805,0.0497825751483
2806,0.480286250241
2807,0.673171419552
2808,0.420985188084
2809,0.0936085959674
2810,0.515855744946
2811,0.211055941569
2812,0.694406599943
2813,0.31916990006
2814,0.563065711837
2815,0.619071675289
2816,0.101263644141
2817,0.702269379355
2818,0.579990633467
2819,0.8312499005
2820,0.391716824886
2821,0.132828192775
2822,0.486855343062
2823,0.1878798928
2824,0.102228714761
2825,0.0976298410717
2826,0.5
2827,0.742872114996
2828,0.677516575976
2829,0.192625486115
2830,0.713985180951
2831,0.534549880723
2832,0.450580699133
2833,0.647119044288
2834,0.58785432841
2835,0.485403778645
2836,0.641210996404
2837,0.521746605407
2838,0.545395674928
2839,0.554602085293
2840,0.560300649761
2841,0.658910721736
2842,0.0570215421812
2843,0.39361934765
2844,0.558419265926
2845,0.685592925626
2846,0.687901239066
2847,0.736751479673
2848,0.654960167569
2849,0.693902580214
2850,0.558266124183
2851,0.587564158248
2852,0.561273726961
2853,0.464601251312
2854,0.556407700851
2855,0.492543149889
2856,0.0575880970676
2857,0.146461817019
2858,0.141493469323
2859,0.0749006316825
2860,0.65865488399
2861,0.371216885392
2862,0.469604402274
2863,0.645709356968
2864,0.0888977866017
2865,0.273139655739
2866,0.248911867955
2867,0.734722545218
2868,0.654472691851
2869,0.762428027485
2870,0.700761679245
2871,0.155446062929
2872,0.607039429803
2873,0.57463096931
2874,0.597859078527
2875,0.487689801683
2876,0.745305652837
2877,0.0662903456846
2878,0.268698818397
2879,0.48749547637
2880,0.640581297159
2881,0.164274999262
2882,0.0962234428092
2883,0.551038111899
2884,0.113426709034
2885,0.659713907274
2886,0.775154865637
2887,0.169088702095
2888,0.546752393666
2889,0.59033133456
2890,0.293044314241
2891,0.683381934365
2892,0.299943020614
2893,0.776371291743
2894,0.438543646627
2895,0.723530897073
2896,0.768473490537
2897,0.182495870416
2898,0.359994240376
2899,0.458888899015
2900,0.226970800028
2901,0.649621104053
2902,0.588079878814
2903,0.620819340364
2904,0.611629403893
2905,0.166424034676
2906,0.739699930428
2907,0.638574075982
2908,0.585891470468
2909,0.0857317002297
2910,0.698874737789
2911,0.268483353018
2912,0.559422456818
2913,0.642265213208
2914,0.395409328806
2915,0.447383817707
2916,0.237101676068
2917,0.337596283415
2918,0.229612026931
2919,0.141799320628
2920,0.579205429104
2921,0.0994096754433
2922,0.641681050881
2923,0.434969174936
2924,0.0771420951597
2925,0.673375518598
2926,0.353655200634
2927,0.578434952282
2928,0.0647628038762
2929,0.0641567664799
2930,0.766208184756
2931,0.632756848185
2932,0.575592338519
2933,0.51309201845
2934,0.5
2935,0.447215872839
2936,0.714884134317
2937,0.768935781245
2938,0.764582671061
2939,0.127230491353
2940,0.728364563576
2941,0.524351997056
2942,0.608778575486
2943,0.148286130055
2944,0.418981010022
2945,0.623933149799
2946,0.732145204533
2947,0.123912642066
2948,0.522347480025
2949,0.574562625783
2950,0.447388045802
2951,0.218277756164
2952,0.142132799646
2953,0.734895373269
2954,0.440589566468
2955,0.621253596655
2956,0.52719523515
2957,0.276430201995
2958,0.144473616108
2959,0.395800102288
2960,0.401899761526
2961,0.712778997808
2962,0.493991300927
2963,0.421238568498
2964,0.669316587947
2965,0.528489871751
2966,0.735074468471
2967,0.736522442892
2968,0.721428935194
2969,0.647868356974
2970,0.580293266881
2971,0.413108510069
2972,0.486268404094
2973,0.5
2974,0.182336193631
2975,0.581871794308
2976,0.440970679103
2977,0.361344401707
2978,0.691974798188
2979,0.517596052093
2980,0.562529840138
2981,0.130686115558
2982,0.396806743191
2983,0.674217148694
2984,0.0774714292898
2985,0.0686434848244
2986,0.732710070336
2987,0.427819500262
2988,0.0742554649692
2989,0.307772817943
2990,0.598070320778
2991,0.64118502663
2992,0.444160116969
2993,0.20972347502
2994,0.756344183098
2995,0.300015400501
2996,0.395284147375
2997,0.163571072752
2998,0.207604290339
2999,0.715812506761
3000,0.396751023214
3001,0.254351703483
3002,0.247319981471
3003,0.691869955436
3004,0.54986750013
3005,0.747112561304
3006,0.567626918266
3007,0.637652163328
3008,0.245151940903
3009,0.18012117061
3010,0.747102820586
3011,0.644102632743
3012,0.690643607824
3013,0.728628934727
3014,0.223610888778
3015,0.275811820485
3016,0.344787989636
3017,0.14577018256
3018,0.491614230054
3019,0.0462872441477
3020,0.256209257319
3021,0.362834511596
3022,0.722276473387
3023,0.492169025117
3024,0.516495685395
3025,0.689606901921
3026,0.625162239323
3027,0.465473931178
3028,0.52119771566
3029,0.276203168959
3030,0.743399770075
3031,0.744211298473
3032,0.642409026483
3033,0.709286724747
3034,0.650637653233
3035,0.601062293891
3036,0.672360676347
3037,0.239230610234
3038,0.471851573905
3039,0.712266393041
3040,0.711395075514
3041,0.438412647283
3042,0.664263275312
3043,0.65144640579
3044,0.725090862223
3045,0.6069351026
3046,0.57195345903
3047,0.340625290821
3048,0.285277818817
3049,0.293069355354
3050,0.678426444007
3051,0.718206317545
3052,0.69566683979
3053,0.734495125392
3054,0.683964370522
3055,0.216541436682
3056,0.724572425552
3057,0.205168691807
3058,0.298622465211
3059,0.69545903273
3060,0.737420196145
3061,0.388677597729
3062,0.31515292103
3063,0.649198038203
3064,0.475569313687
3065,0.5
3066,0.647634306014
3067,0.308271342082
3068,0.633258936189
3069,0.572562370157
3070,0.695689611649
3071,0.733165768607
3072,0.721571413494
3073,0.430978124602
3074,0.10932662919
3075,0.740037971683
3076,0.0759962112425
3077,0.0678680744145
3078,0.274590158632
3079,0.769757303089
3080,0.459324239252
3081,0.246382313504
3082,0.73429346264
3083,0.373193808764
3084,0.625954148457
3085,0.730830526333
3086,0.525920586388
3087,0.234851245313
3088,0.408991574141
3089,0.757389474152
3090,0.563500086964
3091,0.136100849941
3092,0.630364560979
3093,0.673733835936
3094,0.596117272509
3095,0.671613499077
3096,0.800438239024
3097,0.599014216235
3098,0.654835142692
3099,0.309026296728
3100,0.708929537937
3101,0.701838863696
3102,0.706947616275
3103,0.788859254865
3104,0.686837065616
3105,0.687822177058
3106,0.143995199859
3107,0.228950517793
3108,0.612922936766
3109,0.5
3110,0.69173915144
3111,0.638227350922
3112,0.683475532821
3113,0.127805678866
3114,0.373226014388
3115,0.418476423156
3116,0.528646457629
3117,0.701604258968
3118,0.729243873137
3119,0.112808938452
3120,0.337975254131
3121,0.369532591301
3122,0.387486688331
3123,0.469890314201
3124,0.69874430864
3125,0.623798803578
3126,0.662823917366
3127,0.297497693877
3128,0.396454786327
3129,0.722542045703
3130,0.643072925224
3131,0.559997411407
3132,0.582402584324
3133,0.182459472021
3134,0.650543681799
3135,0.342645806342
3136,0.551766516784
3137,0.65208080299
3138,0.382237233909
3139,0.0878027958197
3140,0.23896297795
3141,0.746074165189
3142,0.811971241457
3143,0.440882098565
3144,0.0892815924667
3145,0.575738741765
3146,0.738705980882
3147,0.0903123141984
3148,0.548034805903
3149,0.561362069017
3150,0.306973013678
3151,0.675345330937
3152,0.59360139175
3153,0.299102361018
3154,0.427199817976
3155,0.577455897102
3156,0.482913190996
3157,0.457577530772
3158,0.410911163669
3159,0.103813347762
3160,0.104386970377
3161,0.731858905708
3162,0.376534697347
3163,0.615016267262
3164,0.523061285404
3165,0.603082577379
3166,0.375926961172
3167,0.692500307724
3168,0.710003859455
3169,0.46369927936
3170,0.468685127869
3171,0.605468922785
3172,0.702728034317
3173,0.526787900609
3174,0.226795957506
3175,0.362819956001
3176,0.684535586135
3177,0.418081518143
3178,0.0968660747995
3179,0.75873056541
3180,0.622393166993
3181,0.61299024062
3182,0.550962165619
3183,0.613322840494
3184,0.68196179207
3185,0.728829698297
3186,0.485253103227
3187,0.5
3188,0.276244381046
3189,0.71296502518
3190,0.726853255178
3191,0.134832422279
3192,0.573397690236
3193,0.296493787902
3194,0.742743118709
3195,0.5
3196,0.673108364261
3197,0.750589913421
3198,0.293356798388
3199,0.174309048097
3200,0.689864008662
3201,0.634518748433
3202,0.722348911561
3203,0.572125353551
3204,0.655492127867
3205,0.213138521144
3206,0.611629083453
3207,0.642340660368
3208,0.757557640558
3209,0.299854339283
3210,0.328391028728
3211,0.726719793808
3212,0.676557009706
3213,0.614865373161
3214,0.125856830161
3215,0.327826223808
3216,0.638980365637
3217,0.344932999924
3218,0.47292095404
3219,0.555481536359
3220,0.645764786068
3221,0.691778350412
3222,0.631213743764
3223,0.220313826362
3224,0.687537013437
3225,0.746983209202
3226,0.572372966504
3227,0.468800623868
3228,0.480824395547
3229,0.704345589871
3230,0.709557482756
3231,0.73570360487
3232,0.597978621552
3233,0.582935634206
3234,0.797405211893
3235,0.565329010554
3236,0.512905918687
3237,0.471479779164
3238,0.761672063337
3239,0.705108806638
3240,0.689293591569
3241,0.733385134944
3242,0.408860385608
3243,0.694256827513
3244,0.671280359509
3245,0.0774218959463
3246,0.263901601741
3247,0.186459329718
3248,0.7034111674
3249,0.67042051384
3250,0.295259766394
3251,0.6852957722
3252,0.609649973475
3253,0.301015632902
3254,0.586644077363
3255,0.602379671564
3256,0.663454081856
3257,0.539969887546
3258,0.0933134874638
3259,0.526795012495
3260,0.0831294368686
3261,0.359918617397
3262,0.113517174295
3263,0.675995744332
3264,0.568443015688
3265,0.454530290689
3266,0.737998878508
3267,0.569285666277
3268,0.186853825051
3269,0.565854863951
3270,0.639890531484
3271,0.776449404682
3272,0.718413852933
3273,0.542005125531
3274,0.15180167816
3275,0.647923554863
3276,0.379275865058
3277,0.561573651095
3278,0.727449445571
3279,0.566195319451
3280,0.313489213689
3281,0.664950778513
3282,0.691332284661
3283,0.308989880341
3284,0.623694701308
3285,0.717921132569
3286,0.697036465172
3287,0.135258867594
3288,0.192468408357
3289,0.587750054476
3290,0.354081159338
3291,0.418113680727
3292,0.523684522014
3293,0.733170233411
3294,0.648489860492
3295,0.5
3296,0.232990035452
3297,0.720374367168
3298,0.671177916895
3299,0.583017629971
3300,0.608640621898
3301,0.531402244157
3302,0.0729454011358
3303,0.060161969625
3304,0.544344611041
3305,0.513899424285
3306,0.256459983818
3307,0.0458842772895
3308,0.0686876852383
3309,0.628200265893
3310,0.152524286395
3311,0.719453741858
3312,0.750682300205
3313,0.575968586808
3314,0.784679768777
3315,0.088804154368
3316,0.596477977295
3317,0.5
3318,0.486722469212
3319,0.352735553586
3320,0.0619770039677
3321,0.562775222017
3322,0.697943796506
3323,0.61151279463
3324,0.717059061221
3325,0.540856276945
3326,0.367907763315
3327,0.683696341191
3328,0.347312063135
3329,0.437819343359
3330,0.433226691917
3331,0.685831442567
3332,0.718190368149
3333,0.739064954776
3334,0.127763435559
3335,0.376923772359
3336,0.391220115697
3337,0.215756643235
3338,0.601506681272
3339,0.567933015493
3340,0.721250431981
3341,0.720309440601
3342,0.5
3343,0.394868506615
3344,0.615670703553
3345,0.4244270045
3346,0.481164724923
3347,0.719766477623
3348,0.457390606621
3349,0.226431063547
3350,0.64566184406
3351,0.516835144184
3352,0.55087432126
3353,0.680444112314
3354,0.441486645837
3355,0.387320563043
3356,0.107099419261
3357,0.461515293435
3358,0.421096330268
3359,0.490307363847
3360,0.646089701417
3361,0.74387160342
3362,0.472534607438
3363,0.621215040636
3364,0.259972629115
3365,0.173088376351
3366,0.68534461602
3367,0.535872810173
3368,0.756760161428
3369,0.738663266137
3370,0.739892799829
3371,0.555601865501
3372,0.628486296713
3373,0.722561344686
3374,0.604798811274
3375,0.692759059862
3376,0.256468664357
3377,0.510605543144
3378,0.0949086995663
3379,0.65742893897
3380,0.629849246488
3381,0.125921115184
3382,0.383053984953
3383,0.384546741546
3384,0.68535690713
3385,0.616266474817
3386,0.700709625736
3387,0.401802248209
3388,0.631979351615
3389,0.563470092812
3390,0.243386600172
3391,0.0705830171035
3392,0.592626012308
3393,0.301149118841
3394,0.0733141991851
3395,0.21541836409
3396,0.0880046871348
3397,0.721456982487
3398,0.188878216975
3399,0.532344164171
3400,0.633441816263
3401,0.605213508228
3402,0.542216645711
3403,0.352306457859
3404,0.546439306001
3405,0.737969804749
3406,0.5
3407,0.647236445778
3408,0.640214623369
3409,0.689911468548
3410,0.63571789098
3411,0.691234899529
3412,0.588434731522
3413,0.690836920527
3414,0.523105689882
3415,0.704040624552
3416,0.399716144289
3417,0.626203285652
3418,0.697730463762
3419,0.18419749085
3420,0.745246972214
3421,0.0773747546366
3422,0.15606947854
3423,0.667145272252
3424,0.560370159039
3425,0.627798145588
3426,0.407879308485
3427,0.6585553657
3428,0.712352516345
3429,0.680058430556
3430,0.759040355507
3431,0.217617061971
3432,0.655826341742
3433,0.457415857504
3434,0.541423360112
3435,0.255344499581
3436,0.547194921633
3437,0.441303742927
3438,0.665722660108
3439,0.545787602347
3440,0.470746055612
3441,0.640390010003
3442,0.639643897285
3443,0.65483783957
3444,0.5
3445,0.599136701123
3446,0.681407683297
3447,0.68503577616
3448,0.760978158351
3449,0.5
3450,0.63065600219
3451,0.390611944682
3452,0.574566539208
3453,0.525221547755
3454,0.445360352581
3455,0.484738847327
3456,0.668828603289
3457,0.624224790113
3458,0.335967137516
3459,0.410515890874
3460,0.717429200004
3461,0.735286104718
3462,0.566841287091
3463,0.211904143883
3464,0.0799622427693
3465,0.678226961919
3466,0.0752965397466
3467,0.603235428904
3468,0.453028543543
3469,0.764138086259
3470,0.48494013683
3471,0.657053901803
3472,0.788394112917
3473,0.745924679032
3474,0.410079323948
3475,0.485260591083
3476,0.193511594469
3477,0.713146532598
3478,0.451459834247
3479,0.695529145571
3480,0.602621491559
3481,0.574282363639
3482,0.335783003797
3483,0.714333128093
3484,0.44983848411
3485,0.394536229157
3486,0.700793357011
3487,0.686074246749
3488,0.553039379044
3489,0.0851070283355
3490,0.218962046974
3491,0.575074422006
3492,0.683597902884
3493,0.717121901983
3494,0.378768339431
3495,0.68643463771
3496,0.0566879761188
3497,0.574873197598
3498,0.440420191309
3499,0.510708350633
3500,0.614829875868
3501,0.148786317128
3502,0.54989444802
3503,0.616746278868
3504,0.664342156455
3505,0.679165877269
3506,0.607730809459
3507,0.389596567688
3508,0.358696942452
3509,0.117247484233
3510,0.664215284348
3511,0.261944408648
3512,0.624787702315
3513,0.217871576368
3514,0.704710940231
3515,0.592611421199
3516,0.699244417627
3517,0.198384051812
3518,0.719041029773
3519,0.538572591175
3520,0.147807266228
3521,0.294967421592
3522,0.594945461396
3523,0.751144399435
3524,0.687915902281
3525,0.666419017873
3526,0.735167696916
3527,0.701336033339
3528,0.733229229602
3529,0.360190519732
3530,0.564006492806
3531,0.734766388687
3532,0.749489323344
3533,0.672789528681
3534,0.764769002543
3535,0.737434526843
3536,0.350645362435
3537,0.276802871946
3538,0.704624468675
3539,0.619731085129
3540,0.683444958859
3541,0.404728613039
3542,0.69050442414
3543,0.781084584331
3544,0.5
3545,0.0714017576748
3546,0.754504224386
3547,0.251260230422
3548,0.669845360694
3549,0.577148839243
3550,0.375973607969
3551,0.367507013293
3552,0.505648855416
3553,0.748610135829
3554,0.707546345435
3555,0.723715164806
3556,0.242990621325
3557,0.646049384235
3558,0.175108782567
3559,0.558637534971
3560,0.545952359081
3561,0.208366012024
3562,0.447635305374
3563,0.781874177087
3564,0.342664673057
3565,0.544736845353
3566,0.589627506138
3567,0.177195005103
3568,0.514255891164
3569,0.483851328587
3570,0.657412434409
3571,0.458868384225
3572,0.754429269043
3573,0.0944458449501
3574,0.680277576869
3575,0.64882490106
3576,0.444396847949
3577,0.71738484718
3578,0.411784536151
3579,0.646830887261
3580,0.609659247895
3581,0.375098637799
3582,0.580570470894
3583,0.113675861088
3584,0.310141205073
3585,0.730664572864
3586,0.738648691161
3587,0.608185837002
3588,0.767748746232
3589,0.147996699324
3590,0.648244030457
3591,0.394701256939
3592,0.674033468561
3593,0.727372761739
3594,0.450376748565
3595,0.655877984653
3596,0.469528005336
3597,0.164067282156
3598,0.377211263189
3599,0.699117886591
3600,0.72571864132
3601,0.655521116013
3602,0.5
3603,0.621210985023
3604,0.390888114352
3605,0.209080641253
3606,0.176029999178
3607,0.630832085754
3608,0.755453738794
3609,0.409796164886
3610,0.414026632893
3611,0.615398071867
3612,0.387541952556
3613,0.701427714444
3614,0.0545542403229
3615,0.761193738428
3616,0.0494015274062
3617,0.155027014669
3618,0.355599625525
3619,0.623261308471
3620,0.724189678327
3621,0.702512815403
3622,0.235115531228
3623,0.754367265626
3624,0.618947415842
3625,0.567417868871
3626,0.0828320171486
3627,0.649140345602
3628,0.517295748531
3629,0.509931685772
3630,0.619758842287
3631,0.75444214345
3632,0.591323184355
3633,0.646769278767
3634,0.481869489971
3635,0.709533522008
3636,0.71484555008
3637,0.643344908665
3638,0.223875971765
3639,0.560718802709
3640,0.811673440203
3641,0.668536060068
3642,0.574010853584
3643,0.546323942545
3644,0.511460516758
3645,0.56362350872
3646,0.763623827865
3647,0.610842313094
3648,0.594874007013
3649,0.66216630022
3650,0.706977843265
3651,0.336219906384
3652,0.509814126545
3653,0.509939945883
3654,0.127984778133
3655,0.726188658051
3656,0.207129675511
3657,0.67382145011
3658,0.650583278634
3659,0.13809686373
3660,0.132332788009
3661,0.619065655744
3662,0.20922477844
3663,0.0706852982758
3664,0.683781810942
3665,0.431121046815
3666,0.210117336084
3667,0.5
3668,0.710423844841
3669,0.705900557511
3670,0.587468277359
3671,0.275449769564
3672,0.651329865067
3673,0.682227027224
3674,0.524175298318
3675,0.493568380426
3676,0.602166065041
3677,0.663551089975
3678,0.687342574751
3679,0.234914412318
3680,0.41021028844
3681,0.0566884488342
3682,0.429540719864
3683,0.149272775091
3684,0.57468762757
3685,0.304952143389
3686,0.0781387419918
3687,0.546747184694
3688,0.447467476114
3689,0.438118573375
3690,0.475818390433
3691,0.682535554069
3692,0.627077217252
3693,0.668118792003
3694,0.734507151948
3695,0.199791418114
3696,0.705770674428
3697,0.712524662655
3698,0.531104539168
3699,0.670556878922
3700,0.668734263021
3701,0.647202949274
3702,0.771664237559
3703,0.558765734789
3704,0.467914982644
3705,0.490687825488
3706,0.265534825489
3707,0.360150447271
3708,0.246669459115
3709,0.491872634966
3710,0.529556719585
3711,0.197685025115
3712,0.141558337408
3713,0.46361133061
3714,0.781513231508
3715,0.670065724397
3716,0.630708048307
3717,0.416129480351
3718,0.125229872919
3719,0.645200160787
3720,0.668557707157
3721,0.262905460256
3722,0.55138261746
3723,0.685773441768
3724,0.662205761264
3725,0.599198195324
3726,0.470531280127
3727,0.452780358982
3728,0.122576155581
3729,0.723200222499
3730,0.173676678296
3731,0.202857112316
3732,0.596078313744
3733,0.639977754152
3734,0.550612120378
3735,0.712210447007
3736,0.739291046272
3737,0.588456905722
3738,0.588330954394
3739,0.701911436898
3740,0.205487725279
3741,0.631938183233
3742,0.592823337622
3743,0.625679891062
3744,0.36116053532
3745,0.157172466975
3746,0.560959764416
3747,0.730442162112
3748,0.643380100782
3749,0.493361841609
3750,0.362986525948
3751,0.0667110126448
