MoleculeId,tfidf_lr-PredictedProbability
1,0.6505100835
2,0.794688090583
3,0.0818098996634
4,0.230261960262
5,0.0397195352093
6,0.299133089133
7,0.85623475824
8,0.788141610747
9,0.962610157106
10,0.389926091142
11,0.800506272401
12,0.141637706265
13,0.579612693243
14,0.63442903677
15,0.75875192286
16,0.714707334437
17,0.650068443213
18,0.303758301944
19,0.317924281601
20,0.210059953998
21,0.92116801717
22,0.336076815342
23,0.145804372932
24,0.124991717845
25,0.216184285547
26,0.990221861633
27,0.921832983193
28,0.542433553326
29,0.756382343275
30,0.90110149961
31,0.0818098996634
32,0.569566206092
33,0.0458333333333
34,0.794688090583
35,0.53751040559
36,0.443847576986
37,0.525171729108
38,0.753355372253
39,0.769287138607
40,0.920083082921
41,0.895074399529
42,0.0490591397849
43,0.0797109318442
44,0.835045811006
45,0.489142236799
46,0.92082398748
47,0.194985621028
48,0.528894152715
49,0.509235777122
50,0.531201845023
51,0.822194648894
52,0.554283691698
53,0.202261804389
54,0.832440796211
55,0.749653026212
56,0.614371908722
57,0.116333709187
58,0.107347974119
59,0.963525908022
60,0.330593964859
61,0.207681737402
62,0.243667803286
63,0.686159121415
64,0.766131798613
65,0.275749642514
66,0.323247544417
67,0.49907544085
68,0.796385512987
69,0.204282835916
70,0.793353274121
71,0.166925339779
72,0.555196464942
73,0.870541082355
74,0.745850498958
75,0.978349924585
76,0.955192574689
77,0.437381122402
78,0.966859241355
79,0.963525908022
80,0.0818098996634
81,0.810982462878
82,0.289824734089
83,0.545429948554
84,0.925055751653
85,0.958624127267
86,0.638391911118
87,0.525047998869
88,0.49262002768
89,0.711475498958
90,0.694661071198
91,0.927248734109
92,0.90529217465
93,0.793353274121
94,0.0194306560699
95,0.173293550421
96,0.496220351052
97,0.700472042676
98,0.53385655873
99,0.544769552163
100,0.326038233187
101,0.104383046201
102,0.330993928454
103,0.78190932251
104,0.986586552685
105,0.188111280288
106,0.923625507984
107,0.810982462878
108,0.991516590337
109,0.0743273605021
110,0.711475498958
111,0.395074557214
112,0.228375881138
113,0.106809899663
114,0.753355372253
115,0.812768177163
116,0.768224479913
117,0.202817359945
118,0.525047998869
119,0.361752675429
120,0.968760354517
121,0.386539000215
122,0.116333709187
123,0.254727772228
124,0.105222598076
125,0.893624127721
126,0.963525908022
127,0.78190932251
128,0.202298434426
129,0.832569581338
130,0.683643106671
131,0.147289741926
132,0.916436992942
133,0.978349924585
134,0.627553883477
135,0.370967860829
136,0.0585829493088
137,0.206664793532
138,0.107134574988
139,0.492330912034
140,0.793353274121
141,0.784988612466
142,0.45715382605
143,0.963525908022
144,0.762391662575
145,0.531751295572
146,0.545574314658
147,0.193971209497
148,0.679643919406
149,0.48213730414
150,0.124991717845
151,0.0166666666667
152,0.913710047349
153,0.939567574689
154,0.179828694895
155,0.555010404884
156,0.403445382699
157,0.340157590551
158,0.524190856012
159,0.739338832018
160,0.672827310551
161,0.19910246373
162,0.0956987885523
163,0.384592422541
164,0.283372999549
165,0.37225328593
166,0.533653110672
167,0.124667042521
168,0.778756324229
169,0.947900908022
170,0.21160246373
171,0.216366621188
172,0.500343732547
173,0.745650152043
174,0.48523543426
175,0.880235238832
176,0.829689989013
177,0.493640435844
178,0.531751295572
179,0.107484520714
180,0.175237994866
181,0.386583144342
182,0.745891266913
183,0.453786003745
184,0.698471716715
185,0.53444970827
186,0.459853721393
187,0.955192574689
188,0.683109531592
189,0.547227486048
190,0.650221726042
191,0.514949959653
192,0.850103884971
193,0.811479095874
194,0.495596218156
195,0.466264870233
196,0.113555931409
197,0.934780611777
198,0.527905141726
199,0.916958841317
200,0.402419899294
201,0.957076747156
202,0.227749987981
203,0.530010404884
204,0.911363396176
205,0.713182243826
206,0.220315057855
207,0.0956987885523
208,0.0724718381976
209,0.971207067442
210,0.440688806153
211,0.222662411772
212,0.465407727376
213,0.230817515818
214,0.54255445456
215,0.779469982079
216,0.116333709187
217,0.725111862595
218,0.108000375854
219,0.963525908022
220,0.56361942744
221,0.100809338959
222,0.484529391661
223,0.75376426279
224,0.638523254061
225,0.27403151229
226,0.426876477186
227,0.195921300921
228,0.191949070793
229,0.680410768166
230,0.756715951992
231,0.0333333333333
232,0.711671052716
233,0.794688090583
234,0.796506272401
235,0.881468625329
236,0.528894152715
237,0.198439548673
238,0.287837554602
239,0.450857191698
240,0.0956987885523
241,0.876224217478
242,0.754886789281
243,0.410097897459
244,0.118039084246
245,0.594164251038
246,0.49139595367
247,0.110480304416
248,0.631200599888
249,0.963525908022
250,0.310820700393
251,0.669485415569
252,0.29322804524
253,0.0956987885523
254,0.686447600636
255,0.728337719382
256,0.352508168834
257,0.09847656633
258,0.423865650174
259,0.963525908022
260,0.954676401896
261,0.559597934929
262,0.908865285428
263,0.528894152715
264,0.493749878531
265,0.101206760134
266,0.338439452704
267,0.131064370507
268,0.101742150347
269,0.963525908022
270,0.348890668155
271,0.930391693371
272,0.927733951839
273,0.228337738715
274,0.216301818932
275,0.909259048356
276,0.0685035842294
277,0.683344433667
278,0.633990519972
279,0.545574314658
280,0.285937102114
281,0.615874837026
282,0.883645152505
283,0.767952322144
284,0.796506272401
285,0.796506272401
286,0.116658384512
287,0.475796498269
288,0.191904661532
289,0.664541161281
290,0.878906715912
291,0.264364361129
292,0.71278288656
293,0.690380146942
294,0.570717171801
295,0.850440585308
296,0.70754588019
297,0.647615781383
298,0.405185530524
299,0.0818098996634
300,0.585681987667
301,0.963525908022
302,0.230817515818
303,0.829347221871
304,0.963525908022
305,0.779469982079
306,0.0818098996634
307,0.654583313216
308,0.560823771483
309,0.137491717845
310,0.992981261582
311,0.593165315661
312,0.947900908022
313,0.561050505134
314,0.275749642514
315,0.735643706911
316,0.963525908022
317,0.116658384512
318,0.451598270495
319,0.738678971944
320,0.927897845073
321,0.689089829119
322,0.13017313459
323,0.160433102827
324,0.625998002082
325,0.496497578701
326,0.891901905499
327,0.531751295572
328,0.843464509546
329,0.72617053672
330,0.776538353739
331,0.360306622913
332,0.910474266867
333,0.493640435844
334,0.783168088935
335,0.116027412427
336,0.899814603912
337,0.892310432787
338,0.765053971944
339,0.475796498269
340,0.621560635738
341,0.782592947864
342,0.762391662575
343,0.686232890316
344,0.144884459512
345,0.623819487996
346,0.183237248341
347,0.990941100732
348,0.879091097707
349,0.0798567601568
350,0.7911991079
351,0.202444722099
352,0.704610535362
353,0.324051210228
354,0.727279045257
355,0.800957170224
356,0.586204497543
357,0.262736822002
358,0.0722860901396
359,0.770391662575
360,0.971207067442
361,0.119905137759
362,0.399950664461
363,0.526884733563
364,0.761287138607
365,0.736664146449
366,0.923625507984
367,0.144884459512
368,0.695524255985
369,0.221476856477
370,0.584497584371
371,0.771105320425
372,0.0741748839708
373,0.672269217618
374,0.767233975074
375,0.755676080705
376,0.0956987885523
377,0.662066739645
378,0.508224469457
379,0.279653602033
380,0.796506272401
381,0.0585829493088
382,0.121854967304
383,0.749653026212
384,0.0333333333333
385,0.481661717319
386,0.815818441714
387,0.0751937197435
388,0.824937489333
389,0.79643156465
390,0.767949980431
391,0.778756324229
392,0.991791642864
393,0.204279391953
394,0.310286918963
395,0.485308086389
396,0.371841253192
397,0.0333333333333
398,0.666329771791
399,0.786323428929
400,0.360532848017
401,0.987634993938
402,0.871020156353
403,0.752523006053
404,0.819655483405
405,0.201800876429
406,0.923625507984
407,0.489142236799
408,0.793703738092
409,0.68870244334
410,0.0525055044204
411,0.991148641598
412,0.966859241355
413,0.472531192146
414,0.0818098996634
415,0.89946039547
416,0.598481407565
417,0.329492699833
418,0.397607374488
419,0.373638941761
420,0.990196078431
421,0.581284345996
422,0.412988086508
423,0.721434917707
424,0.413481356105
425,0.488538810813
426,0.745121768654
427,0.966496970669
428,0.946635785461
429,0.802021267083
430,0.885727261222
431,0.861933216496
432,0.44335233371
433,0.328001475793
434,0.229795972911
435,0.392320113366
436,0.527905141726
437,0.736016662575
438,0.222737994866
439,0.996761130174
440,0.603931365643
441,0.377551379053
442,0.745355372253
443,0.753355372253
444,0.209243936838
445,0.260749642514
446,0.978349924585
447,0.525047998869
448,0.424028956009
449,0.82291474429
450,0.304824734089
451,0.0956987885523
452,0.349823839052
453,0.107134574988
454,0.0956987885523
455,0.990196078431
456,0.790804708716
457,0.963525908022
458,0.496099250374
459,0.549332749206
460,0.796506272401
461,0.778756324229
462,0.717805875066
463,0.753355372253
464,0.45841781425
465,0.798021423917
466,0.294760631525
467,0.244795645802
468,0.550391899421
469,0.96703332671
470,0.796506272401
471,0.289824734089
472,0.866653164313
473,0.796506272401
474,0.531559657256
475,0.967873734109
476,0.955192574689
477,0.889124127721
478,0.57524946407
479,0.793353274121
480,0.202817359945
481,0.609035687002
482,0.516874413645
483,0.200504327138
484,0.610156404518
485,0.714572714711
486,0.185140026517
487,0.179870298043
488,0.0458333333333
489,0.963525908022
490,0.48939595367
491,0.482153801436
492,0.439890736199
493,0.978349924585
494,0.964158196838
495,0.230817515818
496,0.887179341374
497,0.279983567429
498,0.716293680777
499,0.0780273937532
500,0.21160246373
501,0.49661662632
502,0.204163828789
503,0.205874757322
504,0.260749642514
505,0.991186724897
506,0.910181640172
507,0.8957749358
508,0.197459035974
509,0.640449980416
510,0.963525908022
511,0.488538810813
512,0.615534704136
513,0.790321087216
514,0.49262002768
515,0.230606952489
516,0.552629452503
517,0.706876568477
518,0.422278348586
519,0.492253096528
520,0.0277777777778
521,0.388952299048
522,0.0277777777778
523,0.556894152715
524,0.596781461485
525,0.865652747658
526,0.0644174188034
527,0.778756324229
528,0.116313030941
529,0.466264870233
530,0.778287799482
531,0.787052323426
532,0.562599019277
533,0.978349924585
534,0.493640435844
535,0.192460217088
536,0.755069594506
537,0.938651823773
538,0.525047998869
539,0.776589141567
540,0.116658384512
541,0.488375545507
542,0.766297983899
543,0.252672719437
544,0.955192574689
545,0.75118818959
546,0.314291756168
547,0.440689179585
548,0.528783292986
549,0.674264872772
550,0.778756324229
551,0.492267487972
552,0.57840507822
553,0.186216984991
554,0.0956987885523
555,0.852519560291
556,0.804178230073
557,0.239947870853
558,0.92582644248
559,0.136551126179
560,0.451158710055
561,0.715216091421
562,0.344172391958
563,0.914657254015
564,0.127756638246
565,0.880391903138
566,0.963525908022
567,0.531751295572
568,0.794688090583
569,0.963525908022
570,0.799648839061
571,0.973122562161
572,0.398199970824
573,0.108000375854
574,0.668832245848
575,0.0277777777778
576,0.493640435844
577,0.93031849044
578,0.09847656633
579,0.245631401379
580,0.123154247337
581,0.706381441771
582,0.978349924585
583,0.978349924585
584,0.589379606917
585,0.597203212077
586,0.897904209647
587,0.962890831265
588,0.913431457405
589,0.0412780818593
590,0.825815385946
591,0.963525908022
592,0.749653026212
593,0.468726270412
594,0.10202431394
595,0.20078340176
596,0.0818098996634
597,0.234408776933
598,0.931219486332
599,0.971207067442
600,0.627515426042
601,0.222989670762
602,0.570717171801
603,0.919474084092
604,0.815464255595
605,0.835741662012
606,0.783168088935
607,0.225155577283
608,0.944361614303
609,0.129252442339
610,0.78190932251
611,0.777651800261
612,0.240643259536
613,0.749653026212
614,0.960155303613
615,0.833312169266
616,0.528894152715
617,0.761720033907
618,0.688985943157
619,0.266218958058
620,0.397987353023
621,0.786323428929
622,0.796506272401
623,0.822713246772
624,0.525047998869
625,0.740013788406
626,0.527905141726
627,0.81009731285
628,0.784502905398
629,0.427849072117
630,0.622796173389
631,0.80232445422
632,0.167844377844
633,0.527873744552
634,0.783168088935
635,0.220856708628
636,0.590294802827
637,0.764249976103
638,0.525047998869
639,0.0421146953405
640,0.894995397762
641,0.525047998869
642,0.323988903254
643,0.0956987885523
644,0.204412017944
645,0.414410148675
646,0.963525908022
647,0.990196078431
648,0.116658384512
649,0.785040599486
650,0.711475498958
651,0.727279045257
652,0.434287767739
653,0.796506272401
654,0.230518163546
655,0.596423103297
656,0.964164225912
657,0.175057129823
658,0.460408264261
659,0.978349924585
660,0.378422986371
661,0.923625507984
662,0.525047998869
663,0.282672719437
664,0.335836369513
665,0.0818098996634
666,0.32456347574
667,0.223976592869
668,0.216708846709
669,0.811163327649
670,0.436839426606
671,0.914181063539
672,0.925980090304
673,0.796506272401
674,0.722449553227
675,0.954276823773
676,0.464428860613
677,0.390234765563
678,0.809318902177
679,0.584700022666
680,0.116333709187
681,0.963525908022
682,0.896569459516
683,0.466614444543
684,0.311926113103
685,0.09847656633
686,0.849225988358
687,0.978349924585
688,0.955192574689
689,0.912097310913
690,0.796506272401
691,0.796506272401
692,0.195002262856
693,0.836594606725
694,0.917530772483
695,0.644220550143
696,0.583025236685
697,0.643795775737
698,0.292175642216
699,0.719475498958
700,0.202261804389
701,0.719279045257
702,0.0365591397849
703,0.14053998241
704,0.882983776844
705,0.175237994866
706,0.41567487231
707,0.935067574689
708,0.811794315867
709,0.14588579837
710,0.848429728094
711,0.850090296088
712,0.0956987885523
713,0.88783038772
714,0.706381441771
715,0.898688520327
716,0.09847656633
717,0.955192574689
718,0.294069328543
719,0.802291986687
720,0.697753363005
721,0.571280246154
722,0.175237994866
723,0.0277777777778
724,0.935067574689
725,0.09847656633
726,0.346044946703
727,0.750760189977
728,0.42495075005
729,0.527905141726
730,0.78190932251
731,0.794688090583
732,0.963525908022
733,0.778608128808
734,0.771055435477
735,0.780091140692
736,0.106809899663
737,0.918915400776
738,0.396779168477
739,0.92240622934
740,0.834666830549
741,0.527905141726
742,0.10435679721
743,0.149071804425
744,0.98831996454
745,0.717503370996
746,0.446089831221
747,0.144884459512
748,0.249020848433
749,0.0585829493088
750,0.212380852009
751,0.543381332202
752,0.661724748303
753,0.939567574689
754,0.796506272401
755,0.0787272989424
756,0.695773689682
757,0.963525908022
758,0.701604866495
759,0.929849948936
760,0.113266758072
761,0.251993986406
762,0.547227486048
763,0.871053398677
764,0.216909163394
765,0.802291986687
766,0.909927448133
767,0.124991717845
768,0.652165579181
769,0.0956987885523
770,0.230817515818
771,0.594164251038
772,0.206321222458
773,0.808178230073
774,0.963862579562
775,0.793353274121
776,0.667748041831
777,0.187405827033
778,0.257837554602
779,0.287358779064
780,0.538121527939
781,0.971207067442
782,0.820094220509
783,0.373718487395
784,0.687720709686
785,0.154425339779
786,0.534446880923
787,0.538881574862
788,0.10435679721
789,0.817604155999
790,0.693240204841
791,0.500462780166
792,0.318736467825
793,0.0956987885523
794,0.871514559806
795,0.739204023324
796,0.909259048356
797,0.433959020855
798,0.963525908022
799,0.0956987885523
800,0.597534214408
801,0.934750961022
802,0.0652777777778
803,0.425135491444
804,0.868157739704
805,0.612526884543
806,0.901981270578
807,0.266926113103
808,0.21591017126
809,0.32401402519
810,0.544635938599
811,0.48939595367
812,0.721492968685
813,0.84161861725
814,0.767054676865
815,0.714381441771
816,0.201800876429
817,0.567359324894
818,0.722449553227
819,0.68447045421
820,0.547227486048
821,0.62618643689
822,0.928125507984
823,0.493640435844
824,0.752429446327
825,0.372304844938
826,0.768224479913
827,0.237185037185
828,0.493516461446
829,0.812768177163
830,0.462633571774
831,0.80232445422
832,0.537153262027
833,0.53385655873
834,0.0504480286738
835,0.0277777777778
836,0.79832445422
837,0.788502905398
838,0.136571804425
839,0.857545400451
840,0.520628562628
841,0.937374592233
842,0.931958841317
843,0.688570548122
844,0.536710354448
845,0.556894152715
846,0.0956987885523
847,0.49748658969
848,0.754429452572
849,0.0818098996634
850,0.081361053127
851,0.0818098996634
852,0.522148515227
853,0.115467908321
854,0.689310586072
855,0.124971039599
856,0.759952322144
857,0.107134574988
858,0.724616735889
859,0.128238471092
860,0.500343732547
861,0.684949628108
862,0.530814153514
863,0.682626652499
864,0.524190856012
865,0.161330928451
866,0.947900908022
867,0.963525908022
868,0.1745251632
869,0.813297277692
870,0.0956987885523
871,0.929041258899
872,0.158241239496
873,0.745650152043
874,0.208701907437
875,0.463420147963
876,0.0277777777778
877,0.0956987885523
878,0.383365871315
879,0.0277777777778
880,0.49139595367
881,0.559429250824
882,0.963525908022
883,0.449969736795
884,0.141549059458
885,0.466264870233
886,0.909210964361
887,0.672026810086
888,0.344674786587
889,0.71803093364
890,0.796506272401
891,0.363112114464
892,0.931958841317
893,0.814586358982
894,0.48939595367
895,0.257630439023
896,0.495596218156
897,0.545574314658
898,0.776601461408
899,0.0927283836312
900,0.962610157106
901,0.131206151954
902,0.904881286989
903,0.690380146942
904,0.45722007523
905,0.798291986687
906,0.963525908022
907,0.749790415139
908,0.991536430436
909,0.882171950466
910,0.593423103297
911,0.880285364146
912,0.527905141726
913,0.518419018882
914,0.75049580316
915,0.556894152715
916,0.490630147626
917,0.151910988113
918,0.662251037573
919,0.796506272401
920,0.535047998869
921,0.780091140692
922,0.635265088476
923,0.108000375854
924,0.491232688364
925,0.116658384512
926,0.165880130508
927,0.61223413085
928,0.911452030812
929,0.19910246373
930,0.0166666666667
931,0.325536111495
932,0.990196078431
933,0.638745802668
934,0.967873734109
935,0.277995502743
936,0.525047998869
937,0.753482560658
938,0.202261804389
939,0.963525908022
940,0.647328265319
941,0.963525908022
942,0.793353274121
943,0.816001707706
944,0.21700856453
945,0.701341000566
946,0.0365591397849
947,0.978349924585
948,0.810982462878
949,0.905116191213
950,0.589072483156
951,0.566613275697
952,0.573770030842
953,0.171996594681
954,0.380385154062
955,0.472408626011
956,0.525047998869
957,0.525047998869
958,0.798688090583
959,0.915806667404
960,0.796473804869
961,0.590867547741
962,0.963525908022
963,0.963525908022
964,0.780091140692
965,0.136409466763
966,0.955192574689
967,0.329028030793
968,0.268445668468
969,0.915091838974
970,0.783168088935
971,0.794688090583
972,0.158518709843
973,0.0458333333333
974,0.0585829493088
975,0.557753801838
976,0.827247791894
977,0.368083732323
978,0.67099942851
979,0.295606548309
980,0.078483428149
981,0.971207067442
982,0.49748658969
983,0.981173733105
984,0.921458841317
985,0.725991688523
986,1.0
987,0.472572424259
988,0.266926113103
989,0.779650921835
990,0.831792778515
991,0.0333333333333
992,0.0277777777778
993,0.793353274121
994,0.786771985039
995,0.353215741688
996,0.531971180796
997,0.152480895334
998,0.855127598056
999,0.460999979896
1000,0.413002924148
1001,0.119742800096
1002,0.163490856459
1003,0.525047998869
1004,0.708303713189
1005,0.880287445351
1006,0.2099673758
1007,0.115525603152
1008,0.528894152715
1009,0.570724300779
1010,0.163495570623
1011,0.761720033907
1012,0.691057171168
1013,0.323611856937
1014,0.89910169846
1015,0.674077124267
1016,0.85538891628
1017,0.769973820031
1018,0.681898192764
1019,0.189761804389
1020,0.693240204841
1021,0.217264402264
1022,0.693869477402
1023,0.36960495387
1024,0.563894152715
1025,0.213597627684
1026,0.0956987885523
1027,0.0956987885523
1028,0.86762311314
1029,0.672487247881
1030,0.627749106765
1031,0.753355372253
1032,0.739485843549
1033,0.364618415806
1034,0.415125588148
1035,0.493640435844
1036,0.177430709378
1037,0.325099333956
1038,0.978349924585
1039,0.0685035842294
1040,0.620245852065
1041,0.799187144827
1042,0.882644986722
1043,0.587304104912
1044,0.560348233033
1045,0.967873734109
1046,0.463427531798
1047,0.145804372932
1048,0.181422150053
1049,0.719279045257
1050,0.747258570822
1051,0.493386718972
1052,0.586878536752
1053,0.12215074907
1054,0.0641385048643
1055,0.933824314091
1056,0.0837902103097
1057,0.724616735889
1058,0.215353989982
1059,0.810982462878
1060,0.602005845192
1061,0.531751295572
1062,0.746064790918
1063,0.40309844848
1064,0.936630048211
1065,0.247525156386
1066,0.815818441714
1067,0.460610826003
1068,0.0506310694811
1069,0.749653026212
1070,0.527905141726
1071,0.357371031289
1072,0.0818098996634
1073,0.419491320051
1074,0.603560635738
1075,0.651579188613
1076,0.938031555267
1077,0.97684000581
1078,0.355152842514
1079,0.726184052199
1080,0.128238471092
1081,0.716335058999
1082,0.795138988406
1083,0.108000375854
1084,0.0818098996634
1085,0.658576536084
1086,0.477860341146
1087,0.53667707155
1088,0.923813617293
1089,0.788141610747
1090,0.0333333333333
1091,0.923625507984
1092,0.73631533558
1093,0.147375507041
1094,0.970499116428
1095,0.93316025918
1096,0.963525908022
1097,0.0738639101808
1098,0.23051879455
1099,0.450652147634
1100,0.0530871729783
1101,0.654976066782
1102,0.800506272401
1103,0.345222816399
1104,0.195134209762
1105,0.990196078431
1106,0.867240049246
1107,0.963525908022
1108,0.737123458798
1109,0.796506272401
1110,0.737179621573
1111,0.755578347434
1112,0.524027590706
1113,0.678834090574
1114,0.245749642514
1115,0.273849190026
1116,0.94737515826
1117,0.590686055398
1118,0.817636623532
1119,0.202261804389
1120,0.963525908022
1121,0.794688090583
1122,0.713767208655
1123,0.858052940058
1124,0.799908861981
1125,0.222471088264
1126,0.800110168505
1127,0.727279045257
1128,0.753355372253
1129,0.857613042949
1130,0.978349924585
1131,0.924744253126
1132,0.199187238898
1133,0.910174799272
1134,0.457664052215
1135,0.175237994866
1136,0.317462096727
1137,0.794688090583
1138,0.914657254015
1139,0.254006073197
1140,0.433634200855
1141,0.340266106443
1142,0.72523403648
1143,0.324340007023
1144,0.456428297702
1145,0.0641385048643
1146,0.0780273937532
1147,0.642449927934
1148,0.914008132605
1149,0.417767070391
1150,0.896108165579
1151,0.823657944729
1152,0.61164609304
1153,0.492372144147
1154,0.853538679809
1155,0.880487549096
1156,0.64805446807
1157,0.883610340168
1158,0.484016301128
1159,0.148616375556
1160,0.858349875687
1161,0.347924281601
1162,0.715716258234
1163,0.0956987885523
1164,0.760761268004
1165,0.787783961007
1166,0.774432819575
1167,0.552629452503
1168,0.418828056189
1169,0.0333333333333
1170,0.987668272411
1171,0.382761137753
1172,0.925932509992
1173,0.637030709735
1174,0.915285364146
1175,0.783168088935
1176,0.353638567315
1177,0.527905141726
1178,0.997134924766
1179,0.493640435844
1180,0.637047961479
1181,0.967639518651
1182,0.0818098996634
1183,0.416168676212
1184,0.219804539432
1185,0.353505667045
1186,0.963525908022
1187,0.0166666666667
1188,0.0333333333333
1189,0.850814183445
1190,0.488392094373
1191,0.535047998869
1192,0.0333333333333
1193,0.108000375854
1194,0.422435559796
1195,0.986349924585
1196,0.422027396531
1197,0.931234241355
1198,0.955192574689
1199,0.230817515818
1200,0.974002098498
1201,0.108000375854
1202,0.947229814346
1203,0.733951552352
1204,0.777651800261
1205,0.796506272401
1206,0.230480071681
1207,0.119905137759
1208,0.53385655873
1209,0.814315796211
1210,0.0333333333333
1211,0.749352498084
1212,0.59064814987
1213,0.0277777777778
1214,0.0977215140848
1215,0.486464102036
1216,0.316497325054
1217,0.775346433709
1218,0.552977103729
1219,0.738798466512
1220,0.631895648497
1221,0.931236714209
1222,0.116658384512
1223,0.864074124477
1224,0.676990288863
1225,0.889711747947
1226,0.880577316864
1227,0.748512572072
1228,0.277736822002
1229,0.610147382367
1230,0.417057127639
1231,0.538894152715
1232,0.162431855902
1233,0.100912796795
1234,0.994117647059
1235,0.290836369513
1236,0.899185432158
1237,0.386721149836
1238,0.580843144543
1239,0.225155577283
1240,0.433264800112
1241,0.816367407505
1242,0.48933711258
1243,0.905852098824
1244,0.948936420268
1245,0.0956987885523
1246,0.696209516038
1247,0.212158019286
1248,0.892694091208
1249,0.208491409003
1250,0.166925339779
1251,0.521179868706
1252,0.096006633494
1253,0.931236714209
1254,0.854359984701
1255,0.0757262304496
1256,0.314773801478
1257,0.288849190026
1258,0.611172461628
1259,0.924668086758
1260,0.893923640941
1261,0.387021043868
1262,0.793353274121
1263,0.171991241619
1264,0.847217965993
1265,0.862153835077
1266,0.863610383425
1267,0.562950035486
1268,0.764525643967
1269,0.770391662575
1270,0.705294051146
1271,0.748512572072
1272,0.783581727826
1273,0.0579202606205
1274,0.772525643967
1275,0.608056375691
1276,0.723784369689
1277,0.607550483142
1278,0.805942101914
1279,0.0956987885523
1280,0.6687726501
1281,0.748512572072
1282,0.781776042691
1283,0.23029011283
1284,0.43068320321
1285,0.546279707172
1286,0.0818098996634
1287,0.447254972102
1288,0.0365591397849
1289,0.247634209762
1290,0.212986295438
1291,0.54826670344
1292,0.764525643967
1293,0.329295809282
1294,0.677097569487
1295,0.116333709187
1296,0.531777231907
1297,0.510465102727
1298,0.938393576954
1299,0.533560821087
1300,0.149271000929
1301,0.994117647059
1302,0.858606076792
1303,0.651244041476
1304,0.261447775996
1305,0.513951129703
1306,0.233847476258
1307,0.542071754306
1308,0.952351265292
1309,0.239624567212
1310,0.348781847205
1311,0.787982411439
1312,0.909717332955
1313,0.927751100699
1314,0.89877895936
1315,0.30064817665
1316,0.125967093872
1317,0.943001420091
1318,0.89707781077
1319,0.378778971475
1320,0.0708498168498
1321,0.49974549265
1322,0.534037011563
1323,0.386084325414
1324,0.785449350251
1325,0.632402284328
1326,0.773297460386
1327,0.994117647059
1328,0.571029735308
1329,0.584208784301
1330,0.985784313725
1331,0.934999483921
1332,0.0582857142857
1333,0.594341273412
1334,0.182385842304
1335,0.994117647059
1336,0.022619047619
1337,0.598699706548
1338,0.0991299724107
1339,0.995078773611
1340,0.303788698856
1341,0.37318456588
1342,0.47929556192
1343,0.795783371755
1344,0.956726910287
1345,0.907113907191
1346,0.748512572072
1347,0.384615449462
1348,0.269877963688
1349,0.726893704607
1350,0.617818840888
1351,0.578412712193
1352,0.748512572072
1353,0.283955631761
1354,0.979599403675
1355,0.794882671763
1356,0.756394061045
1357,0.022619047619
1358,0.863610383425
1359,0.258938710679
1360,0.051619047619
1361,0.500725323252
1362,0.569295940184
1363,0.7499411435
1364,0.738218454425
1365,0.373251813099
1366,0.0631575091575
1367,0.209947810706
1368,0.558374230553
1369,0.685788283333
1370,0.452933115459
1371,0.778814143263
1372,0.994344856017
1373,0.419628436475
1374,0.580843144543
1375,0.74030190573
1376,0.278826577616
1377,0.244662337777
1378,0.862593883877
1379,0.604968474646
1380,0.981592861541
1381,0.708266253627
1382,0.425287202978
1383,0.214947810706
1384,0.914570047542
1385,0.198600138812
1386,0.230765992524
1387,0.603764361508
1388,0.994117647059
1389,0.613209152477
1390,0.00927540851191
1391,0.708821496701
1392,0.762913546285
1393,0.0683725828263
1394,0.525048683968
1395,0.217477397995
1396,0.914570047542
1397,0.783801508046
1398,0.155753655529
1399,0.55623832823
1400,0.748512572072
1401,0.483953973911
1402,0.889711747947
1403,0.289467188878
1404,0.208675950611
1405,0.273738614624
1406,0.479088959615
1407,0.845213810597
1408,0.088005994006
1409,0.465098787625
1410,0.937312940717
1411,0.088005994006
1412,0.20217174893
1413,0.912845981207
1414,0.169437667596
1415,0.905852098824
1416,0.130905736721
1417,0.0775164835165
1418,0.871066523776
1419,0.871066523776
1420,0.816680866046
1421,0.928334484669
1422,0.455254972102
1423,0.384615449462
1424,0.0775164835165
1425,0.2079680248
1426,0.246313539606
1427,0.468891335738
1428,0.473712336239
1429,0.679946372368
1430,0.0407842444901
1431,0.145583416583
1432,0.672869116887
1433,0.758176437618
1434,0.745328353992
1435,0.882255607596
1436,0.723201318562
1437,0.75131369252
1438,0.758176437618
1439,0.635986297214
1440,0.741675618988
1441,0.764525643967
1442,0.425264800112
1443,0.540718861479
1444,0.764525643967
1445,0.276672255947
1446,0.840698075503
1447,0.238749437042
1448,0.683008405085
1449,0.0235024402045
1450,0.159893711552
1451,0.584363068642
1452,0.419628436475
1453,0.576065995671
1454,0.144419551037
1455,0.943498313429
1456,0.805872589671
1457,0.0474523809524
1458,0.535089643142
1459,0.998087262187
1460,0.758176437618
1461,0.453264800112
1462,0.21844518138
1463,0.489670556517
1464,0.409860052556
1465,0.914570047542
1466,0.500071624285
1467,0.0432857142857
1468,0.816872334472
1469,0.409403094215
1470,0.732630138716
1471,0.500725323252
1472,0.550315449594
1473,0.647982329286
1474,0.520400647927
1475,0.554029735308
1476,0.0708498168498
1477,0.130867335753
1478,0.766176437618
1479,0.0775164835165
1480,0.229426954677
1481,0.033540362743
1482,0.571029735308
1483,0.481481832072
1484,0.553137841168
1485,0.392869841983
1486,0.540803928857
1487,0.475189218271
1488,0.995605821939
1489,0.391012529461
1490,0.7499411435
1491,0.545388599088
1492,0.502982244829
1493,0.765147195083
1494,0.088005994006
1495,0.863610383425
1496,0.728820163682
1497,0.994117647059
1498,0.994117647059
1499,0.719728980184
1500,0.828157059086
1501,0.384505245201
1502,0.487943123869
1503,0.914570047542
1504,0.78695811552
1505,0.56613726219
1506,0.413394670241
1507,0.20317174893
1508,0.189996303978
1509,0.951824949503
1510,0.554751297278
1511,0.215717041475
1512,0.00833333333333
1513,0.198031214961
1514,0.0783128109591
1515,0.411628436475
1516,0.682875960801
1517,0.384251984183
1518,0.0631575091575
1519,0.200911244728
1520,0.587748838674
1521,0.022619047619
1522,0.681834756129
1523,0.203697560879
1524,0.39285459666
1525,0.180925678198
1526,0.784361732136
1527,0.683008405085
1528,0.56805985903
1529,0.283508108354
1530,0.617878474804
1531,0.639959946017
1532,0.602748812876
1533,0.282735106545
1534,1.0
1535,0.534037011563
1536,0.765854429768
1537,0.230263363198
1538,0.645951849221
1539,0.811712410037
1540,0.29088530113
1541,0.86345291671
1542,0.847217965993
1543,0.768115387557
1544,0.914570047542
1545,0.312842633427
1546,0.0775164835165
1547,0.324649210018
1548,0.0698241758242
1549,0.726200603382
1550,0.899185432158
1551,0.924668086758
1552,0.22384977149
1553,0.236708346178
1554,0.996323479955
1555,0.636455634314
1556,0.996888750532
1557,0.949569106397
1558,0.177793267605
1559,0.558428777042
1560,0.752102315662
1561,0.76429034985
1562,0.346443405441
1563,0.744204709392
1564,0.647930885705
1565,0.287462658014
1566,0.776335167777
1567,0.343419617846
1568,0.871129066346
1569,0.726893704607
1570,0.123151528714
1571,0.768007307112
1572,0.298423719008
1573,0.891729291807
1574,0.535023386138
1575,0.772525643967
1576,0.748512572072
1577,0.643628605365
1578,0.214532183865
1579,0.895446832547
1580,0.733167144712
1581,0.532131065305
1582,0.750523291598
1583,0.492896362969
1584,0.79061493198
1585,0.780456409072
1586,0.921236714209
1587,0.914014041423
1588,0.20964487343
1589,0.885703890164
1590,0.864074124477
1591,0.758176437618
1592,0.701797751332
1593,0.559626194091
1594,0.487088959615
1595,0.633123615011
1596,0.345187702151
1597,0.394620830427
1598,0.447462959925
1599,0.671157105137
1600,0.758176437618
1601,0.151473798132
1602,0.358517899214
1603,0.150068265068
1604,0.557682300065
1605,0.554029735308
1606,0.667699567083
1607,0.0775164835165
1608,0.101074433544
1609,0.0775164835165
1610,0.21116811362
1611,0.0631575091575
1612,0.77391786228
1613,0.708266253627
1614,0.0708498168498
1615,0.8105427917
1616,0.167856947902
1617,0.192834780287
1618,0.905096363332
1619,0.596982840116
1620,0.748512572072
1621,0.905112003922
1622,0.184788379243
1623,0.591104008746
1624,0.662373129193
1625,0.576029735308
1626,0.823280347475
1627,0.0656575091575
1628,0.789175310091
1629,0.633383563908
1630,0.735075062257
1631,0.198403407738
1632,0.948393576954
1633,0.586180564271
1634,0.77895811552
1635,0.549262818015
1636,0.995621350939
1637,0.237980206273
1638,0.022619047619
1639,0.500725323252
1640,0.907290112578
1641,0.161956118576
1642,0.657447914964
1643,0.383093824719
1644,0.934668086758
1645,0.699136102668
1646,0.758176437618
1647,0.49810813251
1648,0.233542774113
1649,0.453264800112
1650,0.995535206696
1651,0.962351265292
1652,0.863610383425
1653,0.914570047542
1654,0.378778971475
1655,0.869536309351
1656,0.658194853214
1657,0.68152206758
1658,0.0515001648012
1659,0.739745834933
1660,0.335125063979
1661,0.0708498168498
1662,0.439296751823
1663,0.197772023467
1664,0.310026541473
1665,0.747565203651
1666,0.37855367943
1667,0.21844518138
1668,0.921236714209
1669,0.876569104474
1670,0.206980846133
1671,0.748512572072
1672,0.088005994006
1673,0.500725323252
1674,0.869536309351
1675,0.207384054542
1676,0.113509170431
1677,0.966327300151
1678,0.331259963224
1679,0.795906657798
1680,0.7499411435
1681,0.869536309351
1682,0.582363068642
1683,0.833696164473
1684,0.994117647059
1685,0.17675440005
1686,0.858148198551
1687,0.088005994006
1688,0.221264419241
1689,0.413394670241
1690,0.787067768509
1691,0.466309738836
1692,0.722569535291
1693,0.945808289493
1694,0.99426445703
1695,0.773042045287
1696,0.022619047619
1697,0.10583982684
1698,0.128083416583
1699,0.213990924943
1700,0.134757920241
1701,0.739329661097
1702,0.913780573858
1703,0.920649827569
1704,0.126662682145
1705,0.728126278019
1706,0.813408442183
1707,0.451462423989
1708,0.931236714209
1709,0.292716437783
1710,0.0698241758242
1711,0.827891788294
1712,0.748462332058
1713,0.882255607596
1714,0.235770553181
1715,0.271590896002
1716,0.7851019596
1717,0.965362020545
1718,0.258522800933
1719,0.766176437618
1720,0.448987343345
1721,0.487088959615
1722,0.764525643967
1723,0.224525674772
1724,0.24011069283
1725,0.436319566846
1726,0.720425202313
1727,0.994778490142
1728,0.723201318562
1729,0.0481835829205
1730,0.748512572072
1731,0.555910815692
1732,0.769452301697
1733,0.535089643142
1734,0.500725323252
1735,0.869536309351
1736,0.850681858281
1737,0.847217965993
1738,0.797351395815
1739,0.773570680422
1740,0.527860904139
1741,0.994117647059
1742,0.732915343707
1743,0.396616902272
1744,0.0717849878728
1745,0.300066408877
1746,0.0369821194727
1747,0.57418416092
1748,0.582542597789
1749,0.677487218083
1750,0.454317431691
1751,0.393708865781
1752,0.698219568286
1753,0.108202118957
1754,0.475717495433
1755,0.884920924735
1756,0.189214604015
1757,0.476034192881
1758,0.397791958488
1759,0.893259506232
1760,0.207183104824
1761,0.921236714209
1762,0.7499411435
1763,0.7499411435
1764,0.896374677898
1765,0.103839327339
1766,0.521741157091
1767,0.899185432158
1768,0.489670556517
1769,0.905096363332
1770,0.334637020767
1771,0.0835146614332
1772,0.148864840297
1773,0.24964498116
1774,0.449106659063
1775,0.899185432158
1776,0.748512572072
1777,0.500725323252
1778,0.513582466109
1779,0.846708063299
1780,0.293405069105
1781,0.0830042896671
1782,0.255747364734
1783,0.211877267535
1784,0.821901722297
1785,0.79801419938
1786,0.206493449651
1787,0.924570047542
1788,0.994117647059
1789,0.547470595523
1790,0.734995573966
1791,0.329044426599
1792,0.21154778341
1793,0.679907401765
1794,0.0698241758242
1795,0.735660441746
1796,0.28952151302
1797,0.771924911367
1798,0.0768864260953
1799,0.746225342203
1800,0.707272306183
1801,0.500725323252
1802,0.710499739032
1803,0.0775164835165
1804,0.758176437618
1805,0.500356092608
1806,0.758176437618
1807,0.788440317529
1808,0.217675950611
1809,0.842166452119
1810,0.656980475585
1811,0.291292640965
1812,0.589562330171
1813,0.804158043459
1814,0.207183104824
1815,0.921236714209
1816,0.121679291345
1817,0.761855742092
1818,0.735660441746
1819,0.156520776962
1820,0.97196277908
1821,0.928001420091
1822,0.237980206273
1823,0.547470595523
1824,0.951370336516
1825,0.254878438575
1826,0.0931341991342
1827,0.022619047619
1828,0.188587258409
1829,0.373251813099
1830,0.411628436475
1831,0.75244000351
1832,0.0432857142857
1833,0.773540748574
1834,0.200342617277
1835,0.997820264381
1836,0.764525643967
1837,0.12776585411
1838,0.500725323252
1839,0.612225047225
1840,0.55658878603
1841,0.295868917826
1842,0.547470595523
1843,0.0330355003714
1844,0.500725323252
1845,0.748512572072
1846,0.441878348725
1847,0.850681858281
1848,0.748512572072
1849,0.0631575091575
1850,0.937808880574
1851,0.747565203651
1852,0.7499411435
1853,0.0227826978931
1854,0.088005994006
1855,0.709954756206
1856,0.0978544788545
1857,0.12933982684
1858,0.211326432539
1859,0.022619047619
1860,0.0758650044027
1861,0.213675950611
1862,0.212247379182
1863,0.0589908424908
1864,0.0775164835165
1865,0.804097790711
1866,0.514635097688
1867,0.499946102472
1868,0.347942921181
1869,0.095892446881
1870,0.0631575091575
1871,0.828747706262
1872,0.022619047619
1873,0.281489483057
1874,0.680062982769
1875,0.748512572072
1876,0.25056761886
1877,0.7579411435
1878,0.632597552372
1879,0.713702513237
1880,0.732779572569
1881,0.303788698856
1882,0.797578342113
1883,0.207986295438
1884,0.76153088709
1885,0.765425481993
1886,0.203192636188
1887,0.479946102472
1888,0.0775164835165
1889,0.52689415442
1890,0.275717402675
1891,0.741828769542
1892,0.213755526208
1893,0.218577911395
1894,0.830451174169
1895,0.14904140145
1896,0.932903380876
1897,0.755759779976
1898,0.726893704607
1899,0.202482093758
1900,0.308726060683
1901,0.722336021069
1902,0.534037011563
1903,0.898473888123
1904,0.995184839541
1905,0.350348004024
1906,0.0775164835165
1907,0.921236714209
1908,0.86105249093
1909,0.799046890305
1910,0.601029735308
1911,0.7579411435
1912,0.534037011563
1913,0.429007819826
1914,0.500756124674
1915,0.122460510017
1916,0.476034192881
1917,0.673666364469
1918,0.385195084683
1919,0.25056761886
1920,0.549470595523
1921,0.36514225748
1922,0.614660351396
1923,0.576378044903
1924,0.384615449462
1925,0.883860554405
1926,0.088005994006
1927,0.0470461154032
1928,0.042708324283
1929,0.476650476352
1930,0.918001420091
1931,0.0378246961782
1932,0.632454695229
1933,0.0774482649579
1934,0.0721238594375
1935,0.0775164835165
1936,0.998739461332
1937,0.102891351271
1938,0.238749437042
1939,0.317925575869
1940,0.194652962105
1941,0.239946962696
1942,0.995273065301
1943,0.211183104824
1944,0.890405428534
1945,0.461679032046
1946,0.0769410970547
1947,0.35896671782
1948,0.185321165035
1949,0.20317174893
1950,0.914570047542
1951,0.475054857751
1952,0.228090936992
1953,0.476034192881
1954,0.364884671848
1955,0.293961859029
1956,0.889288016434
1957,0.569029735308
1958,0.899185432158
1959,0.819178750306
1960,0.0775164835165
1961,0.251393115203
1962,0.914570047542
1963,0.678830409357
1964,0.392505245201
1965,0.772525643967
1966,0.475836764993
1967,0.27157258164
1968,0.510779288247
1969,0.535089643142
1970,0.218947810706
1971,0.906574210547
1972,0.7579411435
1973,0.860600032269
1974,0.819178750306
1975,0.567690248057
1976,0.869536309351
1977,0.55206846097
1978,0.758176437618
1979,0.765990750121
1980,0.20655772401
1981,0.994117647059
1982,0.510125101972
1983,0.994120459658
1984,0.817913725645
1985,0.360990740838
1986,0.536250257387
1987,0.921236714209
1988,0.914570047542
1989,0.807737373639
1990,0.893132800579
1991,0.192010416903
1992,0.705521155588
1993,0.671332136754
1994,0.671833605884
1995,0.52596341849
1996,0.239644881358
1997,0.840382393664
1998,0.502527699375
1999,0.610454561052
2000,0.914570047542
2001,0.035119047619
2002,0.514512038547
2003,0.748512572072
2004,0.326177251356
2005,0.423696530543
2006,0.178977279751
2007,0.587696401975
2008,0.867758444483
2009,0.3095696321
2010,0.0775164835165
2011,0.745767474033
2012,0.697730340743
2013,0.931236714209
2014,0.602373769795
2015,0.728027845907
2016,0.844078320283
2017,0.882255607596
2018,0.487131398537
2019,0.022619047619
2020,0.7499411435
2021,0.604364864368
2022,0.769985961428
2023,0.171580363783
2024,0.487088959615
2025,0.548315449594
2026,0.994393612442
2027,0.769985961428
2028,0.884920924735
2029,0.356883567689
2030,0.362376382776
2031,0.748512572072
2032,0.738798466512
2033,0.645903446651
2034,0.0698241758242
2035,0.929300012061
2036,0.25056761886
2037,0.122927620361
2038,0.487088959615
2039,0.514635097688
2040,0.0474523809524
2041,0.863942669369
2042,0.626814049034
2043,0.237688083759
2044,0.511056573825
2045,0.739116746531
2046,0.78869170319
2047,0.766176437618
2048,0.899185432158
2049,0.5805200833
2050,0.996532518568
2051,0.647927632581
2052,0.975882977803
2053,0.52257123357
2054,0.963764116878
2055,0.00833333333333
2056,0.914570047542
2057,0.645499822695
2058,0.956460890445
2059,0.768335167777
2060,0.0631575091575
2061,0.265783763651
2062,0.0775164835165
2063,0.0631575091575
2064,0.631753785406
2065,0.022619047619
2066,0.0775164835165
2067,0.547470595523
2068,0.163884054542
2069,0.32837701503
2070,0.871066523776
2071,0.229494132429
2072,0.088005994006
2073,0.314804079135
2074,0.684334488064
2075,0.988685258184
2076,0.521539925526
2077,0.914570047542
2078,0.379998170474
2079,0.7499411435
2080,0.088005994006
2081,0.588735617661
2082,0.578427259707
2083,0.994117647059
2084,0.21844518138
2085,0.679986177504
2086,0.500725323252
2087,0.899185432158
2088,0.480178744385
2089,0.708883911251
2090,0.554230706135
2091,0.0775164835165
2092,0.985784313725
2093,0.847217965993
2094,0.692618546573
2095,0.737451717286
2096,0.205609100159
2097,0.585748812876
2098,0.0949735224655
2099,0.725366324099
2100,0.213675950611
2101,0.994638691625
2102,0.943001420091
2103,0.542370344897
2104,0.985784313725
2105,0.513582466109
2106,0.676089232141
2107,0.751905841621
2108,0.921236714209
2109,0.714433898735
2110,0.499323427091
2111,0.310241900826
2112,0.54189415442
2113,0.0691502015971
2114,0.55113726219
2115,0.253407050444
2116,0.996227126292
2117,0.286544630355
2118,0.307543713117
2119,0.0775164835165
2120,0.20457782189
2121,0.667342650411
2122,0.572977103729
2123,0.601439680426
2124,0.194400507535
2125,0.608788028563
2126,0.599048189739
2127,0.208308921613
2128,0.941466268875
2129,0.156724318832
2130,0.77032811869
2131,0.873050705761
2132,0.644278383678
2133,0.899185432158
2134,0.0631575091575
2135,0.617562387914
2136,0.609121361896
2137,0.524136839209
2138,0.830824710126
2139,0.219717041475
2140,0.997293145345
2141,0.310241900826
2142,0.374456451005
2143,0.571131529341
2144,0.288546386782
2145,0.756512572072
2146,0.32117596676
2147,0.373251813099
2148,0.865272873297
2149,0.7499411435
2150,0.500725323252
2151,0.521179868706
2152,0.526037011563
2153,0.104343801382
2154,0.693464417999
2155,0.743257340971
2156,0.088005994006
2157,0.258483852771
2158,0.366458397312
2159,0.0631575091575
2160,0.253103850745
2161,0.994117647059
2162,0.513106275633
2163,0.950435329344
2164,0.563286803648
2165,0.258593745897
2166,0.52447506587
2167,0.759880093439
2168,0.731534651895
2169,0.33177768287
2170,0.528696530543
2171,0.933393576954
2172,0.622711476527
2173,0.617748812876
2174,0.374835668912
2175,0.748512572072
2176,0.540803928857
2177,0.76756712419
2178,0.351370485224
2179,0.338013669707
2180,0.688346419564
2181,0.842659848218
2182,0.849632792388
2183,0.201114466614
2184,0.384825627881
2185,0.747565203651
2186,0.914570047542
2187,0.879009993561
2188,0.226765992524
2189,0.629861922609
2190,0.634301587302
2191,0.0775164835165
2192,0.214947810706
2193,0.0775164835165
2194,0.690735171261
2195,0.0
2196,0.132416749917
2197,0.217675950611
2198,0.375657407504
2199,0.738218454425
2200,0.540020275568
2201,0.921236714209
2202,0.19262214978
2203,0.535089643142
2204,0.022619047619
2205,0.953156986205
2206,0.514635097688
2207,0.461411058802
2208,0.0775164835165
2209,0.994856613528
2210,0.749291792851
2211,0.6374934468
2212,0.500725323252
2213,0.222577911395
2214,0.500725323252
2215,0.364227628081
2216,0.767141499116
2217,0.738286961764
2218,0.748273750728
2219,0.786439428332
2220,0.540803928857
2221,0.7499411435
2222,0.744820105612
2223,0.849064707119
2224,0.152284803326
2225,0.758176437618
2226,0.521179868706
2227,0.256859861329
2228,0.659691658224
2229,0.996355927463
2230,0.507280280137
2231,0.466309738836
2232,0.634493121974
2233,0.334510584689
2234,0.985784313725
2235,0.284570514674
2236,0.213675950611
2237,0.3149639033
2238,0.0969068709073
2239,0.416493869041
2240,0.301865621933
2241,0.89886315577
2242,0.994117647059
2243,0.217675950611
2244,0.961381335265
2245,0.488891335738
2246,0.487088959615
2247,0.748512572072
2248,0.713702513237
2249,0.0908631368631
2250,0.213675950611
2251,0.558631667391
2252,0.759401630801
2253,0.75629034985
2254,0.305502731949
2255,0.031940343217
2256,0.231806385393
2257,0.715422682561
2258,0.41696380192
2259,0.617719103317
2260,0.667751977984
2261,0.852680150866
2262,0.208675950611
2263,0.405791958488
2264,0.904173715974
2265,0.473438400231
2266,0.280762470488
2267,0.859937264238
2268,0.0793110107529
2269,0.521453279506
2270,0.227806385393
2271,0.435201772064
2272,0.721118383953
2273,0.994117647059
2274,0.994117647059
2275,0.339449325918
2276,0.613788028563
2277,0.873834762092
2278,0.476673411216
2279,0.0903869463869
2280,0.924570047542
2281,0.644660351396
2282,0.636354218881
2283,0.991252320645
2284,0.051619047619
2285,0.198940979699
2286,0.228575616163
2287,0.882255607596
2288,0.876992449701
2289,0.809246692377
2290,0.99999117691
2291,0.296801040611
2292,0.771924911367
2293,0.137664274322
2294,0.294877963688
2295,0.996571722308
2296,0.706954241307
2297,0.881273664316
2298,0.829732273151
2299,0.76429034985
2300,0.551430180002
2301,0.571029735308
2302,0.760720934376
2303,0.637816166897
2304,0.91998040322
2305,0.994117647059
2306,0.60355670994
2307,0.781942052588
2308,0.996747803924
2309,0.212986295438
2310,0.899185432158
2311,0.753563992843
2312,0.779924911367
2313,0.863610383425
2314,0.405394670241
2315,0.233847476258
2316,0.868541401953
2317,0.56613726219
2318,0.925681897613
2319,0.997051853387
2320,0.535089643142
2321,0.869536309351
2322,0.905852098824
2323,0.735955127443
2324,0.720171015532
2325,0.244812551912
2326,0.051619047619
2327,0.289008479075
2328,0.758966815117
2329,0.500725323252
2330,0.911763029998
2331,0.579702962035
2332,0.230765992524
2333,0.726854818061
2334,0.421901163748
2335,0.555048379386
2336,0.748714767521
2337,0.507186854091
2338,0.746860738024
2339,0.95923235691
2340,0.729924007638
2341,0.323297236634
2342,0.894917713155
2343,0.922119191798
2344,0.76153088709
2345,0.971036169442
2346,0.60218416092
2347,0.0775164835165
2348,0.222577911395
2349,0.476034192881
2350,0.657442245281
2351,0.660386365648
2352,0.266116040287
2353,0.075894409065
2354,0.930163829462
2355,0.228575616163
2356,0.0775164835165
2357,0.886466133912
2358,0.78234249684
2359,0.254852439037
2360,0.858148198551
2361,0.362445638142
2362,0.205911244728
2363,0.212986295438
2364,0.0631575091575
2365,0.20616811362
2366,0.514635097688
2367,0.882700101081
2368,0.128813681639
2369,0.141625404037
2370,0.0775164835165
2371,0.433264800112
2372,0.977450980392
2373,0.871066523776
2374,0.388360357719
2375,0.725066149601
2376,0.89362038668
2377,0.871066523776
2378,0.605731045157
2379,0.738798466512
2380,0.876992449701
2381,0.945286627514
2382,0.0775164835165
2383,0.590404892533
2384,0.243624567212
2385,0.207183104824
2386,0.914570047542
2387,0.521179868706
2388,0.513106275633
2389,0.951824949503
2390,0.247082770376
2391,0.694965214238
2392,0.115721073599
2393,0.865399449112
2394,0.723848232628
2395,0.75244000351
2396,0.383151958022
2397,0.688246064583
2398,0.37822622759
2399,0.621635141312
2400,0.997709232296
2401,0.98395874051
2402,0.698382808363
2403,0.14469471519
2404,0.337070828633
2405,0.726893704607
2406,0.7499411435
2407,0.177239411235
2408,0.718899016081
2409,0.216870887629
2410,0.304867789168
2411,0.334431750348
2412,0.978376906318
2413,0.748993775079
2414,0.0698241758242
2415,0.672526467061
2416,0.823308317027
2417,0.7499411435
2418,0.731236400888
2419,0.50754350507
2420,0.780417333977
2421,0.328616285063
2422,0.700812690641
2423,0.162382518079
2424,0.734021052303
2425,0.778212182873
2426,0.610863171481
2427,0.088005994006
2428,0.668570074751
2429,0.633609120841
2430,0.266260826733
2431,0.71060280895
2432,0.107243143347
2433,0.619635856066
2434,0.772525643967
2435,0.776335167777
2436,0.994117647059
2437,0.672930885705
2438,0.748512572072
2439,0.424449436976
2440,0.605897422106
2441,0.0775164835165
2442,0.939657138419
2443,0.285091588253
2444,0.106643176259
2445,0.994454143857
2446,0.643481935643
2447,0.75629034985
2448,0.533560821087
2449,0.740289129243
2450,0.957793849461
2451,0.184094825853
2452,0.116021474524
2453,0.21444518138
2454,0.939149940301
2455,0.171534941581
2456,0.349868653722
2457,0.657691246839
2458,0.101966064069
2459,0.84271204287
2460,0.845503485043
2461,0.683002884121
2462,0.20616811362
2463,0.916914421289
2464,0.650040259669
2465,0.376547024922
2466,0.862063246915
2467,0.0238295366969
2468,0.718194708874
2469,0.105773203487
2470,0.197834780287
2471,0.779760864601
2472,0.940888261069
2473,0.817465422685
2474,0.0631575091575
2475,0.213839052208
2476,0.0631575091575
2477,0.7499411435
2478,0.897818563348
2479,0.386049688432
2480,0.365841609647
2481,0.394491114446
2482,0.914570047542
2483,0.425774081698
2484,0.585059327302
2485,0.22384977149
2486,0.722056943636
2487,0.577265337755
2488,0.920247754622
2489,0.980834785134
2490,0.0775164835165
2491,0.946656267077
2492,0.832320524933
2493,0.168900249329
2494,0.7499411435
2495,0.0515593761557
2496,0.893597002402
2497,0.698188734247
2498,0.357605060604
2499,0.621555065291
2500,0.551650769419
2501,0.408264800112
2502,0.157498098867
2503,0.82636069988
2504,0.670335513922
2505,0.0631575091575
2506,0.69730737535
2507,0.468891335738
2508,0.56988363247
2509,0.219813658229
2510,0.792502534696
2511,0.793426961146
2512,0.451491161247
2513,0.712175027794
2514,0.701096886982
2515,0.748925285748
2516,0.905137831865
2517,0.420703304063
2518,0.99756097561
2519,0.709321290755
2520,0.741790141081
2521,0.025339417563
2522,0.0930051604287
2523,0.584068950994
2524,0.451941839515
2525,0.16860475328
2526,0.246051981585
2527,0.969734318163
2528,0.808303120565
2529,0.957793849461
2530,0.500725323252
2531,0.636196036132
2532,0.0775164835165
2533,0.0913842944049
2534,0.942301791039
2535,0.922152516527
2536,0.791881580913
2537,0.0775164835165
2538,0.0631575091575
2539,0.772480644821
2540,0.364112304808
2541,0.0723830985829
2542,0.877443765237
2543,0.930064112186
2544,0.324189825455
2545,0.702016080452
2546,0.836943716758
2547,0.0696613130753
2548,0.31792300571
2549,0.802192451568
2550,0.968904960572
2551,0.954460516128
2552,0.652275787508
2553,0.711786699942
2554,0.968904960572
2555,0.74438947673
2556,0.79936560153
2557,0.0698241758242
2558,0.0631575091575
2559,0.718327671797
2560,0.905050806099
2561,0.71667054961
2562,0.518608439863
2563,0.221945493876
2564,0.782837787678
2565,0.14582617872
2566,0.0510304361072
2567,0.354800768023
2568,0.582164927049
2569,0.968904960572
2570,0.424038619838
2571,0.973666865334
2572,0.723286476723
2573,0.867151137188
2574,0.441122489929
2575,0.86389356143
2576,0.567982097969
2577,0.91672420402
2578,0.559766656701
2579,0.185662449203
2580,0.0735663082437
2581,0.196825061377
2582,0.667609447675
2583,0.406432809939
2584,0.20545777084
2585,0.411297545023
2586,0.957793849461
2587,0.23185879481
2588,0.544377013572
2589,0.846986015393
2590,0.86389356143
2591,0.0346774193548
2592,0.662593157529
2593,0.85271964418
2594,0.264452350322
2595,0.453926722733
2596,0.025
2597,0.025
2598,0.227026719561
2599,0.675980969958
2600,0.0902329749104
2601,0.422882362626
2602,0.730659499613
2603,0.769403721744
2604,0.772480644821
2605,0.0735663082437
2606,0.0518996415771
2607,0.71673377017
2608,0.453712121497
2609,0.0847981923017
2610,0.0695377269038
2611,0.724325936069
2612,0.796336925309
2613,0.0346774193548
2614,0.968904960572
2615,0.175736177466
2616,0.569379495492
2617,0.829276659528
2618,0.54081333819
2619,0.823436575524
2620,0.536401280705
2621,0.832915022652
2622,0.393568408636
2623,0.525245754255
2624,0.80415161818
2625,0.83344377912
2626,0.120030390444
2627,0.808912791106
2628,0.93682663642
2629,0.0735663082437
2630,0.214429062706
2631,0.0652329749104
2632,0.164090492746
2633,0.0666653743269
2634,0.297639870463
2635,0.718960722174
2636,0.450910343401
2637,0.581786811774
2638,0.948578163187
2639,0.645969403548
2640,0.409437125601
2641,0.0727140840925
2642,0.189788509945
2643,0.101464858968
2644,0.595353639471
2645,0.750942183282
2646,0.406146784534
2647,0.0435663082437
2648,0.224151284928
2649,0.0735663082437
2650,0.499893943046
2651,0.880349395869
2652,0.785923469383
2653,0.0486214322722
2654,1.0
2655,0.221497926737
2656,0.98055262596
2657,0.0956307504864
2658,0.717540929364
2659,0.884359247705
2660,0.814093077591
2661,0.595353639471
2662,0.229586067537
2663,0.909843714218
2664,0.899461620114
2665,0.611915087282
2666,0.315161462242
2667,0.660259340252
2668,0.969363377863
2669,0.99756097561
2670,0.635637288592
2671,0.0962751234411
2672,0.871857019541
2673,0.879012609049
2674,0.646622761511
2675,0.95191149652
2676,0.0942266302798
2677,0.551027193313
2678,0.496257122808
2679,0.976420068162
2680,0.224151284928
2681,0.0835663082437
2682,0.101739682857
2683,0.400054844805
2684,0.974481994431
2685,0.882504558512
2686,0.0668996415771
2687,0.235335495455
2688,0.190662449203
2689,0.766296585472
2690,0.351884151318
2691,0.783069818289
2692,0.112299806656
2693,0.694725416886
2694,0.225044396884
2695,0.56437829047
2696,0.443305725796
2697,0.240773455062
2698,0.0435663082437
2699,0.773294748792
2700,0.382660488125
2701,0.791083415463
2702,0.954404600808
2703,0.94795896814
2704,0.025
2705,0.834423814518
2706,0.75020733703
2707,0.537462241033
2708,0.89383085527
2709,0.101739682857
2710,0.608679698142
2711,0.419496201987
2712,0.977142711614
2713,0.556172243438
2714,0.38635069299
2715,0.617460994209
2716,0.562015849041
2717,0.820230360999
2718,0.162827051886
2719,0.621907051437
2720,0.787475926584
2721,0.804375715382
2722,0.159295170344
2723,0.463392305883
2724,0.627688570643
2725,0.349747133306
2726,0.142677449268
2727,0.811420628097
2728,0.37061725139
2729,0.730463747287
2730,0.954460516128
2731,0.595353639471
2732,0.94795896814
2733,0.878060228097
2734,0.25103279871
2735,0.477388470748
2736,0.0346774193548
2737,0.192203667841
2738,0.388286550217
2739,0.190662449203
2740,0.487717095644
2741,0.0668996415771
2742,0.731601775925
2743,0.8984693233
2744,0.817644427777
2745,0.0668996415771
2746,0.601544716912
2747,0.607474851592
2748,0.889130392725
2749,0.588502205361
2750,0.63965982106
2751,0.77770958255
2752,0.493526732059
2753,0.697969052212
2754,0.76711718644
2755,0.0368996415771
2756,0.899843714218
2757,0.562917447524
2758,0.782837787678
2759,0.816412791106
2760,0.499903315696
2761,0.581786811774
2762,0.214151284928
2763,0.475993316143
2764,0.115064628019
2765,0.488826893908
2766,0.829276659528
2767,0.765835135158
2768,0.794146829513
2769,0.939248924436
2770,0.431963734454
2771,0.478254777931
2772,0.566569420469
2773,0.338221916552
2774,0.214429062706
2775,0.025
2776,0.889688736343
2777,0.0435663082437
2778,0.230361328754
2779,0.145177449268
2780,0.138870332603
2781,0.822396282509
2782,0.731745798569
2783,0.0668996415771
2784,0.025
2785,0.59788486529
2786,0.538087901583
2787,0.416187424994
2788,0.968904960572
2789,0.236539580609
2790,0.817333604606
2791,0.506417356093
2792,0.867305503058
2793,0.624543122016
2794,0.243244279913
2795,0.26739460403
2796,0.517918920939
2797,0.253753642439
2798,0.205272797806
2799,0.773912791106
2800,0.938603225843
2801,0.786817324437
2802,0.813298756018
2803,0.336417025274
2804,0.210923605853
2805,0.035047602768
2806,0.259425388949
2807,0.63945952857
2808,0.81917772942
2809,0.216150362175
2810,0.504364273922
2811,0.331306632647
2812,0.808912791106
2813,0.382742724911
2814,0.30294827979
2815,0.621896291478
2816,0.439996948803
2817,0.829006669704
2818,0.42756782073
2819,0.994285714286
2820,0.256908551554
2821,0.315301503632
2822,0.889012609049
2823,0.463705969058
2824,0.0735663082437
2825,0.025
2826,0.782837787678
2827,0.85889356143
2828,0.876504772058
2829,0.0617755711939
2830,0.706050544749
2831,0.363458233912
2832,0.216495782536
2833,0.723567301031
2834,0.532838513984
2835,0.767634298289
2836,0.782837787678
2837,0.206773560314
2838,0.252715710098
2839,0.904946634174
2840,0.410751613242
2841,0.61239391253
2842,0.0346774193548
2843,0.730297133385
2844,0.596991145483
2845,0.813298756018
2846,0.820798756018
2847,0.94795896814
2848,0.628274081402
2849,0.637086563954
2850,0.281260150248
2851,0.374048043716
2852,0.344831630887
2853,0.443204715695
2854,0.813344396086
2855,0.278409273055
2856,0.0735663082437
2857,0.0518996415771
2858,0.681189123819
2859,0.036215832518
2860,0.750942183282
2861,0.245663666223
2862,0.493178719729
2863,0.39689834413
2864,0.0735663082437
2865,0.145177449268
2866,0.440780473271
2867,0.847958947964
2868,0.968904960572
2869,0.997683011788
2870,0.82667772942
2871,0.214151284928
2872,0.26171628507
2873,0.806886585781
2874,0.292641884009
2875,0.245233277363
2876,0.86389356143
2877,0.025
2878,0.39968934218
2879,0.889012609049
2880,0.517207829621
2881,0.025
2882,0.117585916087
2883,0.766296585472
2884,0.474540658173
2885,0.542259766762
2886,0.906480198725
2887,0.715951870161
2888,0.665156835786
2889,0.633792696316
2890,0.214429062706
2891,0.745263587683
2892,0.457644141004
2893,0.983676050565
2894,0.20684514166
2895,0.861847172309
2896,0.971425355893
2897,0.682359445113
2898,0.184071501724
2899,0.596327325608
2900,0.0668996415771
2901,0.624747960528
2902,0.968285765526
2903,0.973666865334
2904,0.397708547288
2905,0.181607328652
2906,0.957793849461
2907,0.608734733015
2908,0.782137926629
2909,0.0346774193548
2910,0.58961289873
2911,0.229586067537
2912,0.25829584758
2913,0.51957028893
2914,0.471589600745
2915,0.395962445756
2916,0.220817951595
2917,0.796632089352
2918,0.198104829663
2919,0.0585663082437
2920,0.724568528005
2921,0.241684701804
2922,0.43961198251
2923,0.454181652988
2924,0.145177449268
2925,0.58961289873
2926,0.132984466812
2927,0.750942183282
2928,0.118406349523
2929,0.0668996415771
2930,0.920247754622
2931,0.427450550481
2932,0.394877188564
2933,0.338090004346
2934,0.150775443941
2935,0.803076800903
2936,0.759282428605
2937,0.871099443783
2938,0.970579234055
2939,0.306072435328
2940,0.850359825594
2941,0.569580764741
2942,0.495854885622
2943,0.129556958936
2944,0.561953602165
2945,0.384480971413
2946,0.945369607037
2947,0.025
2948,0.946770614011
2949,0.440705790291
2950,0.335378636643
2951,0.174425890063
2952,0.394387286969
2953,0.747373596697
2954,0.0735663082437
2955,0.60985320555
2956,0.746714654072
2957,0.206773560314
2958,0.0902329749104
2959,0.436853051759
2960,0.263823175458
2961,0.871478034091
2962,0.732798936237
2963,0.27066604659
2964,0.527150138329
2965,0.657691246839
2966,0.703700773418
2967,0.861199568167
2968,0.816412791106
2969,0.53586357426
2970,0.94795896814
2971,0.211484197573
2972,0.886005187133
2973,0.624747960528
2974,0.0346774193548
2975,0.824973259675
2976,0.228294608924
2977,0.657012587005
2978,0.668453405976
2979,0.624814008775
2980,0.364647394033
2981,0.71673377017
2982,0.196773560314
2983,0.74438947673
2984,0.0735663082437
2985,0.0585663082437
2986,0.899843714218
2987,0.307236616684
2988,0.1007592907
2989,0.149344115934
2990,0.20545777084
2991,0.94795896814
2992,0.461501531177
2993,0.373475845531
2994,0.94795896814
2995,0.169240914438
2996,0.884980317959
2997,0.549288269745
2998,0.524053719729
2999,0.91099512215
3000,0.313383140651
3001,0.0805076523747
3002,0.285383570687
3003,0.707332596031
3004,0.127530390444
3005,0.916482147157
3006,0.688142940084
3007,0.228294608924
3008,0.276313764844
3009,0.595353639471
3010,0.848023201648
3011,0.686871732732
3012,0.792374329567
3013,0.881099443783
3014,0.449382583206
3015,0.459120578796
3016,0.154090492746
3017,0.403430322455
3018,0.390964455955
3019,0.025
3020,0.401925994416
3021,0.23185879481
3022,0.823030438165
3023,0.685743866691
3024,0.610954550235
3025,0.905137831865
3026,0.738298505121
3027,0.568015849041
3028,0.211095729373
3029,0.145177449268
3030,0.968904960572
3031,0.772480644821
3032,0.785680496471
3033,0.761523758614
3034,0.829276659528
3035,0.314594608721
3036,0.521521963511
3037,0.0668996415771
3038,0.186672384898
3039,0.939077785491
3040,0.878606924784
3041,0.957793849461
3042,0.594180510667
3043,0.627994713775
3044,0.781156657235
3045,0.526890158653
3046,0.428441211387
3047,0.225949557756
3048,0.290876805523
3049,0.0946899592573
3050,0.76129932614
3051,0.94795896814
3052,0.968904960572
3053,0.860883806884
3054,0.703629841383
3055,0.2015258369
3056,0.932720872902
3057,0.272464376575
3058,0.223833158042
3059,0.655418268875
3060,0.820230360999
3061,0.484893637152
3062,0.102445251125
3063,0.678675662498
3064,0.440602060278
3065,0.671700159223
3066,0.58961289873
3067,0.335882770849
3068,0.493761467353
3069,0.33186465063
3070,0.765109925857
3071,0.881932777116
3072,0.820798756018
3073,0.363310420906
3074,0.0286965660871
3075,0.747212267958
3076,0.101739682857
3077,0.0840926240332
3078,0.577214478437
3079,0.970793112971
3080,0.299701857283
3081,0.552082674129
3082,0.957793849461
3083,0.180537001174
3084,0.758750667704
3085,0.82574973641
3086,0.324228628115
3087,0.0458388827678
3088,0.161354742157
3089,0.94795896814
3090,0.724568528005
3091,0.0355825166209
3092,0.754019106359
3093,0.514802577353
3094,0.968904960572
3095,0.879551824735
3096,0.956345572194
3097,0.218103180555
3098,0.694181322618
3099,0.1007592907
3100,0.805707662901
3101,0.688169592412
3102,0.899373253307
3103,0.957793849461
3104,0.672663932292
3105,0.668386247316
3106,0.404349174218
3107,0.0668996415771
3108,0.423182448687
3109,0.137677449268
3110,0.68498711602
3111,0.908999982786
3112,0.62517310299
3113,0.0346774193548
3114,0.148257159413
3115,0.246542685185
3116,0.675545604558
3117,0.862226894763
3118,0.787844408724
3119,0.60234993115
3120,0.575582676738
3121,0.263868419172
3122,0.291636527547
3123,0.461501531177
3124,0.844670432315
3125,0.613364362645
3126,0.709218774867
3127,0.723371548705
3128,0.145177449268
3129,0.848486574578
3130,0.963022607631
3131,0.235335495455
3132,0.785059824367
3133,0.229332467863
3134,0.60271161609
3135,0.0916310667221
3136,0.150572161366
3137,0.664435728469
3138,0.366694269619
3139,0.0346774193548
3140,0.164098643317
3141,0.968904960572
3142,0.968904960572
3143,0.56837829047
3144,0.0840926240332
3145,0.432247372741
3146,0.948578163187
3147,0.025
3148,0.23222154664
3149,0.848866823462
3150,0.480273234775
3151,0.590800068042
3152,0.355782138273
3153,0.726430109991
3154,0.566433414694
3155,0.198317951595
3156,0.904414421289
3157,0.868060228097
3158,0.308952297282
3159,0.1481172825
3160,0.164669017522
3161,0.860956302323
3162,0.252073547377
3163,0.530958953946
3164,0.59387693635
3165,0.525889396392
3166,0.109504074655
3167,0.945549171702
3168,0.957793849461
3169,0.804772609003
3170,0.413586784718
3171,0.737016453839
3172,0.968904960572
3173,0.328766273728
3174,0.339272604445
3175,0.413949856863
3176,0.895137831865
3177,0.176092556729
3178,0.0716241911949
3179,0.886676842684
3180,0.399342744333
3181,0.597877819538
3182,0.94795896814
3183,0.565027193313
3184,0.596802914833
3185,0.769373508549
3186,0.900792470151
3187,0.155757159413
3188,0.684324147077
3189,0.738478734307
3190,0.903705865139
3191,0.234636572587
3192,0.776769025717
3193,0.741748015184
3194,0.95191149652
3195,0.171414008407
3196,0.684324147077
3197,0.979005415405
3198,0.220908886063
3199,0.0392550913011
3200,0.715746057569
3201,0.368914331283
3202,0.789297406491
3203,0.650401936182
3204,0.577233240345
3205,0.0580107526882
3206,0.571650805998
3207,0.619359815375
3208,0.965571627239
3209,0.214429062706
3210,0.563487972753
3211,0.842784884667
3212,0.792374329567
3213,0.346293774247
3214,0.416920073745
3215,0.08160552393
3216,0.558803822385
3217,0.36943659887
3218,0.568015849041
3219,0.568482559108
3220,0.724568528005
3221,0.690059186226
3222,0.545026794256
3223,0.718607861237
3224,0.953841321081
3225,0.968904960572
3226,0.754019106359
3227,0.214429062706
3228,0.547182272318
3229,0.93576571205
3230,0.78430611183
3231,0.861373118951
3232,0.48605724667
3233,0.957795839161
3234,0.989548584444
3235,0.268419449046
3236,0.444637147997
3237,0.193064338301
3238,0.95191149652
3239,0.779760864601
3240,0.796632089352
3241,0.840316979388
3242,0.178870334507
3243,0.640333317201
3244,0.943253085787
3245,0.0346774193548
3246,0.0517160522983
3247,0.0585663082437
3248,0.628173160039
3249,0.826719111863
3250,0.569841935997
3251,0.796171121011
3252,0.206773560314
3253,0.200384671425
3254,0.457330282136
3255,0.643128377211
3256,0.638666650534
3257,0.493485632846
3258,0.0902329749104
3259,0.654000127013
3260,0.0652329749104
3261,0.795350520044
3262,0.025
3263,0.822183791748
3264,0.894135158069
3265,0.238208001159
3266,0.968904960572
3267,0.663891301414
3268,0.155757159413
3269,0.554221859494
3270,0.509466751709
3271,0.957793849461
3272,0.79817159291
3273,0.294669706603
3274,0.2580963548
3275,0.768912058235
3276,0.317572565903
3277,0.225521234597
3278,0.957174654415
3279,0.94795896814
3280,0.1007592907
3281,0.792374329567
3282,0.809965422685
3283,0.218568432108
3284,0.554898673653
3285,0.956952915933
3286,0.783788488565
3287,0.233510296907
3288,0.0602329749104
3289,0.840109992861
3290,0.765835135158
3291,0.17069517216
3292,0.327096375426
3293,0.909843714218
3294,0.455791549151
3295,0.274446569092
3296,0.445937304743
3297,0.813180882028
3298,0.756760043583
3299,0.342042888988
3300,0.543763388522
3301,0.25979891652
3302,0.025
3303,0.0585663082437
3304,0.723908317531
3305,0.383631245687
3306,0.595353639471
3307,0.0518996415771
3308,0.0428352176944
3309,0.430906793427
3310,0.472402375984
3311,0.765835135158
3312,0.897697705485
3313,0.566569420469
3314,0.952685794067
3315,0.0403301109489
3316,0.571650805998
3317,0.611031776681
3318,0.2416564522
3319,0.49713425906
3320,0.025
3321,0.653340320774
3322,0.846385033373
3323,0.321376120651
3324,0.73364361958
3325,0.621828322196
3326,0.575756537224
3327,0.605256484301
3328,0.176993718552
3329,0.419957962448
3330,0.0703197275955
3331,0.740820890144
3332,0.738055913185
3333,0.935577258565
3334,0.61154231191
3335,0.170665237796
3336,0.830009069444
3337,0.0585663082437
3338,0.504062985318
3339,0.808912791106
3340,0.899843714218
3341,0.881348196198
3342,0.216495782536
3343,0.821222253286
3344,0.301192818895
3345,0.264352556825
3346,0.536704062852
3347,0.840943326194
3348,0.195770382781
3349,0.214429062706
3350,0.21649650926
3351,0.671224010372
3352,0.790806615297
3353,0.669831754878
3354,0.617655828023
3355,0.808912791106
3356,0.0733243167167
3357,0.0668996415771
3358,0.642071520719
3359,0.416815999493
3360,0.847466011724
3361,0.807283560018
3362,0.142984466812
3363,0.756760043583
3364,0.553118087783
3365,0.766234043656
3366,0.809571852511
3367,0.449106844967
3368,0.951285104241
3369,0.963666865334
3370,0.946054206235
3371,0.80964118753
3372,0.915996262352
3373,0.737016453839
3374,0.238367087782
3375,0.839248813172
3376,0.467337468102
3377,0.591767701058
3378,0.0313338870292
3379,0.805707662901
3380,0.620895790823
3381,0.025
3382,0.233611109972
3383,0.148257159413
3384,0.635241971678
3385,0.398404452291
3386,0.789297406491
3387,0.528930556405
3388,0.954950731652
3389,0.420805029611
3390,0.207572902164
3391,0.10061923716
3392,0.719364110436
3393,0.640596416816
3394,0.0596802572923
3395,0.179073028771
3396,0.145177449268
3397,0.95191149652
3398,0.143510782601
3399,0.5765120813
3400,0.771387205424
3401,0.37273883003
3402,0.490520845312
3403,0.670586191255
3404,0.356257943984
3405,0.948578163187
3406,0.954460516128
3407,0.531580834428
3408,0.191715940775
3409,0.630469150809
3410,0.735909380085
3411,0.802084221769
3412,0.487287739276
3413,0.699201923763
3414,0.624308786176
3415,0.640115925896
3416,0.391272160165
3417,0.808912791106
3418,0.909763713684
3419,0.0346774193548
3420,0.948578163187
3421,0.05654967554
3422,0.145177449268
3423,0.796632089352
3424,0.109504074655
3425,0.186013326395
3426,0.27345521009
3427,0.853836463123
3428,0.730659499613
3429,0.894361652614
3430,0.968904960572
3431,0.272001644339
3432,0.448640527447
3433,0.416886311877
3434,0.275052629698
3435,0.0668996415771
3436,0.334981316287
3437,0.631374498242
3438,0.6155773933
3439,0.740644968348
3440,0.903891241785
3441,0.49259716161
3442,0.554647391409
3443,0.647103485165
3444,0.828025653138
3445,0.617624343405
3446,0.69687948966
3447,0.586414937586
3448,0.863887920924
3449,0.405623408114
3450,0.705431045273
3451,0.116837972986
3452,0.250481728864
3453,0.83260215587
3454,0.244867920495
3455,0.71673377017
3456,0.70687659463
3457,0.680113620762
3458,0.0931876848076
3459,0.655261537869
3460,0.959708963635
3461,0.876719497562
3462,0.81917772942
3463,0.0430107526882
3464,0.0368996415771
3465,0.749466262096
3466,0.0652329749104
3467,0.525339383713
3468,0.151699377717
3469,0.974168118467
3470,0.892097645985
3471,1.0
3472,0.999767261242
3473,0.968870931513
3474,0.267225062529
3475,0.893718491402
3476,0.393749256329
3477,0.753702876799
3478,0.706392192372
3479,0.782965816317
3480,0.351884151318
3481,0.596327325608
3482,0.12644556521
3483,0.683002884121
3484,0.152351774828
3485,0.139344115934
3486,0.957793849461
3487,0.623695501455
3488,0.660938000086
3489,0.0518996415771
3490,0.398076385324
3491,0.326955535996
3492,0.632057550414
3493,0.849651137188
3494,0.244503273061
3495,0.783789686656
3496,0.0346774193548
3497,0.128817800145
3498,0.0992525827535
3499,0.248261800041
3500,0.436639059129
3501,0.08160552393
3502,0.652547353778
3503,0.386856624746
3504,0.685767861079
3505,0.963022607631
3506,0.340617371044
3507,0.370902592665
3508,0.157450067286
3509,0.444637147997
3510,0.489374005925
3511,0.290899132211
3512,0.871290195843
3513,0.0736611297587
3514,0.646934510749
3515,0.168660385219
3516,0.779760864601
3517,0.0735663082437
3518,0.779760864601
3519,0.413940646431
3520,0.0458103767412
3521,0.143510782601
3522,0.45764657004
3523,0.922152516527
3524,0.665893659481
3525,0.62090258127
3526,0.934929484252
3527,0.802630739824
3528,0.841206387037
3529,0.0346774193548
3530,0.86116746323
3531,0.884739429245
3532,0.890905906046
3533,0.710173000119
3534,0.971632025204
3535,0.953464288173
3536,0.735465265684
3537,0.054848817297
3538,0.82600295504
3539,0.654703251139
3540,0.948578163187
3541,0.619273869411
3542,0.814865194245
3543,0.993340166893
3544,0.113261689357
3545,0.025
3546,0.867923713871
3547,0.535271111034
3548,0.623298685166
3549,0.444064242642
3550,0.801784009762
3551,0.277625778364
3552,0.455754848224
3553,0.852580697665
3554,0.705415909095
3555,0.793643028799
3556,0.675233237987
3557,0.550730835678
3558,0.0662224499419
3559,0.214429062706
3560,0.261289505142
3561,0.273612321725
3562,0.107880033734
3563,1.0
3564,0.208040173817
3565,0.365500534934
3566,0.723286476723
3567,0.0946618459092
3568,0.390043734955
3569,0.0992525827535
3570,0.63686917265
3571,0.257413602059
3572,0.948578163187
3573,0.025
3574,0.671818781245
3575,0.36943659887
3576,0.694181322618
3577,0.907167370954
3578,0.143510782601
3579,0.527248301639
3580,0.430924773415
3581,0.145177449268
3582,0.491703551379
3583,0.133835446857
3584,0.78201718671
3585,0.902443491034
3586,0.809094657127
3587,0.418543821034
3588,0.968904960572
3589,0.562015849041
3590,0.730463747287
3591,0.289098042202
3592,0.660041948947
3593,0.906635158069
3594,0.782837787678
3595,0.480090275766
3596,0.320131421591
3597,0.181868270524
3598,0.246136543742
3599,0.750942183282
3600,0.820798756018
3601,0.778940263633
3602,0.453211448167
3603,0.681314364008
3604,0.190587263914
3605,0.025
3606,0.0792765243687
3607,0.518455052957
3608,0.844924057824
3609,0.410602165766
3610,0.562721077879
3611,0.197165154602
3612,0.594905799268
3613,0.630459175038
3614,0.0346774193548
3615,0.957793849461
3616,0.0543542601283
3617,0.52153654934
3618,0.147800560849
3619,0.771238495062
3620,0.823030438165
3621,0.769403721744
3622,0.0481740899769
3623,0.892637831865
3624,0.419496201987
3625,0.36455775551
3626,0.156444236311
3627,0.501765575126
3628,0.911261981796
3629,0.618194916763
3630,0.372467979053
3631,0.912791817173
3632,0.642537578318
3633,0.880976894763
3634,0.611915087282
3635,0.808912791106
3636,0.893602079076
3637,0.63686917265
3638,0.0585663082437
3639,0.159923826079
3640,0.968904960572
3641,0.777352439693
3642,0.847993972621
3643,0.159246442705
3644,0.350021861427
3645,0.492896885799
3646,0.955217904813
3647,0.252073547377
3648,0.224151284928
3649,0.349510555307
3650,0.948603225843
3651,0.137677449268
3652,0.363125825736
3653,0.547618672009
3654,0.0668996415771
3655,0.833673233678
3656,0.429386311877
3657,0.756760043583
3658,0.76711718644
3659,0.025
3660,0.0668996415771
3661,0.234442459361
3662,0.10810775716
3663,0.0368996415771
3664,0.805707662901
3665,0.274158785241
3666,0.779760864601
3667,0.225452356988
3668,0.81527052881
3669,0.770835868029
3670,0.904129428504
3671,0.282180854943
3672,0.579903495105
3673,0.681627328609
3674,0.370931005526
3675,0.506879680055
3676,0.260726006947
3677,0.704229399541
3678,0.730465629708
3679,0.543462241033
3680,0.0668996415771
3681,0.0668996415771
3682,0.234475888112
3683,0.299418658407
3684,0.489384622745
3685,0.206567732919
3686,0.0735663082437
3687,0.706050544749
3688,0.415993918089
3689,0.625774954446
3690,0.205760332056
3691,0.741498077442
3692,0.384966310181
3693,0.942720872902
3694,0.968904960572
3695,0.0735663082437
3696,0.771935908738
3697,0.909843714218
3698,0.209615950702
3699,0.805707662901
3700,0.417855667724
3701,0.631657693196
3702,0.95946269588
3703,0.717626502861
3704,0.545944257917
3705,0.273019662666
3706,0.0912133670673
3707,0.909843714218
3708,0.750942183282
3709,0.536520685809
3710,0.256115665577
3711,0.0735663082437
3712,0.35855883941
3713,0.194984618262
3714,0.968596658679
3715,0.627501833523
3716,0.706659203326
3717,0.228294608924
3718,0.025
3719,0.469335179818
3720,0.892844479996
3721,0.4512975993
3722,0.635066361934
3723,0.94795896814
3724,0.585846214485
3725,0.449365386915
3726,0.904414421289
3727,0.155757159413
3728,0.0585663082437
3729,0.814965422685
3730,0.351884151318
3731,0.0518996415771
3732,0.871358736945
3733,0.817797826835
3734,0.24888776168
3735,0.800648660409
3736,0.923977838401
3737,0.239478819451
3738,0.58339439353
3739,0.685090413527
3740,0.62370547041
3741,0.755477992301
3742,0.60052895064
3743,0.54326052578
3744,0.569580764741
3745,0.154244574854
3746,0.857151137188
3747,0.837006567011
3748,0.581786811774
3749,0.220639106532
3750,0.777565464131
3751,0.025
