MoleculeId,raw_et-PredictedProbability
1,0.719190889978
2,0.926306845975
3,0.247393799656
4,0.371855476215
5,0.108483774997
6,0.388550639402
7,0.855488156407
8,0.655443885665
9,0.78459381598
10,0.276560944346
11,0.751292956273
12,0.304137023537
13,0.587157452372
14,0.734896934466
15,0.762544285133
16,0.763253611789
17,0.749004868195
18,0.269867504391
19,0.250514482411
20,0.400831656984
21,0.587144911574
22,0.524596581415
23,0.21487148451
24,0.297779413389
25,0.181701770022
26,0.926306845975
27,0.60013717247
28,0.386374302545
29,0.731918547655
30,0.755099771656
31,0.0834837749969
32,0.663389908348
33,0.0834837749969
34,0.803684864587
35,0.755024755798
36,0.311129387372
37,0.779886800079
38,0.418421615759
39,0.51342074107
40,0.895108163951
41,0.86621170765
42,0.158090946207
43,0.084493876007
44,0.777761368443
45,0.306873030339
46,0.913355617097
47,0.676717377221
48,0.215735830121
49,0.0834837749969
50,0.587716133035
51,0.806693379958
52,0.550905190115
53,0.277356040406
54,0.849202567579
55,0.338827419135
56,0.725061623138
57,0.252377883769
58,0.218517489251
59,0.889137995467
60,0.314751120397
61,0.249186315106
62,0.409613189771
63,0.538946926792
64,0.371180399283
65,0.192085203799
66,0.483658695487
67,0.67722447006
68,0.802689450921
69,0.168046916534
70,0.662159668158
71,0.226852302324
72,0.333425548512
73,0.893180498833
74,0.436834015478
75,0.802876089096
76,0.926306845975
77,0.820695487402
78,0.889900239522
79,0.90802630034
80,0.190501207729
81,0.721431300962
82,0.203435228987
83,0.805397908876
84,0.926306845975
85,0.645697039445
86,0.629450877124
87,0.402596164313
88,0.375991223259
89,0.838602663779
90,0.290305911014
91,0.899123279171
92,0.822762532676
93,0.740372791098
94,0.27102841765
95,0.406537768838
96,0.368260360127
97,0.731907364543
98,0.524171114325
99,0.506277460104
100,0.466728755826
101,0.196909974401
102,0.441936653259
103,0.850494423202
104,0.86650609565
105,0.222004838687
106,0.66197264532
107,0.698055302783
108,0.926306845975
109,0.0834837749969
110,0.913355617097
111,0.294724377169
112,0.232728087436
113,0.0834837749969
114,0.779008721207
115,0.799366198052
116,0.364877737366
117,0.300359264093
118,0.301823243954
119,0.594115662563
120,0.899123279171
121,0.354909365145
122,0.232093536754
123,0.391693169471
124,0.626485464736
125,0.850139490694
126,0.852072193697
127,0.717593231784
128,0.382313510851
129,0.871520006058
130,0.627792074637
131,0.257459601836
132,0.844093230132
133,0.260564923802
134,0.830066043975
135,0.323372496989
136,0.122567885331
137,0.271190013021
138,0.196532011721
139,0.585520001772
140,0.873613801919
141,0.830821801842
142,0.435362757942
143,0.897052766721
144,0.704801137644
145,0.820080298753
146,0.919193529184
147,0.314095187277
148,0.711120813691
149,0.339541796381
150,0.328650382126
151,0.211113171744
152,0.658805165952
153,0.872931924618
154,0.301393782516
155,0.703540316381
156,0.331512122552
157,0.802702776846
158,0.331980231789
159,0.703697887183
160,0.475988927595
161,0.474372993067
162,0.146310325083
163,0.387546475599
164,0.181657930693
165,0.329983148031
166,0.701765739413
167,0.505634789807
168,0.639652973854
169,0.809565811382
170,0.220219068677
171,0.421142639675
172,0.282191500484
173,0.787053227584
174,0.391328317484
175,0.837588340071
176,0.915145321474
177,0.630744425267
178,0.454723818521
179,0.290821273714
180,0.128803183531
181,0.54633761887
182,0.573873692485
183,0.452390963095
184,0.631687844295
185,0.884556613426
186,0.301040496645
187,0.863262925856
188,0.750505435824
189,0.350559158763
190,0.560054778106
191,0.686020749587
192,0.902194092596
193,0.786120182675
194,0.393623706254
195,0.330359977484
196,0.332113611058
197,0.724865160226
198,0.550328121785
199,0.652307102232
200,0.521873625685
201,0.91207450805
202,0.580227897643
203,0.386837445106
204,0.915145321474
205,0.826860368756
206,0.269292213669
207,0.224454015328
208,0.251017140324
209,0.902688378587
210,0.288943425031
211,0.303057881446
212,0.466150763495
213,0.610412025475
214,0.327119637329
215,0.926306845975
216,0.268724933726
217,0.438591769642
218,0.155098965362
219,0.919187824841
220,0.895732447266
221,0.110837852079
222,0.194263238183
223,0.70507289567
224,0.465650958992
225,0.342052552015
226,0.340704748071
227,0.712696198995
228,0.354929905438
229,0.621190245709
230,0.266218344993
231,0.118357892108
232,0.60614326832
233,0.84423069574
234,0.833288696229
235,0.566236122326
236,0.426913816445
237,0.301960926709
238,0.169115344185
239,0.356411280211
240,0.139410288415
241,0.823724097847
242,0.212978388605
243,0.437008650223
244,0.329332396738
245,0.385957326471
246,0.479538868707
247,0.383936075187
248,0.654300402555
249,0.400944579705
250,0.409307446533
251,0.793020238977
252,0.629287165428
253,0.201260411761
254,0.200293360009
255,0.589879067545
256,0.698033348308
257,0.299795715336
258,0.362956628023
259,0.889137995467
260,0.926306845975
261,0.803493755732
262,0.853325616518
263,0.373582374705
264,0.326446716242
265,0.0979574592075
266,0.15230603891
267,0.671930891675
268,0.156987468592
269,0.913355617097
270,0.13394041107
271,0.690823317515
272,0.690281606003
273,0.199364909817
274,0.524761861603
275,0.664466658635
276,0.3344235091
277,0.553447455674
278,0.374231370539
279,0.899123279171
280,0.265103295561
281,0.482323022847
282,0.387164567035
283,0.783266393084
284,0.739398377232
285,0.603976358558
286,0.306881576169
287,0.487257662671
288,0.461674682623
289,0.66284921005
290,0.624067828532
291,0.329334066465
292,0.798380904618
293,0.841007031752
294,0.712771409113
295,0.652123826137
296,0.512320192146
297,0.383231434839
298,0.52601412695
299,0.127413619662
300,0.777858488525
301,0.783597313712
302,0.254711179129
303,0.855380076352
304,0.672900281461
305,0.926306845975
306,0.268290848429
307,0.426020476151
308,0.593475849006
309,0.206023733235
310,0.902194092596
311,0.392274756571
312,0.926306845975
313,0.75942510317
314,0.418555055844
315,0.635893056136
316,0.926306845975
317,0.307456286737
318,0.852125217989
319,0.688210060613
320,0.869021260678
321,0.900299519968
322,0.315655811885
323,0.128803183531
324,0.637917577066
325,0.41624300883
326,0.559509291258
327,0.789462914105
328,0.653811976149
329,0.278616381587
330,0.820473532993
331,0.30549904937
332,0.56985482488
333,0.855230974976
334,0.769090274889
335,0.182784965638
336,0.909801695378
337,0.621566321605
338,0.328352395583
339,0.641012595242
340,0.750421746848
341,0.694806312784
342,0.47047075193
343,0.828325670907
344,0.0961100376232
345,0.860502990316
346,0.406166001968
347,0.902405438768
348,0.741562164867
349,0.120020197499
350,0.919193529184
351,0.181375983109
352,0.701747920069
353,0.262840631376
354,0.650624952446
355,0.53214240036
356,0.518014902776
357,0.157662832654
358,0.179704015156
359,0.847282370745
360,0.926306845975
361,0.331740748835
362,0.341785624936
363,0.479370350391
364,0.821377620257
365,0.839976994768
366,0.840973556107
367,0.462374055219
368,0.741850405371
369,0.276223124487
370,0.782981819644
371,0.776350757138
372,0.291601145147
373,0.606302907961
374,0.851680410053
375,0.545122001288
376,0.196275119275
377,0.824061818992
378,0.613485978353
379,0.386517588689
380,0.713082230461
381,0.121499852057
382,0.210083914443
383,0.488483486177
384,0.208950703698
385,0.312001125713
386,0.623101050654
387,0.15012147781
388,0.857112292262
389,0.85159385123
390,0.926306845975
391,0.658468030158
392,0.920963219879
393,0.844814461779
394,0.284299064493
395,0.33418867126
396,0.349188344556
397,0.14740399427
398,0.818311706459
399,0.848398286546
400,0.455012758658
401,0.91207450805
402,0.856497749656
403,0.624558667126
404,0.863274240722
405,0.474347716611
406,0.816669442995
407,0.290868749317
408,0.223684947337
409,0.910782652427
410,0.146126415855
411,0.902405438768
412,0.913355617097
413,0.826190876653
414,0.108483774997
415,0.906236595962
416,0.439692233205
417,0.284295230702
418,0.799139480229
419,0.58681939544
420,0.895113774473
421,0.315680561698
422,0.351832933647
423,0.753571131409
424,0.63733187296
425,0.638995906772
426,0.89284331486
427,0.910782652427
428,0.836131082085
429,0.82028035236
430,0.920502026377
431,0.835991151763
432,0.535695907646
433,0.402512075595
434,0.510254601503
435,0.522430008339
436,0.693513562414
437,0.764669643904
438,0.142666958633
439,0.896876090705
440,0.883441777658
441,0.409391638633
442,0.915145321474
443,0.905800248083
444,0.179123099123
445,0.125812206369
446,0.919187824841
447,0.180146706398
448,0.450944656511
449,0.368308147243
450,0.345449642467
451,0.248544642062
452,0.245854757772
453,0.346535210575
454,0.137251365037
455,0.895113774473
456,0.214091675868
457,0.919187824841
458,0.840798002866
459,0.294388215227
460,0.751407594872
461,0.449732970321
462,0.714750432395
463,0.82322324501
464,0.502640916798
465,0.782047768875
466,0.31565815089
467,0.254329113903
468,0.121046671038
469,0.91207450805
470,0.740808968759
471,0.409089402116
472,0.727842841546
473,0.493616548274
474,0.535432729923
475,0.79951208674
476,0.887531017314
477,0.850798514685
478,0.646382076981
479,0.830099489197
480,0.241939873242
481,0.624707143513
482,0.362862802119
483,0.180194889639
484,0.817436417291
485,0.709183264558
486,0.0950999366131
487,0.31438219034
488,0.204856888598
489,0.875882675105
490,0.663694334723
491,0.454932553613
492,0.667555705883
493,0.907550797499
494,0.769261526705
495,0.334200675576
496,0.876186766588
497,0.653884084059
498,0.813903834964
499,0.25599175863
500,0.26899772058
501,0.426621828946
502,0.300284648522
503,0.292489513959
504,0.388667029589
505,0.887375679235
506,0.70368065078
507,0.80323727605
508,0.158065994248
509,0.635646831123
510,0.848183513037
511,0.325719384245
512,0.865998832315
513,0.694180254528
514,0.253636777655
515,0.278536034829
516,0.881049037475
517,0.840088044361
518,0.394111101569
519,0.277664424415
520,0.0834837749969
521,0.422964588447
522,0.0834837749969
523,0.403219001227
524,0.478665993997
525,0.650913100205
526,0.212611315759
527,0.519406809265
528,0.577133550731
529,0.256752762977
530,0.873955009988
531,0.887348291089
532,0.680460771331
533,0.865511621841
534,0.380494572139
535,0.356017197547
536,0.903506323327
537,0.926306845975
538,0.397433585077
539,0.76173858102
540,0.229976447187
541,0.801841971116
542,0.488865469602
543,0.368780056925
544,0.61131352401
545,0.512570183756
546,0.201036914283
547,0.458371612734
548,0.676370064352
549,0.404843113966
550,0.498366524235
551,0.24763571847
552,0.195709193758
553,0.405950288654
554,0.198337908437
555,0.755744154095
556,0.535254052114
557,0.0979574592075
558,0.787133029101
559,0.297471522963
560,0.623923507027
561,0.416113777122
562,0.38782726306
563,0.783123227671
564,0.117542735043
565,0.841939010265
566,0.755522157431
567,0.35112494488
568,0.765489561729
569,0.841433304889
570,0.855798090726
571,0.887348291089
572,0.424793963613
573,0.291093198071
574,0.449437945524
575,0.165063529771
576,0.412606645848
577,0.842390124306
578,0.266141097894
579,0.149173604174
580,0.201523113969
581,0.313190638075
582,0.864992756849
583,0.544725180778
584,0.238820041459
585,0.390537478421
586,0.86121798844
587,0.876343868607
588,0.405634309699
589,0.299903043424
590,0.741749790424
591,0.818260517896
592,0.790872249178
593,0.616618900104
594,0.256918892545
595,0.294446737508
596,0.134510254239
597,0.355551080241
598,0.824029124248
599,0.855626679368
600,0.738389952729
601,0.398123088794
602,0.860580627588
603,0.881693105226
604,0.786875939919
605,0.830349734429
606,0.643508138319
607,0.317314374783
608,0.879787217732
609,0.274933969788
610,0.601359944801
611,0.895561451214
612,0.386013499038
613,0.804772188414
614,0.856587584435
615,0.646017541585
616,0.632026052431
617,0.776497699625
618,0.739734026134
619,0.632467912934
620,0.339030052692
621,0.873955009988
622,0.615824546449
623,0.90802630034
624,0.436178042029
625,0.658891718319
626,0.574886792019
627,0.607688959568
628,0.746898694644
629,0.320486592656
630,0.294565064622
631,0.919193529184
632,0.185353712036
633,0.466555876767
634,0.724326325642
635,0.400971686293
636,0.487758698706
637,0.769987645795
638,0.390241149979
639,0.26923926276
640,0.778013950696
641,0.540440481587
642,0.479810456928
643,0.386773810592
644,0.352030413257
645,0.514868962445
646,0.815547680217
647,0.926306845975
648,0.126327009978
649,0.820395760537
650,0.731367119668
651,0.490184143627
652,0.645663349451
653,0.57916834729
654,0.519244926784
655,0.659263159146
656,0.902851468401
657,0.530275367501
658,0.767645527281
659,0.919187824841
660,0.388286865297
661,0.884101537843
662,0.478857673081
663,0.327552787458
664,0.626204790826
665,0.189861070947
666,0.206125444604
667,0.598364301403
668,0.667981906357
669,0.510293236852
670,0.381818285258
671,0.674423683654
672,0.915145321474
673,0.766985741063
674,0.899123279171
675,0.877437592291
676,0.399308931866
677,0.50540662335
678,0.626352271187
679,0.379665375507
680,0.122759957751
681,0.926306845975
682,0.88670860206
683,0.287558711776
684,0.37484930333
685,0.201068822292
686,0.644199838015
687,0.810016235436
688,0.926306845975
689,0.838683637513
690,0.696966035089
691,0.770698212501
692,0.153148795649
693,0.778725594929
694,0.926306845975
695,0.842846861847
696,0.343524782783
697,0.828976362001
698,0.703514696189
699,0.412706212012
700,0.12531153629
701,0.693287276899
702,0.138621827519
703,0.211081865462
704,0.830504609991
705,0.358087405517
706,0.748240301654
707,0.919193529184
708,0.869387937286
709,0.240348823134
710,0.819825277879
711,0.920502026377
712,0.0834837749969
713,0.926306845975
714,0.63408247665
715,0.860030922903
716,0.158940199079
717,0.718984407917
718,0.353811973873
719,0.762117258959
720,0.81188259063
721,0.495871185363
722,0.286661773469
723,0.113433269946
724,0.88796175467
725,0.10181710833
726,0.120019956525
727,0.770515294144
728,0.805197107529
729,0.410628820902
730,0.87909451635
731,0.869191371827
732,0.582374805381
733,0.630189256118
734,0.479347079212
735,0.850307620124
736,0.0979574592075
737,0.831367580279
738,0.354023784218
739,0.900912983549
740,0.509331770437
741,0.881528573173
742,0.41145428491
743,0.298636860035
744,0.926306845975
745,0.675764973287
746,0.702494269076
747,0.227629600181
748,0.341576129386
749,0.15720777975
750,0.181554280474
751,0.51119198641
752,0.791683266437
753,0.876186766588
754,0.908032004684
755,0.40682527122
756,0.651559841573
757,0.685171458001
758,0.646882651389
759,0.86939364163
760,0.237531688513
761,0.212790723339
762,0.634209151557
763,0.497106952989
764,0.354438032457
765,0.810644177392
766,0.859055594887
767,0.269568633156
768,0.57077286857
769,0.246590300225
770,0.300899482271
771,0.492196868838
772,0.368581067189
773,0.36190935467
774,0.906269688452
775,0.431230900194
776,0.858712872364
777,0.139760632515
778,0.371226861159
779,0.649714175696
780,0.580161791683
781,0.926306845975
782,0.779680182171
783,0.293203587682
784,0.860629127818
785,0.149424219571
786,0.406707973233
787,0.616856125781
788,0.248152909612
789,0.320624756984
790,0.657154655709
791,0.466980252359
792,0.175422632493
793,0.304980996504
794,0.926306845975
795,0.725495680295
796,0.913355617097
797,0.450422647479
798,0.817733752197
799,0.243684650104
800,0.527116733832
801,0.260535428471
802,0.145882803258
803,0.2853947054
804,0.760438117553
805,0.824303129975
806,0.729105957104
807,0.387822442865
808,0.179153460495
809,0.449188809346
810,0.61006157824
811,0.386552443107
812,0.801980468125
813,0.745222498391
814,0.845293665638
815,0.229755296338
816,0.284778798163
817,0.341962206757
818,0.882781218388
819,0.329721703338
820,0.812247992036
821,0.774143143848
822,0.867262729183
823,0.6415040282
824,0.876304688618
825,0.342407926458
826,0.606642363397
827,0.216655736036
828,0.549119217989
829,0.889281566729
830,0.335785034266
831,0.785049276269
832,0.845974446189
833,0.887973069537
834,0.237748331294
835,0.084493876007
836,0.848769858683
837,0.361226867296
838,0.185726399205
839,0.770532203981
840,0.446798829862
841,0.880229269955
842,0.817350065655
843,0.793913784949
844,0.5757726707
845,0.81976337772
846,0.275816480477
847,0.63826828289
848,0.628902465148
849,0.122957459207
850,0.253214676225
851,0.240568733943
852,0.811059520118
853,0.326275455006
854,0.658179213758
855,0.433453334838
856,0.703832502694
857,0.283955880111
858,0.563694117611
859,0.187384079532
860,0.193202501307
861,0.468971383081
862,0.311958686156
863,0.362959221867
864,0.462740502259
865,0.287137649717
866,0.872931924618
867,0.892849019204
868,0.362716263134
869,0.237267246427
870,0.171368257347
871,0.909524459903
872,0.382716204006
873,0.86682067696
874,0.293085599471
875,0.690448884748
876,0.401538173951
877,0.179097855952
878,0.443505431507
879,0.427966959047
880,0.776948089863
881,0.512580108928
882,0.926306845975
883,0.439322468101
884,0.190345832047
885,0.354764309854
886,0.707813674511
887,0.906236595962
888,0.362159261391
889,0.681649396303
890,0.735814498148
891,0.333664461959
892,0.649869424827
893,0.38059553113
894,0.257162048512
895,0.48716168451
896,0.468734535932
897,0.472819157794
898,0.61461350106
899,0.182440614941
900,0.874376045974
901,0.397817578051
902,0.251592227002
903,0.496640865602
904,0.191874404191
905,0.780812385093
906,0.892520889942
907,0.895108163951
908,0.926306845975
909,0.793582275651
910,0.459562301162
911,0.919193529184
912,0.382412529668
913,0.490667007689
914,0.606343717594
915,0.285034128883
916,0.339092570441
917,0.240638044362
918,0.774656542546
919,0.621862542404
920,0.810901388498
921,0.33472807038
922,0.56085519106
923,0.204420588787
924,0.573753009917
925,0.1557033571
926,0.374112921236
927,0.284660863218
928,0.915145321474
929,0.500007110077
930,0.29075812276
931,0.262324698779
932,0.902405438768
933,0.919193529184
934,0.915145321474
935,0.419082749303
936,0.881528573173
937,0.528845937601
938,0.358749313155
939,0.816773164919
940,0.68514582755
941,0.76602959418
942,0.563987872295
943,0.864547768441
944,0.193932346893
945,0.887973069537
946,0.196818534182
947,0.857398670828
948,0.569473063566
949,0.874376045974
950,0.179269281761
951,0.860016172609
952,0.741989351415
953,0.296153537855
954,0.315693665425
955,0.637845011545
956,0.634245384355
957,0.447933793932
958,0.535650763344
959,0.926306845975
960,0.542060785486
961,0.555790977554
962,0.926306845975
963,0.926306845975
964,0.713430370165
965,0.211022533787
966,0.875667901597
967,0.158855866356
968,0.292110041481
969,0.926306845975
970,0.895561451214
971,0.764714709841
972,0.36932207566
973,0.206769732495
974,0.302213711731
975,0.467315482333
976,0.66377862301
977,0.380766664942
978,0.823608310596
979,0.440391396065
980,0.132092074592
981,0.915145321474
982,0.523443680191
983,0.857738302512
984,0.913355617097
985,0.346891524154
986,0.899123279171
987,0.455251829659
988,0.537303305654
989,0.628062959343
990,0.157828800886
991,0.0834837749969
992,0.0834837749969
993,0.338199071558
994,0.853325616518
995,0.390526566571
996,0.23929422168
997,0.0926183903815
998,0.794723271754
999,0.598204456067
1000,0.347176460999
1001,0.366259797839
1002,0.27547426532
1003,0.588223498753
1004,0.773832774655
1005,0.869863081999
1006,0.38834866268
1007,0.309297275222
1008,0.402160727778
1009,0.635340450164
1010,0.125617480346
1011,0.906236595962
1012,0.471761393123
1013,0.362000871082
1014,0.869067745454
1015,0.640165829787
1016,0.847744366132
1017,0.644389004161
1018,0.634263064396
1019,0.322006573921
1020,0.896876090705
1021,0.398101483547
1022,0.882162545595
1023,0.122404229542
1024,0.102713337705
1025,0.362314618431
1026,0.170417574043
1027,0.173566716352
1028,0.653960319248
1029,0.615532446497
1030,0.8068273798
1031,0.612259219892
1032,0.700319544495
1033,0.405181047927
1034,0.26587800867
1035,0.298636860035
1036,0.500410720969
1037,0.423050392798
1038,0.851415944922
1039,0.0834837749969
1040,0.816397764678
1041,0.316969941552
1042,0.819948488324
1043,0.66801281369
1044,0.859169139129
1045,0.919193529184
1046,0.341018213598
1047,0.249960852701
1048,0.21401695325
1049,0.733008477793
1050,0.409726144405
1051,0.811729896521
1052,0.372984443137
1053,0.321940435545
1054,0.312350910744
1055,0.89573815161
1056,0.371716686557
1057,0.424471414102
1058,0.289151008305
1059,0.766241952248
1060,0.633412705979
1061,0.364189188897
1062,0.815623381675
1063,0.432774034016
1064,0.757876899036
1065,0.530151133785
1066,0.528308489244
1067,0.817792841468
1068,0.124876434625
1069,0.86121798844
1070,0.474417137912
1071,0.43363355693
1072,0.306182596377
1073,0.307955994599
1074,0.202018149764
1075,0.553836354823
1076,0.825146797552
1077,0.889137995467
1078,0.548956109698
1079,0.417981368991
1080,0.207342797942
1081,0.620080936135
1082,0.248585466821
1083,0.289896538264
1084,0.179909299638
1085,0.726252606361
1086,0.25791490698
1087,0.497754460559
1088,0.821878878974
1089,0.88796175467
1090,0.131092314119
1091,0.842550444289
1092,0.597928377719
1093,0.428112728187
1094,0.876186766588
1095,0.842532732917
1096,0.889137995467
1097,0.158218061179
1098,0.30103194578
1099,0.557412676249
1100,0.186244621392
1101,0.642237448022
1102,0.838261022388
1103,0.746616021151
1104,0.305365028547
1105,0.88477532642
1106,0.794347935774
1107,0.800610390049
1108,0.623208008338
1109,0.828940961318
1110,0.810292965541
1111,0.67399104208
1112,0.645968317774
1113,0.713179481639
1114,0.273363203403
1115,0.539881132429
1116,0.926306845975
1117,0.755095135979
1118,0.785879672532
1119,0.160330296769
1120,0.782566697914
1121,0.415918209847
1122,0.640135294037
1123,0.87912760884
1124,0.858996495036
1125,0.284792834445
1126,0.882618128574
1127,0.899123279171
1128,0.77304587301
1129,0.811472691612
1130,0.919187824841
1131,0.852440074919
1132,0.339055238283
1133,0.839417235285
1134,0.46473777215
1135,0.42952321758
1136,0.303697713439
1137,0.498355011501
1138,0.842746626593
1139,0.382516002573
1140,0.285783248004
1141,0.286468039088
1142,0.303249710759
1143,0.557708903665
1144,0.521117869335
1145,0.193976918335
1146,0.256709472933
1147,0.434490115882
1148,0.882340893099
1149,0.425145354921
1150,0.458618590226
1151,0.920502026377
1152,0.870355239427
1153,0.407078405337
1154,0.779837157908
1155,0.829805028565
1156,0.776025779944
1157,0.906236595962
1158,0.586898310704
1159,0.176983601194
1160,0.876673146342
1161,0.380214693434
1162,0.667108477392
1163,0.124504176379
1164,0.881694869166
1165,0.645448430297
1166,0.87287700154
1167,0.343004896935
1168,0.63516612324
1169,0.272981787983
1170,0.926306845975
1171,0.697269019465
1172,0.760725086094
1173,0.852716530725
1174,0.754324425847
1175,0.783156392688
1176,0.822029346871
1177,0.591986814783
1178,0.877292220445
1179,0.530025323688
1180,0.254331663823
1181,0.915145321474
1182,0.230185691321
1183,0.561006129764
1184,0.242991246715
1185,0.403164029162
1186,0.836427499643
1187,0.158940199079
1188,0.132092074592
1189,0.897831423548
1190,0.435292121172
1191,0.73675429051
1192,0.110583721834
1193,0.147752769891
1194,0.271002700334
1195,0.926306845975
1196,0.36216754493
1197,0.877443296635
1198,0.926306845975
1199,0.312452126906
1200,0.796776689926
1201,0.202141593945
1202,0.872280253157
1203,0.313393114473
1204,0.771869650987
1205,0.723456535542
1206,0.537631482433
1207,0.232199273929
1208,0.720290517932
1209,0.881694869166
1210,0.271193143286
1211,0.805365450287
1212,0.413695079884
1213,0.0834837749969
1214,0.2156981791
1215,0.719443438526
1216,0.429107472797
1217,0.920428933154
1218,0.789243380119
1219,0.89768527235
1220,0.464452122009
1221,0.806747332854
1222,0.229209110508
1223,0.877036349821
1224,0.72900669218
1225,0.859957369739
1226,0.916271030246
1227,0.709082235144
1228,0.256058536227
1229,0.390876030689
1230,0.778719800432
1231,0.879114530034
1232,0.142888536902
1233,0.187295102558
1234,0.828087360464
1235,0.523574574536
1236,0.775544866552
1237,0.845831743616
1238,0.899108295906
1239,0.361237601023
1240,0.635047345268
1241,0.662107501933
1242,0.426541312231
1243,0.804881656197
1244,0.781789130016
1245,0.174480441729
1246,0.663001810518
1247,0.346634774324
1248,0.78925451428
1249,0.129260929002
1250,0.201404619237
1251,0.433522534846
1252,0.279806092385
1253,0.768757245783
1254,0.917640647471
1255,0.235627886391
1256,0.875698797981
1257,0.206502596464
1258,0.49162400234
1259,0.911783515563
1260,0.79132713555
1261,0.886157168086
1262,0.797622761725
1263,0.215322179886
1264,0.705691573407
1265,0.807474652654
1266,0.733460833341
1267,0.606966504021
1268,0.920481556562
1269,0.660829518105
1270,0.856796215381
1271,0.65741244652
1272,0.867643900305
1273,0.298349086747
1274,0.821509331862
1275,0.220492017358
1276,0.451740097922
1277,0.293955066141
1278,0.829334001237
1279,0.187964294477
1280,0.682852956091
1281,0.853711123673
1282,0.82807109622
1283,0.308545614721
1284,0.696521672995
1285,0.459436594059
1286,0.191241402777
1287,0.524624682854
1288,0.192112651829
1289,0.290459944467
1290,0.246275095434
1291,0.84779804313
1292,0.462221310298
1293,0.328503680951
1294,0.725409575463
1295,0.0979574592075
1296,0.25811866521
1297,0.535834421144
1298,0.870807763809
1299,0.607621492098
1300,0.290933315742
1301,0.818127465879
1302,0.835107786963
1303,0.312092455287
1304,0.303128505695
1305,0.464881974796
1306,0.43321010005
1307,0.614686585438
1308,0.876480664876
1309,0.197752817875
1310,0.300122363477
1311,0.283038662105
1312,0.853776276561
1313,0.87432258162
1314,0.531141615521
1315,0.687546533365
1316,0.111514410105
1317,0.90748286053
1318,0.550187253099
1319,0.458975460642
1320,0.0939646370117
1321,0.578530657402
1322,0.744391969536
1323,0.406421954119
1324,0.250302329485
1325,0.580212132317
1326,0.905827460658
1327,0.732927608609
1328,0.602713501221
1329,0.701228888114
1330,0.923269842245
1331,0.865550023139
1332,0.293292064807
1333,0.890921345879
1334,0.217276903221
1335,0.925556744532
1336,0.0779622215527
1337,0.832128179339
1338,0.241764968979
1339,0.901747285854
1340,0.38586830704
1341,0.388029087
1342,0.276045009317
1343,0.412758590357
1344,0.91407041785
1345,0.834383205606
1346,0.865672280469
1347,0.340401426941
1348,0.279312470713
1349,0.553247124391
1350,0.460195398214
1351,0.760199802535
1352,0.742821891327
1353,0.403975169078
1354,0.814758662521
1355,0.889908871511
1356,0.925556744532
1357,0.0908808818398
1358,0.836517441063
1359,0.272073736035
1360,0.210317816051
1361,0.759462844853
1362,0.266079131255
1363,0.757738517521
1364,0.59062847594
1365,0.416487540785
1366,0.123027518575
1367,0.429336755555
1368,0.387133953004
1369,0.780095544382
1370,0.199945466611
1371,0.708596509496
1372,0.882189096824
1373,0.121473288628
1374,0.364509770257
1375,0.577160786223
1376,0.513160086363
1377,0.160221979148
1378,0.781730350015
1379,0.65239914502
1380,0.880788786468
1381,0.563073358963
1382,0.417579079574
1383,0.273722007837
1384,0.771653260518
1385,0.195174318719
1386,0.0919477287991
1387,0.0829209244015
1388,0.8101983673
1389,0.664533796316
1390,0.33682364347
1391,0.72920914984
1392,0.574884445843
1393,0.0975711864202
1394,0.408893103359
1395,0.356950399345
1396,0.884301578024
1397,0.827906838026
1398,0.413463475236
1399,0.866963251674
1400,0.920481556562
1401,0.721672174802
1402,0.751533299517
1403,0.25084609213
1404,0.224290845467
1405,0.509172695284
1406,0.371331157861
1407,0.749434826881
1408,0.335087839484
1409,0.561910033488
1410,0.893015223045
1411,0.237379206334
1412,0.206380118513
1413,0.900120770273
1414,0.377091731744
1415,0.834268698466
1416,0.209907523191
1417,0.0806121220927
1418,0.734242639192
1419,0.500121614053
1420,0.813215257817
1421,0.860068827335
1422,0.72418954937
1423,0.298329657271
1424,0.49116603695
1425,0.148049401726
1426,0.77286574009
1427,0.598739412371
1428,0.417257154083
1429,0.738303835905
1430,0.199886473269
1431,0.0743923153294
1432,0.683007532316
1433,0.844428354785
1434,0.764877556723
1435,0.898751153049
1436,0.767612596107
1437,0.60634713628
1438,0.887328760909
1439,0.648840778888
1440,0.76073650303
1441,0.925556744532
1442,0.415370756813
1443,0.335243724259
1444,0.587854187463
1445,0.496999490436
1446,0.785349217706
1447,0.447351705138
1448,0.412091561607
1449,0.176297388081
1450,0.102657766507
1451,0.800226170281
1452,0.785542404095
1453,0.463670606989
1454,0.444865963235
1455,0.844101201308
1456,0.630392815402
1457,0.094597629339
1458,0.486993712613
1459,0.918194654275
1460,0.542111916887
1461,0.475988670285
1462,0.597179917374
1463,0.3487351495
1464,0.0935307823798
1465,0.868861981587
1466,0.354960984123
1467,0.303720906332
1468,0.898549233906
1469,0.406874353001
1470,0.815122440536
1471,0.844402410566
1472,0.831856400771
1473,0.74066062861
1474,0.447503361791
1475,0.882537518585
1476,0.102769912815
1477,0.215900320533
1478,0.834129763327
1479,0.168861456016
1480,0.455914977779
1481,0.100547187028
1482,0.597316929998
1483,0.695778833634
1484,0.56007624808
1485,0.474451761967
1486,0.84351281704
1487,0.406367020274
1488,0.863897252076
1489,0.397572259631
1490,0.560559345576
1491,0.392598308554
1492,0.381758096378
1493,0.895996533849
1494,0.137465516728
1495,0.68345709945
1496,0.561644028945
1497,0.80573028441
1498,0.890219058875
1499,0.51163062651
1500,0.824936356295
1501,0.277884213168
1502,0.395947288672
1503,0.925556744532
1504,0.754637604235
1505,0.717560079661
1506,0.617591957473
1507,0.272628991663
1508,0.237884092074
1509,0.65213985946
1510,0.824427782566
1511,0.382117063416
1512,0.101797735996
1513,0.15772306755
1514,0.15906422237
1515,0.358085186365
1516,0.397852953581
1517,0.360099323527
1518,0.131456248218
1519,0.0743923153294
1520,0.568794999174
1521,0.126705187642
1522,0.486870984436
1523,0.368592632689
1524,0.562076154767
1525,0.36148778933
1526,0.714803846362
1527,0.65194064489
1528,0.806350415135
1529,0.238109228775
1530,0.532802965427
1531,0.372735927858
1532,0.681909866844
1533,0.47217240802
1534,0.910323769621
1535,0.727485526473
1536,0.79212205152
1537,0.268179515694
1538,0.602595882062
1539,0.716015833108
1540,0.21975759612
1541,0.721828493963
1542,0.898635523797
1543,0.605032218383
1544,0.911143218868
1545,0.586498387871
1546,0.210385106037
1547,0.264361912597
1548,0.223427749668
1549,0.733535606583
1550,0.748627291854
1551,0.798896875135
1552,0.311835378604
1553,0.336799670807
1554,0.817113285199
1555,0.529184692155
1556,0.857655517566
1557,0.633349325897
1558,0.224614169202
1559,0.73205861406
1560,0.844368226397
1561,0.61074606336
1562,0.152845126036
1563,0.605869665897
1564,0.588179930613
1565,0.434495062978
1566,0.673265193059
1567,0.541520008317
1568,0.894095705571
1569,0.886157273978
1570,0.0919477287991
1571,0.701472289709
1572,0.336210289269
1573,0.743877408667
1574,0.642063730158
1575,0.874473977458
1576,0.920481556562
1577,0.502320272003
1578,0.414395617195
1579,0.669679147491
1580,0.237240983654
1581,0.654266824066
1582,0.925556744532
1583,0.536853392144
1584,0.892654596689
1585,0.859178324662
1586,0.897853925532
1587,0.709121382628
1588,0.321974358061
1589,0.902854944135
1590,0.72266478494
1591,0.821349361621
1592,0.504568335804
1593,0.545661879727
1594,0.732705287673
1595,0.826739272049
1596,0.608230503473
1597,0.220830494125
1598,0.397428170243
1599,0.843205583378
1600,0.631346683865
1601,0.222486579255
1602,0.421632083135
1603,0.224517413918
1604,0.369776147441
1605,0.695446783081
1606,0.526786503519
1607,0.106145562083
1608,0.210716881305
1609,0.238079628745
1610,0.337860653648
1611,0.0824196712686
1612,0.729625528627
1613,0.738416098583
1614,0.0743923153294
1615,0.843795724474
1616,0.25734666289
1617,0.151409097585
1618,0.363830857236
1619,0.781227842476
1620,0.714789259281
1621,0.895996533849
1622,0.191977942922
1623,0.734699552051
1624,0.718427725279
1625,0.626523636336
1626,0.85193721119
1627,0.132507682249
1628,0.67528477062
1629,0.615166300316
1630,0.910323769621
1631,0.278916397422
1632,0.881168270007
1633,0.859670515645
1634,0.702524928255
1635,0.426634164387
1636,0.788808820531
1637,0.617145957387
1638,0.0935307823798
1639,0.375113977088
1640,0.624930995387
1641,0.2151671648
1642,0.872666615815
1643,0.23220805077
1644,0.914415440184
1645,0.433668771365
1646,0.866934563211
1647,0.593951645871
1648,0.668049486627
1649,0.343622243109
1650,0.778887906206
1651,0.904034188141
1652,0.312358128142
1653,0.870524249631
1654,0.44935509427
1655,0.905141846422
1656,0.551162348198
1657,0.53714575265
1658,0.0806121220927
1659,0.734867103139
1660,0.512221739093
1661,0.296514480939
1662,0.231207992409
1663,0.365420402549
1664,0.515413872249
1665,0.731637223099
1666,0.319196770124
1667,0.373700939342
1668,0.807729942654
1669,0.66038727091
1670,0.267978890821
1671,0.752303868342
1672,0.214117885132
1673,0.600231507111
1674,0.904034188141
1675,0.178510329687
1676,0.297611590983
1677,0.914415440184
1678,0.562302305562
1679,0.680639509815
1680,0.812575491208
1681,0.822044786954
1682,0.780868625244
1683,0.812385994487
1684,0.881408460651
1685,0.310441571981
1686,0.791379541642
1687,0.218933350384
1688,0.348961201612
1689,0.153898275075
1690,0.772455746008
1691,0.240316689189
1692,0.79874994728
1693,0.838338423822
1694,0.84173823623
1695,0.700849490764
1696,0.121370057678
1697,0.13867847044
1698,0.116774098082
1699,0.154447047891
1700,0.42534420592
1701,0.730392287791
1702,0.749480649973
1703,0.706269523867
1704,0.412661879744
1705,0.229792960526
1706,0.896267386815
1707,0.440798597208
1708,0.884535434697
1709,0.193033659885
1710,0.309687890542
1711,0.889903816315
1712,0.51702495777
1713,0.848015474355
1714,0.391835274659
1715,0.453225507545
1716,0.64096618151
1717,0.812383118941
1718,0.490880848147
1719,0.503219897572
1720,0.0829209244015
1721,0.477051433285
1722,0.925556744532
1723,0.410170464921
1724,0.230211373878
1725,0.43919004406
1726,0.416643240177
1727,0.925556744532
1728,0.732742542404
1729,0.153539925695
1730,0.771157328023
1731,0.266446721437
1732,0.650211107432
1733,0.316894402467
1734,0.128873746179
1735,0.812322647594
1736,0.864227271816
1737,0.875729175027
1738,0.551959355003
1739,0.795949335752
1740,0.594339557524
1741,0.887264826367
1742,0.759642153865
1743,0.347726856408
1744,0.198156406542
1745,0.545396617574
1746,0.336484510524
1747,0.74671649384
1748,0.659343247396
1749,0.245767968918
1750,0.51335768464
1751,0.129547639731
1752,0.896320010223
1753,0.251314482619
1754,0.87831077774
1755,0.533738114316
1756,0.257789345436
1757,0.268884477516
1758,0.487759863658
1759,0.845177494781
1760,0.486071474396
1761,0.700028949812
1762,0.882111537791
1763,0.684205684635
1764,0.685375775734
1765,0.263039736685
1766,0.598273024458
1767,0.888011017841
1768,0.318720361694
1769,0.816314917885
1770,0.239204299644
1771,0.298194378419
1772,0.477043673078
1773,0.308250851094
1774,0.818257448395
1775,0.524239961754
1776,0.325075680198
1777,0.540303851165
1778,0.728974918801
1779,0.723343685023
1780,0.453258767451
1781,0.133073039639
1782,0.281864667351
1783,0.475110699451
1784,0.789961674058
1785,0.74602076847
1786,0.274485301078
1787,0.887621969224
1788,0.925556744532
1789,0.820197157933
1790,0.689082739385
1791,0.122126384803
1792,0.578274506752
1793,0.874473977458
1794,0.0695010109816
1795,0.774510129266
1796,0.357837702205
1797,0.759851808078
1798,0.0695010109816
1799,0.83679544937
1800,0.567292506135
1801,0.713454478757
1802,0.370796577676
1803,0.120868804545
1804,0.835192097722
1805,0.521100088183
1806,0.85012392938
1807,0.890594485747
1808,0.405348625353
1809,0.773315868109
1810,0.484025093112
1811,0.405318673186
1812,0.453301874599
1813,0.476241835753
1814,0.193063620196
1815,0.792957832444
1816,0.429134084119
1817,0.838122023406
1818,0.824754562135
1819,0.442311555312
1820,0.817969321724
1821,0.858725307944
1822,0.64877704306
1823,0.41014823637
1824,0.886998543473
1825,0.206001993039
1826,0.0941291574346
1827,0.460441944868
1828,0.259765417376
1829,0.307796640409
1830,0.454855210828
1831,0.448237259291
1832,0.193424695017
1833,0.773026122958
1834,0.276379870649
1835,0.925556744532
1836,0.844621922283
1837,0.307525582048
1838,0.570042386382
1839,0.923269842245
1840,0.442879246435
1841,0.153607815422
1842,0.703596512164
1843,0.157581920265
1844,0.778509418955
1845,0.872239698579
1846,0.801619822672
1847,0.889551728654
1848,0.751589171445
1849,0.133007175552
1850,0.916271030246
1851,0.331821688778
1852,0.775629395614
1853,0.185417271495
1854,0.181332024616
1855,0.78945048563
1856,0.24480930874
1857,0.167750229883
1858,0.711503006438
1859,0.161938200972
1860,0.0842071301442
1861,0.695083646424
1862,0.337856168832
1863,0.327554846453
1864,0.381212921932
1865,0.891537950318
1866,0.126945471555
1867,0.828230655956
1868,0.407603984519
1869,0.579538929805
1870,0.0892378530868
1871,0.75062275314
1872,0.157015990692
1873,0.314429345527
1874,0.289983334631
1875,0.745553319862
1876,0.454907453997
1877,0.922715835441
1878,0.699941156361
1879,0.561316724173
1880,0.448231041662
1881,0.625689408119
1882,0.865742269976
1883,0.337333651033
1884,0.539881491224
1885,0.780400159597
1886,0.094597629339
1887,0.257790849314
1888,0.399017541448
1889,0.28748304917
1890,0.478708342745
1891,0.527022449394
1892,0.399628745818
1893,0.29270865667
1894,0.694375694542
1895,0.557295481667
1896,0.635482160091
1897,0.79543859635
1898,0.71015351848
1899,0.229115971748
1900,0.432949072026
1901,0.897182043067
1902,0.475967545629
1903,0.914415440184
1904,0.886638451817
1905,0.508173012561
1906,0.365317785801
1907,0.870134355899
1908,0.838790376939
1909,0.806663204681
1910,0.45093060245
1911,0.790113744172
1912,0.536034123261
1913,0.289687578549
1914,0.403755815291
1915,0.269990116448
1916,0.551971971265
1917,0.442804622229
1918,0.479424785314
1919,0.223421442451
1920,0.598129367769
1921,0.152709852864
1922,0.853184931011
1923,0.556045524098
1924,0.688757556051
1925,0.825348939028
1926,0.285006923361
1927,0.104046143788
1928,0.26273728522
1929,0.361170948617
1930,0.780691962194
1931,0.13014308819
1932,0.517607317166
1933,0.0743923153294
1934,0.238429456051
1935,0.107943640053
1936,0.90899522988
1937,0.109752053058
1938,0.438851502929
1939,0.598085698056
1940,0.164870937394
1941,0.21697954816
1942,0.89875125894
1943,0.381475443849
1944,0.886998543473
1945,0.728511009792
1946,0.134288717965
1947,0.126872761614
1948,0.18037559892
1949,0.312307591576
1950,0.89634862151
1951,0.248899558437
1952,0.295843822039
1953,0.542095974873
1954,0.364691719982
1955,0.31242922433
1956,0.925556744532
1957,0.856660891945
1958,0.826365008114
1959,0.711676626591
1960,0.0695010109816
1961,0.231760688073
1962,0.810895149167
1963,0.879365600251
1964,0.525078223361
1965,0.780351733742
1966,0.40476463622
1967,0.452462832021
1968,0.622032620323
1969,0.739942049543
1970,0.129692758369
1971,0.913835492432
1972,0.653351094282
1973,0.82471913068
1974,0.885897626254
1975,0.233513897801
1976,0.78591572917
1977,0.646832961632
1978,0.893474151827
1979,0.849784768696
1980,0.360291887125
1981,0.910323769621
1982,0.792942583153
1983,0.856778978881
1984,0.789708863452
1985,0.366505256253
1986,0.910121850478
1987,0.865816439344
1988,0.795325817114
1989,0.854992292654
1990,0.779305547298
1991,0.463895387367
1992,0.489600613132
1993,0.558079746625
1994,0.770184968541
1995,0.610162740208
1996,0.392426033426
1997,0.865788758089
1998,0.561573687578
1999,0.490564051102
2000,0.910323769621
2001,0.125468923906
2002,0.889551728654
2003,0.59461293139
2004,0.38688499137
2005,0.47277931768
2006,0.295878443481
2007,0.461336134383
2008,0.59641461792
2009,0.448031092264
2010,0.230399320326
2011,0.731923454085
2012,0.590458781819
2013,0.885178705875
2014,0.864706881636
2015,0.783032434729
2016,0.612983304325
2017,0.920481556562
2018,0.387046527365
2019,0.131140072403
2020,0.83690234971
2021,0.437851856823
2022,0.738205551871
2023,0.323182256143
2024,0.459416548546
2025,0.480612182671
2026,0.898287264012
2027,0.516067549271
2028,0.79010077943
2029,0.463385969591
2030,0.531585795768
2031,0.740761841141
2032,0.91407041785
2033,0.531763201696
2034,0.0940320355126
2035,0.866339732503
2036,0.504477849358
2037,0.232683072805
2038,0.549577435865
2039,0.66098424497
2040,0.102419343378
2041,0.793577123675
2042,0.85686018666
2043,0.305981089867
2044,0.689027957756
2045,0.925556744532
2046,0.737099758633
2047,0.850779897461
2048,0.683628723214
2049,0.573985479978
2050,0.920481556562
2051,0.78890080262
2052,0.7402264682
2053,0.545628721294
2054,0.905248581651
2055,0.0695010109816
2056,0.751531563769
2057,0.823424234794
2058,0.84366343667
2059,0.507965999734
2060,0.130500575871
2061,0.399030202204
2062,0.178317238464
2063,0.114128829544
2064,0.420422516183
2065,0.0824196712686
2066,0.0824196712686
2067,0.440179296425
2068,0.160991041407
2069,0.532459834331
2070,0.902961679364
2071,0.166658669524
2072,0.124911796577
2073,0.261226381348
2074,0.48380185411
2075,0.649233412546
2076,0.628353280496
2077,0.90240767256
2078,0.531954466628
2079,0.598355111752
2080,0.257682729148
2081,0.565308828617
2082,0.536533950154
2083,0.899108295906
2084,0.362489836726
2085,0.225305698246
2086,0.278044516741
2087,0.692125211394
2088,0.748124830248
2089,0.56829871405
2090,0.554946150167
2091,0.476106504719
2092,0.834258410458
2093,0.656159365255
2094,0.882620950622
2095,0.808793400985
2096,0.269058554049
2097,0.338040275401
2098,0.238034171947
2099,0.867740063373
2100,0.12958230839
2101,0.807034637552
2102,0.845961448983
2103,0.243564784422
2104,0.925556744532
2105,0.561821795852
2106,0.476936361397
2107,0.538127370506
2108,0.791267513614
2109,0.504643868334
2110,0.186841546228
2111,0.404844986904
2112,0.541543213552
2113,0.0787401414163
2114,0.507735533079
2115,0.395072809308
2116,0.911552985133
2117,0.291179684434
2118,0.763658788894
2119,0.30881022584
2120,0.26212017107
2121,0.482986336295
2122,0.266757033087
2123,0.752924068845
2124,0.462646130088
2125,0.470558322553
2126,0.727211093863
2127,0.218703640883
2128,0.925556744532
2129,0.0978972864878
2130,0.839522240006
2131,0.902961679364
2132,0.486786849018
2133,0.563933241626
2134,0.122230088189
2135,0.456415782008
2136,0.634411494846
2137,0.297872155887
2138,0.854654121388
2139,0.204628977544
2140,0.920481556562
2141,0.62065416764
2142,0.76180126103
2143,0.478876635964
2144,0.337505057166
2145,0.534045497637
2146,0.362998891862
2147,0.308081622366
2148,0.879705872163
2149,0.821323648968
2150,0.785125643805
2151,0.824903689686
2152,0.206771646139
2153,0.234758689135
2154,0.737512518071
2155,0.685199607488
2156,0.193735580442
2157,0.0829209244015
2158,0.486282537623
2159,0.0695010109816
2160,0.688066365632
2161,0.912962759569
2162,0.387379732539
2163,0.588793022937
2164,0.578385942174
2165,0.0695010109816
2166,0.579797788106
2167,0.669837935989
2168,0.42383531998
2169,0.0919420884226
2170,0.668846171281
2171,0.907888231807
2172,0.498116025359
2173,0.545365667456
2174,0.530325923651
2175,0.542491007433
2176,0.754319933195
2177,0.925556744532
2178,0.792459553198
2179,0.798937416145
2180,0.123960825295
2181,0.573852996369
2182,0.741634797697
2183,0.508046224331
2184,0.769095273258
2185,0.843040313299
2186,0.861724227208
2187,0.811699335575
2188,0.33746186838
2189,0.901395198193
2190,0.559858997299
2191,0.211567771156
2192,0.314622934014
2193,0.254813629446
2194,0.511925506093
2195,0.0824196712686
2196,0.313852082345
2197,0.408927231684
2198,0.832200417684
2199,0.512214672094
2200,0.542096564854
2201,0.771097030477
2202,0.166257582434
2203,0.497509441926
2204,0.0787401414163
2205,0.682160031489
2206,0.720141516821
2207,0.469335746422
2208,0.0878122287493
2209,0.922715835441
2210,0.450354036677
2211,0.639233016195
2212,0.198187647024
2213,0.358976034499
2214,0.526237049284
2215,0.109825091935
2216,0.925556744532
2217,0.690238378345
2218,0.471438784329
2219,0.186128182848
2220,0.387863025628
2221,0.817373694989
2222,0.501003977222
2223,0.879192669418
2224,0.346857698348
2225,0.24712168642
2226,0.614919069974
2227,0.386024157114
2228,0.611511367559
2229,0.869595111862
2230,0.528586507222
2231,0.393015522063
2232,0.665801351091
2233,0.756503579897
2234,0.887526785311
2235,0.455109730511
2236,0.347217951295
2237,0.503985821258
2238,0.500426773345
2239,0.369241275965
2240,0.745917062439
2241,0.522900594332
2242,0.899040895074
2243,0.363964717459
2244,0.905195958243
2245,0.553240314318
2246,0.571614391712
2247,0.6617412251
2248,0.726323822376
2249,0.172650933891
2250,0.19581541129
2251,0.608391604749
2252,0.459281868987
2253,0.916271030246
2254,0.828328850063
2255,0.104899827141
2256,0.341168062839
2257,0.79884719656
2258,0.585486110856
2259,0.713584596659
2260,0.851397668104
2261,0.617407404475
2262,0.168373898092
2263,0.338642577584
2264,0.790128540464
2265,0.480930787788
2266,0.54222895138
2267,0.798252181649
2268,0.131066169698
2269,0.612064911327
2270,0.451291223702
2271,0.421874751973
2272,0.334029199944
2273,0.879086520693
2274,0.925556744532
2275,0.118615085313
2276,0.563139832846
2277,0.856264414745
2278,0.478338631784
2279,0.0975148449737
2280,0.846326751284
2281,0.566573421361
2282,0.457008447547
2283,0.922715835441
2284,0.27602152068
2285,0.298218812842
2286,0.242969072984
2287,0.71588793289
2288,0.881513589238
2289,0.678592004489
2290,0.911783515563
2291,0.443413508408
2292,0.865714588721
2293,0.107141230949
2294,0.27940845251
2295,0.877314886549
2296,0.650800683
2297,0.904906921003
2298,0.562857727574
2299,0.850720405513
2300,0.609414360568
2301,0.296370484476
2302,0.874357947683
2303,0.756093389086
2304,0.832964059052
2305,0.815825725427
2306,0.531049278664
2307,0.865742269976
2308,0.908668369748
2309,0.339658818796
2310,0.735005180998
2311,0.883673401852
2312,0.557987228176
2313,0.797402055851
2314,0.151511774817
2315,0.239550163819
2316,0.462036892949
2317,0.705255219601
2318,0.848267281766
2319,0.910323769621
2320,0.613693772962
2321,0.688408161059
2322,0.791503729775
2323,0.841439132018
2324,0.526239752009
2325,0.609816059236
2326,0.138107863913
2327,0.152727283184
2328,0.785540296024
2329,0.792757568648
2330,0.848026356027
2331,0.761418583476
2332,0.194429572237
2333,0.597650864008
2334,0.177449909909
2335,0.628328712838
2336,0.685593079563
2337,0.541598501513
2338,0.523995290304
2339,0.825153450259
2340,0.682964256941
2341,0.268805773235
2342,0.868430372465
2343,0.820032122034
2344,0.682096609542
2345,0.911783515563
2346,0.617440544662
2347,0.117680244029
2348,0.0695010109816
2349,0.350968954983
2350,0.743111836558
2351,0.579312465453
2352,0.223530010531
2353,0.159600638313
2354,0.923269842245
2355,0.159831235876
2356,0.109825091935
2357,0.925556744532
2358,0.722332733543
2359,0.161261857126
2360,0.651225522497
2361,0.338687641145
2362,0.360730920314
2363,0.276434443489
2364,0.0695010109816
2365,0.409085639854
2366,0.719807060027
2367,0.634695725346
2368,0.207952862237
2369,0.359308150644
2370,0.115977500197
2371,0.757376230162
2372,0.827588988073
2373,0.783292014862
2374,0.560723292554
2375,0.706272803608
2376,0.465828845093
2377,0.902961679364
2378,0.6510709105
2379,0.893593601788
2380,0.808991312122
2381,0.925556744532
2382,0.0855034264405
2383,0.808457404637
2384,0.181071527198
2385,0.21843738285
2386,0.925556744532
2387,0.178017939708
2388,0.69808186539
2389,0.90240767256
2390,0.423763019353
2391,0.695761719511
2392,0.0913821349727
2393,0.71058102509
2394,0.835347197699
2395,0.470932753719
2396,0.394450953713
2397,0.523009891981
2398,0.39520177449
2399,0.452376226762
2400,0.893675423506
2401,0.920428933154
2402,0.776574211864
2403,0.320838511288
2404,0.242712010496
2405,0.776761113028
2406,0.322758126896
2407,0.192472132828
2408,0.749076799501
2409,0.373052418661
2410,0.398992094753
2411,0.361869591585
2412,0.781694028447
2413,0.602226185873
2414,0.209118157526
2415,0.44322797871
2416,0.870386023006
2417,0.212498484002
2418,0.799374298376
2419,0.418147298166
2420,0.64325415077
2421,0.425573911763
2422,0.793550453539
2423,0.345286001438
2424,0.725181125282
2425,0.753598023105
2426,0.644102287746
2427,0.110815946775
2428,0.461034752832
2429,0.754072503491
2430,0.459026706299
2431,0.197905914228
2432,0.177137694271
2433,0.444417270263
2434,0.735077187352
2435,0.844368226397
2436,0.884776110829
2437,0.59820038579
2438,0.71546546865
2439,0.172504847295
2440,0.419920550056
2441,0.0983124630986
2442,0.792696177543
2443,0.328521116322
2444,0.30702164282
2445,0.902706308607
2446,0.496588935299
2447,0.613015082435
2448,0.679248845668
2449,0.805049568283
2450,0.868576589571
2451,0.480962264656
2452,0.13840180371
2453,0.306715355601
2454,0.884257111091
2455,0.168515461431
2456,0.531197796087
2457,0.677634151157
2458,0.104482189224
2459,0.922005840475
2460,0.903114164518
2461,0.811673170379
2462,0.405018826751
2463,0.840562025982
2464,0.564529135338
2465,0.219903240319
2466,0.748550493686
2467,0.149074895605
2468,0.587444537631
2469,0.218623397616
2470,0.124801454021
2471,0.90598561518
2472,0.896578066208
2473,0.909023768346
2474,0.173479804656
2475,0.248236515106
2476,0.245205758225
2477,0.598229921588
2478,0.803021654168
2479,0.75866401181
2480,0.291376730877
2481,0.448137532371
2482,0.800945063587
2483,0.358372530518
2484,0.87697385812
2485,0.111001674049
2486,0.801192607611
2487,0.454049187066
2488,0.551110968028
2489,0.843409821556
2490,0.0846945131316
2491,0.869364236559
2492,0.552603695679
2493,0.279851960587
2494,0.732228513435
2495,0.129874706051
2496,0.917033313002
2497,0.849255099776
2498,0.768024021224
2499,0.656645369314
2500,0.391425163605
2501,0.284727073971
2502,0.0914836547891
2503,0.537061813325
2504,0.772921991611
2505,0.102657766507
2506,0.623087031819
2507,0.464163239457
2508,0.446109477972
2509,0.430835884743
2510,0.831509669025
2511,0.789954196307
2512,0.630393739302
2513,0.689998075596
2514,0.202042662972
2515,0.859917748412
2516,0.922005840475
2517,0.730546448512
2518,0.909579323902
2519,0.583601895241
2520,0.892061884819
2521,0.228513521433
2522,0.0940320355126
2523,0.687635145302
2524,0.431751644759
2525,0.637837073235
2526,0.454257719937
2527,0.904051240874
2528,0.826024641519
2529,0.884429862252
2530,0.194074396097
2531,0.692257294625
2532,0.221877221032
2533,0.196480296113
2534,0.909579323902
2535,0.834833823882
2536,0.556096818627
2537,0.148720775441
2538,0.125104484324
2539,0.872284504844
2540,0.275520795511
2541,0.0806121220927
2542,0.635367347331
2543,0.904488401392
2544,0.449854607398
2545,0.907178632658
2546,0.701291890107
2547,0.116404850625
2548,0.281540779695
2549,0.33233452044
2550,0.847615507175
2551,0.871296172271
2552,0.50259752519
2553,0.877916293198
2554,0.815335226052
2555,0.801568110478
2556,0.888097622738
2557,0.37017197849
2558,0.0695010109816
2559,0.347053107969
2560,0.750060816696
2561,0.868224295903
2562,0.869718803987
2563,0.375234547616
2564,0.819147908552
2565,0.157015990692
2566,0.174643132807
2567,0.246951358867
2568,0.297306608781
2569,0.887093939223
2570,0.499254929582
2571,0.805823848541
2572,0.825800985247
2573,0.731970868188
2574,0.0980323060864
2575,0.84664896285
2576,0.617609115235
2577,0.892148107628
2578,0.332441297579
2579,0.0808825476323
2580,0.229715135803
2581,0.492337540985
2582,0.402479369345
2583,0.463647686854
2584,0.432022508795
2585,0.423323773522
2586,0.903562292477
2587,0.21683541793
2588,0.453887798844
2589,0.766159972371
2590,0.842648018142
2591,0.0678390693714
2592,0.153998854767
2593,0.922005840475
2594,0.504451302211
2595,0.553118192292
2596,0.12244757951
2597,0.0733795283086
2598,0.55527672558
2599,0.586210753476
2600,0.219214003558
2601,0.485224303155
2602,0.808800985247
2603,0.836464030982
2604,0.76614545534
2605,0.227872486887
2606,0.13099862775
2607,0.653415375372
2608,0.401303739326
2609,0.0961068010359
2610,0.229109838071
2611,0.618732166242
2612,0.909579323902
2613,0.348743491804
2614,0.858636612881
2615,0.617806414507
2616,0.615205619721
2617,0.411820739694
2618,0.222898534287
2619,0.905982752452
2620,0.536942767458
2621,0.90808669199
2622,0.357005782558
2623,0.834201731337
2624,0.867432724981
2625,0.382843270766
2626,0.105641671047
2627,0.697615224706
2628,0.411514389928
2629,0.150715463255
2630,0.508990308888
2631,0.143177937375
2632,0.174760540354
2633,0.119710747311
2634,0.182552634638
2635,0.900095196918
2636,0.394029462876
2637,0.450557289932
2638,0.764094847182
2639,0.638186811409
2640,0.259222987232
2641,0.128538021132
2642,0.398403738486
2643,0.0688112158739
2644,0.2044106098
2645,0.505990013468
2646,0.695377540893
2647,0.113277619036
2648,0.382597216968
2649,0.090122119023
2650,0.167810496437
2651,0.894370595285
2652,0.725828983312
2653,0.102546740456
2654,0.909579323902
2655,0.698529024116
2656,0.917296438765
2657,0.207261071225
2658,0.493150698416
2659,0.892569576403
2660,0.58095577503
2661,0.44019050375
2662,0.247332140684
2663,0.813506470427
2664,0.697477951684
2665,0.822667337031
2666,0.518102170027
2667,0.608313221296
2668,0.907178632658
2669,0.922005840475
2670,0.794658008152
2671,0.125986329963
2672,0.390995727035
2673,0.759381331788
2674,0.776485828882
2675,0.756586192287
2676,0.405723032539
2677,0.766464766611
2678,0.350766176529
2679,0.756174997392
2680,0.250075949826
2681,0.0892216168764
2682,0.200771068716
2683,0.194205295791
2684,0.824371255241
2685,0.852390275884
2686,0.238137230333
2687,0.311584938453
2688,0.349441994631
2689,0.852033942954
2690,0.675639927802
2691,0.828924348443
2692,0.272843531149
2693,0.787340980976
2694,0.199884850223
2695,0.533925081953
2696,0.369161616033
2697,0.406382185337
2698,0.119014641516
2699,0.725586309319
2700,0.219127462683
2701,0.88149205454
2702,0.893188545248
2703,0.902973514105
2704,0.0591434171975
2705,0.74648530817
2706,0.768429200027
2707,0.616997774556
2708,0.697523165844
2709,0.150662956969
2710,0.677510918717
2711,0.10220305772
2712,0.921450284919
2713,0.258456638622
2714,0.30945843179
2715,0.279785087299
2716,0.895678225001
2717,0.851594639154
2718,0.330552196024
2719,0.623428825594
2720,0.581163844597
2721,0.689165407561
2722,0.167505326317
2723,0.273419153404
2724,0.325061117436
2725,0.325495749324
2726,0.302613785274
2727,0.807036907031
2728,0.446755925724
2729,0.704698957124
2730,0.904869922193
2731,0.750349076745
2732,0.916107204087
2733,0.89588186024
2734,0.24394584185
2735,0.719639054312
2736,0.207435896399
2737,0.35173286788
2738,0.304333381262
2739,0.366855017599
2740,0.64328575285
2741,0.291568366078
2742,0.912706715687
2743,0.625329201312
2744,0.797712249233
2745,0.0738925745737
2746,0.515315358919
2747,0.197752490013
2748,0.864071594566
2749,0.423738869919
2750,0.604856525073
2751,0.860409821556
2752,0.671811588871
2753,0.573530611443
2754,0.774459963443
2755,0.147528985677
2756,0.842168142089
2757,0.228977032964
2758,0.670736076077
2759,0.191852748714
2760,0.819033365739
2761,0.658523946925
2762,0.487065339472
2763,0.806824952319
2764,0.52583758261
2765,0.315283440451
2766,0.795249981396
2767,0.835653902354
2768,0.72981366771
2769,0.916662759643
2770,0.386995702825
2771,0.742346263134
2772,0.439691659502
2773,0.618993477485
2774,0.318841310049
2775,0.10131368623
2776,0.897411934381
2777,0.100234140775
2778,0.384286126026
2779,0.147013143618
2780,0.39249762696
2781,0.690905776019
2782,0.839042264534
2783,0.182611008917
2784,0.0906206899248
2785,0.407282971097
2786,0.207078836094
2787,0.295647739379
2788,0.897144589204
2789,0.365368498871
2790,0.804803903098
2791,0.470677636674
2792,0.831246564376
2793,0.524282319352
2794,0.345360323061
2795,0.315208151953
2796,0.609238866397
2797,0.293924705296
2798,0.261218124532
2799,0.839863670847
2800,0.868758385888
2801,0.772997380133
2802,0.750611915356
2803,0.660770389129
2804,0.260733765933
2805,0.0814052008363
2806,0.235863287488
2807,0.557542326254
2808,0.894185593089
2809,0.273641098202
2810,0.419986574728
2811,0.439517840584
2812,0.773023644265
2813,0.364427073288
2814,0.169505074202
2815,0.683170733811
2816,0.475212169236
2817,0.747462661419
2818,0.809221235131
2819,0.887093939223
2820,0.403903277861
2821,0.568106519182
2822,0.914543633249
2823,0.345604442352
2824,0.186206695996
2825,0.0674767505308
2826,0.336491233311
2827,0.684978189179
2828,0.62821059226
2829,0.307424746306
2830,0.708303433472
2831,0.633425846496
2832,0.55706367885
2833,0.848825244341
2834,0.483807239751
2835,0.880179654583
2836,0.335611268032
2837,0.166505745944
2838,0.149527853667
2839,0.914543633249
2840,0.186253503018
2841,0.511678473652
2842,0.159820266415
2843,0.852616495317
2844,0.294280781174
2845,0.86408652895
2846,0.639545413714
2847,0.908642247546
2848,0.722160889519
2849,0.383843587015
2850,0.744896668551
2851,0.362007884308
2852,0.615053030303
2853,0.402823977493
2854,0.542184916391
2855,0.293550175427
2856,0.200887608044
2857,0.216522830552
2858,0.860473303967
2859,0.0699942417852
2860,0.775704507404
2861,0.346968515464
2862,0.281254699482
2863,0.461307556748
2864,0.0591434171975
2865,0.196581153316
2866,0.331065873645
2867,0.902487670036
2868,0.892622022252
2869,0.887278941419
2870,0.613984944816
2871,0.248765143843
2872,0.252323625851
2873,0.576555856583
2874,0.781537462032
2875,0.32832297003
2876,0.895678225001
2877,0.0776401799377
2878,0.414574939361
2879,0.914543633249
2880,0.241685922138
2881,0.0591434171975
2882,0.312814169207
2883,0.585976986768
2884,0.304657898112
2885,0.360577891717
2886,0.869533801791
2887,0.538952491811
2888,0.841255975402
2889,0.38062090236
2890,0.0795538182
2891,0.57722492966
2892,0.237744123387
2893,0.922005840475
2894,0.378724837917
2895,0.917033313002
2896,0.922005840475
2897,0.866003106143
2898,0.361193561667
2899,0.375669215908
2900,0.0817089906138
2901,0.878624422173
2902,0.435749995777
2903,0.890872650141
2904,0.389917510661
2905,0.390819416694
2906,0.908642247546
2907,0.712881026679
2908,0.914914186609
2909,0.0937899293111
2910,0.482083846709
2911,0.103467912147
2912,0.3700034531
2913,0.646432923041
2914,0.511998846041
2915,0.498442099154
2916,0.236822204216
2917,0.829942289089
2918,0.0795538182
2919,0.120856316871
2920,0.810855478556
2921,0.39557663305
2922,0.594921995453
2923,0.585202102104
2924,0.270864957094
2925,0.48383725155
2926,0.409086474228
2927,0.804999711135
2928,0.450361887509
2929,0.136864853529
2930,0.541377766447
2931,0.378634977087
2932,0.565848055216
2933,0.352910784625
2934,0.319164269589
2935,0.79119429433
2936,0.897772039252
2937,0.403850915279
2938,0.898589765004
2939,0.38198890291
2940,0.743573389171
2941,0.401332688621
2942,0.644957019652
2943,0.114113148241
2944,0.452538031
2945,0.176695652344
2946,0.825076401206
2947,0.0700485896113
2948,0.833339104833
2949,0.28139337636
2950,0.239345743628
2951,0.338731302555
2952,0.763154323284
2953,0.470559049043
2954,0.092510122003
2955,0.484087810279
2956,0.899280565749
2957,0.259248788726
2958,0.274906084104
2959,0.797959963443
2960,0.353304778857
2961,0.856128094829
2962,0.417267645206
2963,0.35650521254
2964,0.508419142913
2965,0.568378700277
2966,0.499409475968
2967,0.895678225001
2968,0.775557337719
2969,0.666620449586
2970,0.912521713491
2971,0.436820400709
2972,0.767224182822
2973,0.773184728874
2974,0.098315270807
2975,0.83882628432
2976,0.287099724433
2977,0.782292733965
2978,0.711896421056
2979,0.827942289089
2980,0.108955753354
2981,0.618732848722
2982,0.309072275455
2983,0.794887521898
2984,0.0591434171975
2985,0.0954795728719
2986,0.754030043628
2987,0.328028815671
2988,0.117874404148
2989,0.16788625309
2990,0.0961068010359
2991,0.921450284919
2992,0.495579267812
2993,0.487358132064
2994,0.891135775904
2995,0.170833730761
2996,0.276833790889
2997,0.774403262897
2998,0.28644584498
2999,0.808788442935
3000,0.327327737939
3001,0.16140429896
3002,0.369733242315
3003,0.691755758925
3004,0.325344819876
3005,0.716284945589
3006,0.726269872182
3007,0.431077435898
3008,0.254376957653
3009,0.519869336452
3010,0.617745399848
3011,0.889020868925
3012,0.64647940224
3013,0.769346782445
3014,0.300359260622
3015,0.320256537259
3016,0.250095727286
3017,0.3890510614
3018,0.294434601991
3019,0.0591434171975
3020,0.669407623968
3021,0.169268116112
3022,0.84484515661
3023,0.905232257427
3024,0.824444155579
3025,0.894953357933
3026,0.845729569644
3027,0.533112739598
3028,0.43821330759
3029,0.0591434171975
3030,0.907734188214
3031,0.78727423422
3032,0.579598926148
3033,0.712600877942
3034,0.794316525963
3035,0.0717374021599
3036,0.0951186587434
3037,0.19134111818
3038,0.356564684885
3039,0.900095196918
3040,0.661447521268
3041,0.806574083622
3042,0.551743283274
3043,0.518703349094
3044,0.894111791434
3045,0.327806403581
3046,0.476295615187
3047,0.120777853667
3048,0.393879096429
3049,0.40212788127
3050,0.673689943098
3051,0.922005840475
3052,0.922005840475
3053,0.860263704738
3054,0.628755763706
3055,0.225447734707
3056,0.813994171988
3057,0.229668836195
3058,0.0817089906138
3059,0.738938071736
3060,0.742439892379
3061,0.221944028967
3062,0.219677886606
3063,0.453872274226
3064,0.304812275739
3065,0.675789198028
3066,0.502740105957
3067,0.525287639151
3068,0.515848292724
3069,0.368062867878
3070,0.677133794998
3071,0.829942289089
3072,0.922005840475
3073,0.499559268215
3074,0.245910948805
3075,0.713410263143
3076,0.125852519499
3077,0.139962011588
3078,0.559534519115
3079,0.908271694186
3080,0.237712740932
3081,0.702501653637
3082,0.922005840475
3083,0.318387937387
3084,0.755677645378
3085,0.876686291316
3086,0.355483416288
3087,0.166139663393
3088,0.266162726237
3089,0.916925885406
3090,0.872395504955
3091,0.268917449741
3092,0.664704077514
3093,0.65153350724
3094,0.921450284919
3095,0.848604062098
3096,0.857799980057
3097,0.559732616417
3098,0.861200468458
3099,0.114303600264
3100,0.704513137322
3101,0.791766830848
3102,0.921450284919
3103,0.724545704996
3104,0.796740703235
3105,0.652460635667
3106,0.493182117431
3107,0.103457727988
3108,0.567570536124
3109,0.328086678543
3110,0.921450284919
3111,0.881962711755
3112,0.868528839012
3113,0.0591434171975
3114,0.202366404488
3115,0.454434736697
3116,0.213480629444
3117,0.802179659397
3118,0.783867808014
3119,0.788349601011
3120,0.667220486084
3121,0.390798148108
3122,0.336729238598
3123,0.636196031119
3124,0.772172438166
3125,0.496762081275
3126,0.634495262619
3127,0.838601599585
3128,0.839434853491
3129,0.519448209306
3130,0.889124077107
3131,0.194146249445
3132,0.885916972821
3133,0.261402307404
3134,0.453867175983
3135,0.117180853324
3136,0.351965319309
3137,0.895323911293
3138,0.303728522631
3139,0.135297272088
3140,0.250855689066
3141,0.838263126667
3142,0.88695089542
3143,0.865298545354
3144,0.252736491579
3145,0.462433899115
3146,0.913077269046
3147,0.121885786543
3148,0.22518468469
3149,0.417399291576
3150,0.644233237906
3151,0.779937395431
3152,0.385564801649
3153,0.892061884819
3154,0.275768099092
3155,0.42690959768
3156,0.904606796429
3157,0.922005840475
3158,0.264417575924
3159,0.234740385389
3160,0.202814175945
3161,0.886163248431
3162,0.416470932767
3163,0.346917260765
3164,0.462177670746
3165,0.25213954782
3166,0.145103880589
3167,0.704788340886
3168,0.859143967845
3169,0.894741148645
3170,0.488037481842
3171,0.88766451237
3172,0.859648018142
3173,0.74760407175
3174,0.163465759843
3175,0.402185733239
3176,0.73136465175
3177,0.326176137777
3178,0.147773896971
3179,0.802606845399
3180,0.574571474707
3181,0.767359008842
3182,0.342005191063
3183,0.273454273933
3184,0.689276696879
3185,0.804025077073
3186,0.916477757447
3187,0.374000294296
3188,0.626092583097
3189,0.883780996275
3190,0.894737252432
3191,0.208873133679
3192,0.856876732517
3193,0.835993163193
3194,0.922005840475
3195,0.443659132215
3196,0.615491802659
3197,0.883506616066
3198,0.0892216168764
3199,0.258764178305
3200,0.683509755803
3201,0.122848326107
3202,0.871458428599
3203,0.856303564287
3204,0.447090402288
3205,0.192778844514
3206,0.727533695267
3207,0.45946011791
3208,0.723016970952
3209,0.314733458373
3210,0.224164326087
3211,0.816831177977
3212,0.811041503741
3213,0.312236723692
3214,0.493066245666
3215,0.0968786856848
3216,0.59684380881
3217,0.427057400126
3218,0.842694782824
3219,0.675633184497
3220,0.824444155579
3221,0.430895827169
3222,0.837301864296
3223,0.418378178456
3224,0.860105928589
3225,0.904606796429
3226,0.655474590055
3227,0.368378134388
3228,0.357734233524
3229,0.834217194485
3230,0.548729829398
3231,0.705469779572
3232,0.340418064726
3233,0.922005840475
3234,0.894103573309
3235,0.380316064419
3236,0.405783927918
3237,0.241015096788
3238,0.836223583215
3239,0.804431325414
3240,0.505309852778
3241,0.917033313002
3242,0.17623889292
3243,0.459543741918
3244,0.72096415541
3245,0.0765890693714
3246,0.0754060434601
3247,0.289096749932
3248,0.236218187006
3249,0.512526296532
3250,0.417920253644
3251,0.860856423614
3252,0.0921409809156
3253,0.556763437629
3254,0.334209771602
3255,0.5124921667
3256,0.399625820578
3257,0.359190844322
3258,0.122039342782
3259,0.772523087375
3260,0.403351208606
3261,0.78127961379
3262,0.0841832896058
3263,0.851123565892
3264,0.600884698764
3265,0.136859469103
3266,0.905232257427
3267,0.579964597778
3268,0.195809748583
3269,0.857562025982
3270,0.226963944306
3271,0.909208770542
3272,0.53674385902
3273,0.152562804827
3274,0.682906978287
3275,0.849096135242
3276,0.315805937939
3277,0.292895844854
3278,0.905430059625
3279,0.916662759643
3280,0.123554732274
3281,0.587353026059
3282,0.597024802683
3283,0.186352874188
3284,0.562675541805
3285,0.881589765004
3286,0.784800538518
3287,0.190117722424
3288,0.163929402893
3289,0.728680742664
3290,0.672376944312
3291,0.300092760181
3292,0.494543763284
3293,0.754030043628
3294,0.327852924853
3295,0.264968963159
3296,0.316431025347
3297,0.756442159991
3298,0.842192168436
3299,0.351016876748
3300,0.495787450663
3301,0.451074764701
3302,0.126185000715
3303,0.319532580946
3304,0.754909175495
3305,0.550830958435
3306,0.422707110235
3307,0.121065079472
3308,0.163528068117
3309,0.4883172133
3310,0.597161481776
3311,0.884614676084
3312,0.829669577359
3313,0.77943573043
3314,0.742388194632
3315,0.101292948635
3316,0.71048156684
3317,0.494277789703
3318,0.435820456891
3319,0.856972517167
3320,0.123008859377
3321,0.847713128006
3322,0.88764663205
3323,0.310494170526
3324,0.883780996275
3325,0.246875101199
3326,0.728066585131
3327,0.755615596316
3328,0.357178158744
3329,0.778583027435
3330,0.190549532763
3331,0.726529788594
3332,0.552625945391
3333,0.741370396006
3334,0.575676333919
3335,0.535234574365
3336,0.661301978964
3337,0.123862393079
3338,0.73187349677
3339,0.873567166626
3340,0.685628904596
3341,0.876598934228
3342,0.0795538182
3343,0.922005840475
3344,0.281008586674
3345,0.304229362276
3346,0.691916546573
3347,0.843965377112
3348,0.129111187001
3349,0.441274606195
3350,0.131090256278
3351,0.895845177613
3352,0.827375712296
3353,0.563528969348
3354,0.073071867503
3355,0.870698578693
3356,0.225151443965
3357,0.320141739299
3358,0.862976586069
3359,0.442730200226
3360,0.840202717269
3361,0.917851994321
3362,0.348956400196
3363,0.869599677594
3364,0.586201365663
3365,0.818166791036
3366,0.494119878342
3367,0.453207264386
3368,0.87953674194
3369,0.868427584337
3370,0.888024786505
3371,0.848260829244
3372,0.921450284919
3373,0.582456501832
3374,0.223411047699
3375,0.800917450401
3376,0.861385470654
3377,0.814865512001
3378,0.216503167577
3379,0.749090013948
3380,0.370512036665
3381,0.0634040688266
3382,0.319665100122
3383,0.290961212952
3384,0.798979311453
3385,0.402727155455
3386,0.758687752913
3387,0.110976743101
3388,0.913077269046
3389,0.562597884781
3390,0.494884809506
3391,0.132363161634
3392,0.732110062327
3393,0.527365819664
3394,0.301436438915
3395,0.174457889936
3396,0.370805546135
3397,0.704837841794
3398,0.280471137728
3399,0.58333758712
3400,0.862764289405
3401,0.287516076263
3402,0.156955109864
3403,0.792942740328
3404,0.572941479973
3405,0.922005840475
3406,0.675325854701
3407,0.590071820234
3408,0.212438174823
3409,0.82822910493
3410,0.784245097391
3411,0.826168853937
3412,0.162230603504
3413,0.262365261148
3414,0.857662183072
3415,0.769458316397
3416,0.332944557764
3417,0.80255328577
3418,0.822603340597
3419,0.120997592141
3420,0.780985780621
3421,0.114524599712
3422,0.117081493614
3423,0.588460700819
3424,0.281785454734
3425,0.444648606828
3426,0.330751741183
3427,0.900995038125
3428,0.751811844512
3429,0.628145632704
3430,0.87365654464
3431,0.436698632237
3432,0.422989866746
3433,0.541705463015
3434,0.44089132273
3435,0.231072672857
3436,0.72342643017
3437,0.745125372913
3438,0.464070116526
3439,0.354009140015
3440,0.917033313002
3441,0.152858834922
3442,0.708922434321
3443,0.781275847185
3444,0.632805830598
3445,0.712094584892
3446,0.296260226188
3447,0.702253637764
3448,0.895505840475
3449,0.63941253358
3450,0.701280401823
3451,0.24273405672
3452,0.373436124849
3453,0.868128461612
3454,0.298270327256
3455,0.870695527599
3456,0.644811581122
3457,0.730642808882
3458,0.30593873416
3459,0.902487670036
3460,0.87235248311
3461,0.754030043628
3462,0.922005840475
3463,0.141770311984
3464,0.0591434171975
3465,0.413986361412
3466,0.154053195163
3467,0.84827096283
3468,0.0870664444626
3469,0.917851994321
3470,0.895678225001
3471,0.888787812983
3472,0.78291351612
3473,0.917851994321
3474,0.529543817929
3475,0.917033313002
3476,0.705607871091
3477,0.667010348347
3478,0.430763797064
3479,0.746134994933
3480,0.205627831276
3481,0.677597472673
3482,0.0591434171975
3483,0.567331206123
3484,0.513496096769
3485,0.149792543534
3486,0.463590753437
3487,0.870312311781
3488,0.368997851134
3489,0.0795538182
3490,0.455019522428
3491,0.361515972903
3492,0.665133206866
3493,0.909941659136
3494,0.289483189781
3495,0.750995696017
3496,0.20034139599
3497,0.338735019066
3498,0.0717374021599
3499,0.252827770829
3500,0.439884519453
3501,0.275508208896
3502,0.542146049732
3503,0.408358805317
3504,0.476605978086
3505,0.922005840475
3506,0.498085826755
3507,0.337064022775
3508,0.298601554336
3509,0.644567194235
3510,0.238889116223
3511,0.783382959529
3512,0.669388100523
3513,0.141565821426
3514,0.848801200566
3515,0.239203247649
3516,0.829383060877
3517,0.0934822685055
3518,0.73380540455
3519,0.840924361217
3520,0.249042458919
3521,0.24763555705
3522,0.711898745866
3523,0.846502482709
3524,0.806045830328
3525,0.464730903248
3526,0.922005840475
3527,0.898634665756
3528,0.360990529079
3529,0.177276295241
3530,0.838082360223
3531,0.872020868925
3532,0.780111534095
3533,0.569152343288
3534,0.922005840475
3535,0.896215730973
3536,0.849096135242
3537,0.257141965491
3538,0.875617116676
3539,0.274989472929
3540,0.876135775904
3541,0.875987691957
3542,0.477931752458
3543,0.922005840475
3544,0.40660299775
3545,0.105623084561
3546,0.745762460463
3547,0.669675266114
3548,0.521958251751
3549,0.424114967952
3550,0.831012986507
3551,0.231780034971
3552,0.371690354597
3553,0.391526279127
3554,0.751593284229
3555,0.904499368833
3556,0.797873651063
3557,0.659962743827
3558,0.132664258807
3559,0.414813412749
3560,0.138230006778
3561,0.420654224302
3562,0.266823083075
3563,0.907734188214
3564,0.483502908113
3565,0.711917394901
3566,0.90155059368
3567,0.414597698268
3568,0.275768693708
3569,0.243793782284
3570,0.409767638333
3571,0.247148322542
3572,0.595258040066
3573,0.248632807485
3574,0.345173812712
3575,0.429021589202
3576,0.81037649136
3577,0.705468648186
3578,0.522239271914
3579,0.349083533426
3580,0.415209569558
3581,0.26371716487
3582,0.82088090985
3583,0.321850373036
3584,0.852960483455
3585,0.611840176687
3586,0.828868398004
3587,0.498210003258
3588,0.881962711755
3589,0.629630641989
3590,0.589346087633
3591,0.356841656231
3592,0.659794607109
3593,0.848986103969
3594,0.890587302491
3595,0.555478617255
3596,0.184954272379
3597,0.144041006424
3598,0.750468943401
3599,0.743306283789
3600,0.922005840475
3601,0.812174327932
3602,0.819728502875
3603,0.550182037526
3604,0.104436263341
3605,0.117642154571
3606,0.285455827385
3607,0.153112706362
3608,0.888414186609
3609,0.73782050252
3610,0.467773586222
3611,0.407886226261
3612,0.644016866175
3613,0.302743338962
3614,0.0674767505308
3615,0.887020137569
3616,0.0935110391509
3617,0.289400781341
3618,0.410415938467
3619,0.717506026679
3620,0.82962824791
3621,0.575799281179
3622,0.0840258623386
3623,0.913988077694
3624,0.102292957715
3625,0.494322299124
3626,0.618295253943
3627,0.508362841407
3628,0.835168275662
3629,0.574741733654
3630,0.480336597471
3631,0.818286908441
3632,0.458210990571
3633,0.770668615902
3634,0.681742741607
3635,0.697328279767
3636,0.922005840475
3637,0.893741238075
3638,0.195690480223
3639,0.246091424383
3640,0.92107973156
3641,0.30044051516
3642,0.732031568167
3643,0.380377469846
3644,0.393567099059
3645,0.364860032795
3646,0.867044122038
3647,0.341396291813
3648,0.198700902771
3649,0.381115755511
3650,0.904499368833
3651,0.273925327785
3652,0.812356909203
3653,0.126763293037
3654,0.193004321332
3655,0.909208770542
3656,0.480984582349
3657,0.648362585025
3658,0.776477334961
3659,0.153005489849
3660,0.17950672317
3661,0.474591420134
3662,0.290433784697
3663,0.0612985896113
3664,0.587247076023
3665,0.400346048412
3666,0.712130482298
3667,0.429960515818
3668,0.321771590674
3669,0.509989856859
3670,0.833656033424
3671,0.526866063839
3672,0.456861988537
3673,0.876686291316
3674,0.369993963529
3675,0.579718449886
3676,0.344773884963
3677,0.80764008028
3678,0.775897723334
3679,0.597238215748
3680,0.278178435865
3681,0.243788645335
3682,0.414520513886
3683,0.536248079406
3684,0.323392398474
3685,0.107169400717
3686,0.152313953284
3687,0.835336253819
3688,0.306382951027
3689,0.788656386438
3690,0.422634594368
3691,0.102232268505
3692,0.321233905946
3693,0.874296869291
3694,0.848260829244
3695,0.184329307939
3696,0.412834438094
3697,0.894370595285
3698,0.219625827071
3699,0.856391893684
3700,0.83879737709
3701,0.846415693556
3702,0.846810920457
3703,0.545497890856
3704,0.77795635594
3705,0.636805782479
3706,0.1075538182
3707,0.533200065063
3708,0.897515142564
3709,0.176852335224
3710,0.487266009256
3711,0.100234140775
3712,0.458839561945
3713,0.248139744028
3714,0.340135280209
3715,0.775020158079
3716,0.694835658352
3717,0.258305978292
3718,0.112143773222
3719,0.62100170109
3720,0.292517520794
3721,0.634983120841
3722,0.908642247546
3723,0.746505280951
3724,0.360134532135
3725,0.829749840233
3726,0.922005840475
3727,0.407977511206
3728,0.129302555574
3729,0.680208654872
3730,0.238526936385
3731,0.0965828037072
3732,0.917851994321
3733,0.669123809259
3734,0.426604085844
3735,0.513331330391
3736,0.778168832663
3737,0.1083038182
3738,0.442141529762
3739,0.599153221207
3740,0.470982891217
3741,0.810048505047
3742,0.435391329638
3743,0.531170996401
3744,0.475872311757
3745,0.128301610586
3746,0.895508913489
3747,0.626000132908
3748,0.598811885153
3749,0.416729925057
3750,0.832240177732
3751,0.0949338553118
