MoleculeId,rf-PredictedProbability
1,0.763219068834
2,0.903454312331
3,0.247683229319
4,0.323495035242
5,0.219884980454
6,0.295968314784
7,0.725398043275
8,0.7796092737
9,0.730612799586
10,0.247689967005
11,0.6733620024
12,0.303729014763
13,0.577418754769
14,0.708855708484
15,0.617840249067
16,0.78062104493
17,0.715240491422
18,0.413798689129
19,0.391800910707
20,0.345102573308
21,0.714417562724
22,0.551395674434
23,0.173631404175
24,0.155813121882
25,0.115874497235
26,0.89283382171
27,0.634602903527
28,0.392496686465
29,0.714727652387
30,0.743837858953
31,0.154149642098
32,0.601959836641
33,0.0888910186582
34,0.781235662447
35,0.825362761316
36,0.337852570995
37,0.682987481259
38,0.579831428784
39,0.50984590324
40,0.849649151003
41,0.847480884971
42,0.242836566628
43,0.101676256823
44,0.755422549277
45,0.392453895298
46,0.849594201376
47,0.421689555907
48,0.328752702699
49,0.192505190243
50,0.728081310768
51,0.858649905151
52,0.64255286902
53,0.357096353233
54,0.865215533566
55,0.635201645791
56,0.660263248171
57,0.326255683016
58,0.209331325958
59,0.871823605958
60,0.395362711168
61,0.201768649504
62,0.418573023468
63,0.6485029128
64,0.485203836203
65,0.344386381715
66,0.547110179386
67,0.734547507607
68,0.834437139071
69,0.206186173767
70,0.740551168399
71,0.319426867141
72,0.349397337293
73,0.859567806202
74,0.466430786527
75,0.871864001854
76,0.927965321035
77,0.542982999726
78,0.839447803779
79,0.858531767555
80,0.273824828895
81,0.811193522784
82,0.259279739253
83,0.754126327764
84,0.906588322942
85,0.739764470718
86,0.592973996628
87,0.353561016696
88,0.315477056298
89,0.723999559997
90,0.292337779332
91,0.899337795692
92,0.887543243113
93,0.635682539683
94,0.362797845269
95,0.379550136755
96,0.317079370216
97,0.686457931578
98,0.456590146314
99,0.504749074775
100,0.408488659249
101,0.146309926492
102,0.566466478742
103,0.804778777399
104,0.834194832358
105,0.309586135504
106,0.693008575914
107,0.752589954488
108,0.898743980905
109,0.089762676576
110,0.835363663527
111,0.224937228436
112,0.220537856136
113,0.132549506123
114,0.744005428215
115,0.850786587421
116,0.456784252297
117,0.289309570222
118,0.304951803801
119,0.604411095749
120,0.860471975133
121,0.377602260701
122,0.247172905253
123,0.47470729277
124,0.546485326564
125,0.885781988754
126,0.878714326931
127,0.764999256154
128,0.339261905034
129,0.7460864894
130,0.688694710492
131,0.221655691052
132,0.805778023251
133,0.538365079365
134,0.770343086947
135,0.248870494476
136,0.102988867052
137,0.317912223285
138,0.2012278401
139,0.460402901086
140,0.849833292043
141,0.751312725907
142,0.415420786816
143,0.927421656276
144,0.630096964544
145,0.891115775776
146,0.909500488377
147,0.306227261608
148,0.562320858966
149,0.381472071978
150,0.377210521508
151,0.352789215154
152,0.823734839015
153,0.823416614399
154,0.179017940466
155,0.724327284447
156,0.252906399255
157,0.583941027182
158,0.372410927208
159,0.724815731173
160,0.522714076859
161,0.493010715026
162,0.238106812378
163,0.277423692382
164,0.184545115116
165,0.384205727169
166,0.574862324914
167,0.592815194735
168,0.739880208535
169,0.703886809193
170,0.279167418439
171,0.40319747975
172,0.419132640829
173,0.817599219234
174,0.439010311538
175,0.82998067583
176,0.874880742215
177,0.628795901043
178,0.469550543024
179,0.3980075855
180,0.0935133861237
181,0.376918323293
182,0.57067047681
183,0.341499421207
184,0.756622250619
185,0.734173192663
186,0.416679251101
187,0.860614538279
188,0.733797200145
189,0.527793696585
190,0.664574539876
191,0.613733766234
192,0.888436549153
193,0.854925294707
194,0.558544423039
195,0.425894986734
196,0.255949166784
197,0.670763798237
198,0.678567889521
199,0.83718970185
200,0.444748699706
201,0.9232743372
202,0.609224567095
203,0.433290982274
204,0.908179587056
205,0.723593807935
206,0.265060900303
207,0.249885575203
208,0.287313379431
209,0.908940970295
210,0.299321098093
211,0.3715641662
212,0.478028243262
213,0.477234742382
214,0.272501834023
215,0.907909224263
216,0.248773479045
217,0.462280057938
218,0.190797410357
219,0.868518022652
220,0.817511361508
221,0.156401565465
222,0.169651737202
223,0.684762450054
224,0.677553658542
225,0.210134352705
226,0.406516223218
227,0.576013365924
228,0.340957979351
229,0.711152354495
230,0.345377528657
231,0.220870895148
232,0.540825618268
233,0.753502310807
234,0.849921537132
235,0.79857242504
236,0.383991436177
237,0.409454942578
238,0.254104702112
239,0.413130487509
240,0.2349097354
241,0.793582920191
242,0.348601753435
243,0.469786234245
244,0.27389345773
245,0.509643086092
246,0.683995926454
247,0.606505752839
248,0.768008690499
249,0.547957134981
250,0.42965694597
251,0.767508737653
252,0.598269901018
253,0.307355499439
254,0.2649536431
255,0.493793392047
256,0.530113199666
257,0.246320697639
258,0.433860066834
259,0.913764244334
260,0.913022486092
261,0.760133229075
262,0.806096248348
263,0.427373807289
264,0.390598117677
265,0.146572638036
266,0.31468259477
267,0.573643421592
268,0.141197966556
269,0.872957264458
270,0.247626096177
271,0.693039311438
272,0.741347735203
273,0.210606323406
274,0.400724858094
275,0.808645552128
276,0.316119044691
277,0.534712755589
278,0.355774866251
279,0.86550321352
280,0.318935341899
281,0.586260099628
282,0.433911297513
283,0.86059510907
284,0.800861499025
285,0.641985019374
286,0.319379067718
287,0.698203963324
288,0.383339178052
289,0.671139363791
290,0.57362916147
291,0.30216300421
292,0.792436795074
293,0.892772139126
294,0.749202742514
295,0.808405352213
296,0.597802786261
297,0.651710465228
298,0.476476340353
299,0.266225155699
300,0.743792847862
301,0.825073497067
302,0.339489497031
303,0.830936318427
304,0.756641446632
305,0.918850227704
306,0.20657162851
307,0.372486705895
308,0.52347958489
309,0.20145913379
310,0.899643878498
311,0.471694617632
312,0.902910647571
313,0.848261334896
314,0.29171722329
315,0.55369218088
316,0.889030083691
317,0.247835817378
318,0.690452626426
319,0.764053636527
320,0.86277220758
321,0.893092651947
322,0.263328146346
323,0.134454839697
324,0.508156982871
325,0.378286667756
326,0.625271895234
327,0.704802125396
328,0.83599977862
329,0.325985686652
330,0.795073918215
331,0.298921799597
332,0.718644715383
333,0.78712004724
334,0.73137331065
335,0.105427987862
336,0.91281542917
337,0.804944608726
338,0.335334570559
339,0.646884064886
340,0.745814891753
341,0.566674603175
342,0.395588040201
343,0.801506782259
344,0.178312726562
345,0.732678461457
346,0.402870173305
347,0.925119555689
348,0.663622795542
349,0.162444395184
350,0.908452889023
351,0.170620424113
352,0.665036358483
353,0.223969117087
354,0.722458846314
355,0.556779834795
356,0.504738721056
357,0.136142482937
358,0.197056408171
359,0.801816210867
360,0.896531787249
361,0.316683418907
362,0.331290204678
363,0.631197668852
364,0.665901670737
365,0.685344590813
366,0.885809176526
367,0.253275556055
368,0.810055719837
369,0.296766929743
370,0.64753462263
371,0.843724520079
372,0.299904858733
373,0.603923227186
374,0.852405352213
375,0.508201807112
376,0.139778626369
377,0.771297232912
378,0.573783589985
379,0.316147622834
380,0.604199565866
381,0.147686842216
382,0.163199593701
383,0.63232888426
384,0.171833213774
385,0.330588199106
386,0.738178117459
387,0.214442065992
388,0.859795462103
389,0.597241164962
390,0.927965321035
391,0.683843598192
392,0.875432334309
393,0.564898941582
394,0.25024456956
395,0.317055396115
396,0.321088180812
397,0.192063395012
398,0.713781019193
399,0.74472352253
400,0.274444028988
401,0.882077314238
402,0.857789690097
403,0.621085558931
404,0.887528252189
405,0.305012380564
406,0.899473301157
407,0.404931630032
408,0.408663378085
409,0.787253768608
410,0.139944395184
411,0.909500488377
412,0.884209104017
413,0.794917803919
414,0.113127755941
415,0.896553912908
416,0.466743058123
417,0.467483082707
418,0.793953263044
419,0.552061775248
420,0.857048173549
421,0.433836358982
422,0.480410580323
423,0.819311869022
424,0.618266945446
425,0.656090157427
426,0.86186200667
427,0.883620531837
428,0.837198750527
429,0.815836088144
430,0.911482076143
431,0.749243215811
432,0.423276268629
433,0.387182241029
434,0.372267447342
435,0.597972961263
436,0.79155153955
437,0.649975657467
438,0.15959028693
439,0.916004462359
440,0.783137677343
441,0.492394358671
442,0.789552482748
443,0.861427408588
444,0.174303145195
445,0.196434982413
446,0.927421656276
447,0.225039765201
448,0.359071283535
449,0.511033453732
450,0.316866756564
451,0.258780732039
452,0.248851345328
453,0.271952288749
454,0.148420933188
455,0.857048173549
456,0.457750679672
457,0.884947263824
458,0.748184078512
459,0.325598012527
460,0.752129812097
461,0.435334220203
462,0.75045580505
463,0.671692383506
464,0.521420840127
465,0.639204034482
466,0.412072210441
467,0.227028525526
468,0.172969481862
469,0.852581340072
470,0.662754503561
471,0.515785823176
472,0.613240272581
473,0.534811399014
474,0.638682121972
475,0.861337775998
476,0.879332763467
477,0.890504442665
478,0.546257401121
479,0.848540936031
480,0.261026881389
481,0.752293739864
482,0.312174774633
483,0.117140127556
484,0.71934349626
485,0.457351551533
486,0.182606964454
487,0.279073168486
488,0.181719907617
489,0.869024766404
490,0.612299350758
491,0.407361271815
492,0.653886991875
493,0.907452500522
494,0.862450710467
495,0.49390892498
496,0.90577833228
497,0.532927257027
498,0.727392280318
499,0.127788077482
500,0.26109772214
501,0.399081567099
502,0.251743591001
503,0.17634855585
504,0.401474308597
505,0.889107119935
506,0.825884507492
507,0.832471916473
508,0.18083848259
509,0.597567255046
510,0.84463487106
511,0.412233082707
512,0.801826453987
513,0.614191750379
514,0.417848152674
515,0.34157304902
516,0.837306251967
517,0.859946594081
518,0.427514644649
519,0.392571635959
520,0.13098645717
521,0.353583648564
522,0.109323315646
523,0.304063749585
524,0.492592478096
525,0.729223384921
526,0.192454193704
527,0.46780638179
528,0.598323463573
529,0.309116495562
530,0.748363336822
531,0.831508402863
532,0.553389062076
533,0.889070479587
534,0.323821501489
535,0.406400929304
536,0.829260371395
537,0.895359074235
538,0.364260398379
539,0.887919685936
540,0.247172773899
541,0.686866216104
542,0.310015766408
543,0.284673762279
544,0.678097744361
545,0.692830417985
546,0.189524146315
547,0.295979779211
548,0.549514454843
549,0.368538544154
550,0.549716816278
551,0.298771188385
552,0.181961113846
553,0.383463978622
554,0.180424146925
555,0.817094675236
556,0.707411638335
557,0.112545264739
558,0.845460907769
559,0.285350460728
560,0.394586978811
561,0.626000686314
562,0.360741764839
563,0.823191162505
564,0.139650376578
565,0.869005418813
566,0.809996302131
567,0.393894380103
568,0.609889770723
569,0.899820091174
570,0.876752325606
571,0.887919685936
572,0.538738607883
573,0.228169819731
574,0.483946166736
575,0.209881435865
576,0.557975023343
577,0.8103396075
578,0.269346063852
579,0.174197372457
580,0.244488765916
581,0.609988029265
582,0.870431779308
583,0.802566160198
584,0.31030859641
585,0.654830360137
586,0.831056145864
587,0.861840958364
588,0.592823197137
589,0.357992640412
590,0.831547840549
591,0.851938847509
592,0.800211084492
593,0.48922758147
594,0.269544984421
595,0.236484767118
596,0.159125361696
597,0.267970507885
598,0.689025076844
599,0.840708160516
600,0.62949387108
601,0.360914626462
602,0.820847912942
603,0.863250895559
604,0.779714665459
605,0.768837945785
606,0.541239362558
607,0.426940277425
608,0.84318165651
609,0.235018500251
610,0.567126713051
611,0.882085639246
612,0.410353431232
613,0.846286001423
614,0.869196303198
615,0.795559702057
616,0.437773543708
617,0.575767591966
618,0.685866923319
619,0.64130778707
620,0.288914100206
621,0.80508106558
622,0.580701336675
623,0.871875368399
624,0.509427700462
625,0.81374925341
626,0.45198719276
627,0.710568860007
628,0.715908954105
629,0.538748288087
630,0.28683918832
631,0.737837191615
632,0.173011421658
633,0.452988512871
634,0.662699808791
635,0.475644352053
636,0.545482908996
637,0.75252936015
638,0.321502475678
639,0.187926190464
640,0.800932429711
641,0.675032667
642,0.261374665497
643,0.318216038643
644,0.436274581248
645,0.475574352548
646,0.823632853856
647,0.927644808215
648,0.216464966885
649,0.728674287686
650,0.694414396061
651,0.49663619286
652,0.713396079856
653,0.601894660895
654,0.421554780345
655,0.742198950793
656,0.917951959306
657,0.413682132664
658,0.612572581739
659,0.868427663235
660,0.30479067683
661,0.865467812628
662,0.518412581446
663,0.439377030539
664,0.691882040397
665,0.274004216535
666,0.205581028049
667,0.587508471815
668,0.361075444259
669,0.490255280386
670,0.397954934272
671,0.750548209356
672,0.860323267631
673,0.835604857386
674,0.793547303559
675,0.900064882226
676,0.368789661144
677,0.369933468165
678,0.709643493761
679,0.598714716012
680,0.163916686169
681,0.927965321035
682,0.848024549731
683,0.33970915638
684,0.353211671356
685,0.258691724936
686,0.636344070884
687,0.840517693521
688,0.872407666614
689,0.837805434587
690,0.680854378516
691,0.775877011826
692,0.199491063447
693,0.79236638303
694,0.84969966055
695,0.773757891247
696,0.579589849013
697,0.639558270677
698,0.58411573076
699,0.575908369408
700,0.176935275582
701,0.723643606074
702,0.0958210784314
703,0.203379482575
704,0.708581874416
705,0.393745439551
706,0.547136201921
707,0.924896403751
708,0.8474397296
709,0.118851080102
710,0.81853351655
711,0.88870957087
712,0.0804279878618
713,0.876655236316
714,0.532436043065
715,0.796375833212
716,0.16522296997
717,0.816597271405
718,0.238309782114
719,0.647200320014
720,0.672130716201
721,0.49799159862
722,0.248466461717
723,0.139851374643
724,0.914349760851
725,0.19583848259
726,0.280667737798
727,0.773924026349
728,0.583810773185
729,0.45640725092
730,0.799357773992
731,0.853401268062
732,0.67276243106
733,0.762157956266
734,0.653834490973
735,0.812673192663
736,0.115102043092
737,0.77114879343
738,0.430515156652
739,0.864312428518
740,0.592264705882
741,0.791158634153
742,0.420652398637
743,0.368237671106
744,0.927644808215
745,0.803390647985
746,0.562089893852
747,0.173998447625
748,0.326674231876
749,0.171257131242
750,0.175530748717
751,0.51902672824
752,0.856059684914
753,0.832956362091
754,0.906321997039
755,0.371413135664
756,0.659331453181
757,0.783726742536
758,0.77153275098
759,0.842332770474
760,0.300563264458
761,0.177269342076
762,0.586023793095
763,0.625030334788
764,0.346939485215
765,0.782409164668
766,0.698253686181
767,0.294110990555
768,0.67746359604
769,0.223972440115
770,0.306813301595
771,0.584231196862
772,0.291303829733
773,0.551592432167
774,0.910754989609
775,0.380556028354
776,0.875507386335
777,0.156418238964
778,0.325088029653
779,0.627395159326
780,0.476325676116
781,0.92544006851
782,0.804975247595
783,0.389428263056
784,0.819908891263
785,0.183130495762
786,0.530809471802
787,0.673928423209
788,0.24576396437
789,0.295482091731
790,0.80825921231
791,0.460236638271
792,0.254547805676
793,0.313528103285
794,0.88200932667
795,0.658592852213
796,0.897012940083
797,0.461580900508
798,0.808325832183
799,0.360117424538
800,0.468293720285
801,0.50682516065
802,0.15453669546
803,0.31086708576
804,0.791826453987
805,0.866640719804
806,0.742174132452
807,0.405633498322
808,0.228840194374
809,0.401631738156
810,0.700834038405
811,0.555312319013
812,0.638412943655
813,0.826378566499
814,0.730070082771
815,0.388153363016
816,0.327364035088
817,0.329208947542
818,0.739521858646
819,0.454103725776
820,0.849015899866
821,0.833182443676
822,0.866480166288
823,0.481911709093
824,0.825986977801
825,0.41156068399
826,0.57756310422
827,0.220898658522
828,0.526262138708
829,0.837854070162
830,0.328056089715
831,0.831200446008
832,0.813119293092
833,0.841438786099
834,0.251397810596
835,0.156415791086
836,0.826224033532
837,0.448891985398
838,0.150902711839
839,0.692736732603
840,0.568698645867
841,0.858324760156
842,0.783710368683
843,0.769028963057
844,0.476574571203
845,0.695099257094
846,0.18145582784
847,0.450129802808
848,0.65876163273
849,0.131963935574
850,0.171438121882
851,0.272003884421
852,0.788207406368
853,0.260261555855
854,0.442607028936
855,0.354068286074
856,0.736952213761
857,0.333445442863
858,0.60280937559
859,0.160355590482
860,0.276231812378
861,0.339795052587
862,0.411599614154
863,0.509112310071
864,0.489604997264
865,0.228938830162
866,0.871502257477
867,0.894815409476
868,0.333009079575
869,0.326107882539
870,0.157917869813
871,0.906928183354
872,0.378361551821
873,0.770332111833
874,0.396276477484
875,0.624639681306
876,0.340314060921
877,0.21325329271
878,0.319901854149
879,0.472439100201
880,0.682166934155
881,0.424531784005
882,0.878120512144
883,0.506898428732
884,0.179018608915
885,0.435212154222
886,0.776728382677
887,0.810238638638
888,0.42713570641
889,0.75749458762
890,0.515709552474
891,0.326654822721
892,0.766340362147
893,0.596682036835
894,0.285466981012
895,0.366114652467
896,0.401994548866
897,0.507933249993
898,0.791027419815
899,0.195025351533
900,0.847295462103
901,0.370886895845
902,0.332869592149
903,0.538995937043
904,0.194569622075
905,0.764048162447
906,0.786266126538
907,0.592366747668
908,0.927965321035
909,0.646855461119
910,0.454340387258
911,0.883398215559
912,0.343434006581
913,0.500655312897
914,0.427678546748
915,0.411079795681
916,0.441639330519
917,0.438671193855
918,0.644076792076
919,0.577602756892
920,0.717331652216
921,0.415518334887
922,0.609973752672
923,0.176098638419
924,0.397671748609
925,0.327479536127
926,0.394275784734
927,0.251365262242
928,0.907859074235
929,0.432821376309
930,0.338776992896
931,0.288356240503
932,0.908452889023
933,0.86204900921
934,0.89357335995
935,0.472937382953
936,0.847737017727
937,0.630484297874
938,0.301046216327
939,0.820702855363
940,0.538138474762
941,0.720388617813
942,0.590019353808
943,0.900385395046
944,0.311710378276
945,0.736447436875
946,0.249982827277
947,0.847748982886
948,0.608972535359
949,0.837720167638
950,0.216537582932
951,0.774323231712
952,0.611642168356
953,0.235251950834
954,0.279192692171
955,0.539280687789
956,0.601464910262
957,0.430666178963
958,0.625172034611
959,0.927965321035
960,0.585067787863
961,0.383679355026
962,0.882501931378
963,0.858839290545
964,0.62775951888
965,0.175569395184
966,0.894399123253
967,0.361896347367
968,0.287176912809
969,0.927965321035
970,0.720330451021
971,0.885412276766
972,0.317588672769
973,0.196872779176
974,0.311302000625
975,0.381930896264
976,0.882426961428
977,0.332378174968
978,0.770356620824
979,0.457562132228
980,0.171005998793
981,0.91661000968
982,0.619923044301
983,0.919393892464
984,0.927965321035
985,0.455931410543
986,0.872907081783
987,0.442265791926
988,0.53579601433
989,0.813193611357
990,0.331025770999
991,0.180930458504
992,0.106963935574
993,0.615438505685
994,0.849450965115
995,0.381320083883
996,0.233826385388
997,0.116244900235
998,0.715717042422
999,0.454983310939
1000,0.261949429723
1001,0.332587651789
1002,0.213877125745
1003,0.692892512924
1004,0.817969644578
1005,0.763472985294
1006,0.366840459516
1007,0.338675302922
1008,0.38529679803
1009,0.718817998412
1010,0.205367012669
1011,0.872273817081
1012,0.563857678164
1013,0.359447171007
1014,0.818838535473
1015,0.61458079826
1016,0.828744657198
1017,0.47670572264
1018,0.523196965114
1019,0.317333648564
1020,0.797299981259
1021,0.459509680792
1022,0.853211768019
1023,0.170622779176
1024,0.209504720026
1025,0.384682241029
1026,0.129695625447
1027,0.187089003027
1028,0.783728482605
1029,0.534538576042
1030,0.620854475933
1031,0.7475361022
1032,0.704540368854
1033,0.271709483238
1034,0.235789408932
1035,0.421575714571
1036,0.486068289019
1037,0.470678632905
1038,0.875595259619
1039,0.126199651366
1040,0.840575286854
1041,0.460548617127
1042,0.810339521003
1043,0.42416390115
1044,0.834925457942
1045,0.927101143455
1046,0.347366350103
1047,0.227570581783
1048,0.343928781167
1049,0.855334215851
1050,0.307702160396
1051,0.51485427081
1052,0.362882081044
1053,0.31050496674
1054,0.218785778105
1055,0.842721273238
1056,0.350266223218
1057,0.683787819386
1058,0.444683068013
1059,0.792300930982
1060,0.610596119929
1061,0.522933534313
1062,0.745710083642
1063,0.445529097037
1064,0.610546875202
1065,0.720677169998
1066,0.755635977797
1067,0.787255394827
1068,0.164461503076
1069,0.838145135306
1070,0.449682881425
1071,0.469523428165
1072,0.25137087507
1073,0.397379285665
1074,0.455777486879
1075,0.4266708025
1076,0.813646567675
1077,0.879357811518
1078,0.441042779049
1079,0.64624022065
1080,0.252402662297
1081,0.596381109229
1082,0.378317612443
1083,0.286045989024
1084,0.163144888583
1085,0.72034251208
1086,0.30604479657
1087,0.636539215686
1088,0.632039951143
1089,0.817969644578
1090,0.131654411765
1091,0.862854825234
1092,0.510940579563
1093,0.426282618679
1094,0.870545199399
1095,0.831884810663
1096,0.893447455658
1097,0.189535493729
1098,0.381776536086
1099,0.419885788435
1100,0.219854568211
1101,0.571444805195
1102,0.830103764911
1103,0.695527886668
1104,0.322635246142
1105,0.909179975556
1106,0.811572310663
1107,0.84900729989
1108,0.626149867123
1109,0.78056937773
1110,0.721439232267
1111,0.620608956438
1112,0.452088732284
1113,0.683003745433
1114,0.24758415909
1115,0.39833920683
1116,0.927965321035
1117,0.842085043866
1118,0.605362732539
1119,0.17387159068
1120,0.865208037681
1121,0.374618307131
1122,0.704778095524
1123,0.823991873982
1124,0.840971389135
1125,0.389101777189
1126,0.846874698656
1127,0.84984558398
1128,0.750248541083
1129,0.807178205195
1130,0.927421656276
1131,0.869005418813
1132,0.351840668518
1133,0.799149690179
1134,0.577264172001
1135,0.604453325265
1136,0.387717349164
1137,0.847598460789
1138,0.82185741621
1139,0.312849072605
1140,0.220187496867
1141,0.378933526251
1142,0.354838375669
1143,0.53720012465
1144,0.537181495405
1145,0.238498535832
1146,0.212217415618
1147,0.451814486694
1148,0.916324975179
1149,0.561985110173
1150,0.403085995858
1151,0.866674033308
1152,0.828940489075
1153,0.425933052328
1154,0.851221185503
1155,0.843879915661
1156,0.645554811709
1157,0.81960193341
1158,0.580122489194
1159,0.288252318407
1160,0.823083721247
1161,0.279975447079
1162,0.403572196484
1163,0.210195811322
1164,0.789165512417
1165,0.69788660911
1166,0.793252497107
1167,0.35023186017
1168,0.567801696192
1169,0.264668391589
1170,0.927421656276
1171,0.637539491211
1172,0.821081923424
1173,0.867966144467
1174,0.721735709356
1175,0.681925555536
1176,0.841705881742
1177,0.67766476295
1178,0.86178011735
1179,0.42295941389
1180,0.222457709686
1181,0.883941044658
1182,0.347085252725
1183,0.449637440828
1184,0.231089369038
1185,0.346882720882
1186,0.843199694028
1187,0.132155533719
1188,0.192654191761
1189,0.820605190885
1190,0.529531070323
1191,0.644173976608
1192,0.069285130719
1193,0.128321960266
1194,0.341670534505
1195,0.903454312331
1196,0.273383445885
1197,0.860285463329
1198,0.908179587056
1199,0.190619326746
1200,0.84663279144
1201,0.26003719688
1202,0.855865079791
1203,0.472288014767
1204,0.751852545564
1205,0.755343078079
1206,0.466519237919
1207,0.246329426011
1208,0.768021376733
1209,0.904586352603
1210,0.259576539893
1211,0.631098385787
1212,0.347110243647
1213,0.134216882337
1214,0.230551252798
1215,0.50072454393
1216,0.38674127861
1217,0.917182272055
1218,0.772869532107
1219,0.871439867916
1220,0.503934203806
1221,0.804263336715
1222,0.434586930289
1223,0.834910607248
1224,0.781733906042
1225,0.88973374202
1226,0.893278539443
1227,0.758802688865
1228,0.290179323201
1229,0.405999609271
1230,0.757571153444
1231,0.776837086561
1232,0.145295537869
1233,0.211093987312
1234,0.883668460358
1235,0.544929672589
1236,0.843482631459
1237,0.652164201677
1238,0.687234594998
1239,0.449500103373
1240,0.732455047434
1241,0.674110388241
1242,0.375936225879
1243,0.854398921713
1244,0.588988636167
1245,0.264665114292
1246,0.805651754758
1247,0.395428617841
1248,0.763441439774
1249,0.135970438768
1250,0.24420821389
1251,0.426099154876
1252,0.278836155499
1253,0.882804293235
1254,0.875080728476
1255,0.188513773409
1256,0.713359361565
1257,0.127402057223
1258,0.658990823216
1259,0.920194172435
1260,0.879977700723
1261,0.700475485504
1262,0.673840108284
1263,0.153732594651
1264,0.772804716391
1265,0.770954559036
1266,0.566714462688
1267,0.82057674172
1268,0.876961706022
1269,0.706413703361
1270,0.810344215165
1271,0.492026185274
1272,0.914139164225
1273,0.224736436618
1274,0.787883939407
1275,0.162774003824
1276,0.592464239665
1277,0.547324662372
1278,0.730729753202
1279,0.20462898734
1280,0.761642859729
1281,0.753820713427
1282,0.836998892711
1283,0.252610981049
1284,0.704398090708
1285,0.374658024389
1286,0.227887001372
1287,0.399993574641
1288,0.243538022082
1289,0.24285789463
1290,0.310152413106
1291,0.848541420069
1292,0.474632321707
1293,0.41806895249
1294,0.573064080757
1295,0.134216882337
1296,0.299450613669
1297,0.366017992659
1298,0.789090065551
1299,0.456029208451
1300,0.255036499917
1301,0.813000466238
1302,0.764953204556
1303,0.495606680224
1304,0.276409954349
1305,0.44711952986
1306,0.262809198077
1307,0.49239610703
1308,0.910539000021
1309,0.232991155992
1310,0.276044588045
1311,0.620385715947
1312,0.774039340907
1313,0.887462280445
1314,0.517580794377
1315,0.40058007234
1316,0.118557630562
1317,0.910539000021
1318,0.800611621945
1319,0.332944938243
1320,0.201447262669
1321,0.391035736863
1322,0.719241952594
1323,0.405792702555
1324,0.601607248038
1325,0.693846134203
1326,0.857187417208
1327,0.801018155126
1328,0.506699894547
1329,0.659952857571
1330,0.927090724159
1331,0.881371433478
1332,0.308382895846
1333,0.796423423276
1334,0.114643268869
1335,0.927090724159
1336,0.0956833239225
1337,0.797021145593
1338,0.257788111725
1339,0.924078823779
1340,0.464509324027
1341,0.247864205765
1342,0.205242840582
1343,0.41803750428
1344,0.907392780134
1345,0.788122285685
1346,0.833752851455
1347,0.334035476484
1348,0.422257583235
1349,0.636491259818
1350,0.431862382384
1351,0.762254384492
1352,0.908606021755
1353,0.375839849372
1354,0.847033712769
1355,0.894012548747
1356,0.891375655093
1357,0.0503543195935
1358,0.814392809282
1359,0.303189154831
1360,0.157331249339
1361,0.59406572127
1362,0.369935031171
1363,0.654784898203
1364,0.721929147153
1365,0.372532029803
1366,0.112245518761
1367,0.319241694626
1368,0.512777016023
1369,0.61358397647
1370,0.307516119574
1371,0.716957727839
1372,0.906143807257
1373,0.221210678987
1374,0.282711542266
1375,0.594156450171
1376,0.543861081186
1377,0.20992883092
1378,0.752134942778
1379,0.599386278778
1380,0.822866279843
1381,0.717571931321
1382,0.36871775097
1383,0.267958956804
1384,0.817431724073
1385,0.266198703626
1386,0.0875309568387
1387,0.223428889046
1388,0.857608346975
1389,0.600787607454
1390,0.43275963613
1391,0.89668395847
1392,0.734457885716
1393,0.0954479820584
1394,0.317281414256
1395,0.232082432149
1396,0.917343349876
1397,0.85568575033
1398,0.221662588754
1399,0.789543477554
1400,0.875145405851
1401,0.5163106556
1402,0.879234688358
1403,0.208273510481
1404,0.203403148454
1405,0.442838882941
1406,0.172839051134
1407,0.818544924821
1408,0.189251827638
1409,0.531049034651
1410,0.906970820292
1411,0.219152549316
1412,0.249740873666
1413,0.907932267673
1414,0.438831810488
1415,0.713398259487
1416,0.178343945682
1417,0.125641916055
1418,0.710134583713
1419,0.332669733939
1420,0.818690467709
1421,0.86131666193
1422,0.879077911574
1423,0.433457829795
1424,0.528343114632
1425,0.198767196543
1426,0.656267120631
1427,0.546527559633
1428,0.4808672645
1429,0.704472150485
1430,0.199618089814
1431,0.13795372923
1432,0.766897240353
1433,0.856336654152
1434,0.708801702323
1435,0.910446798152
1436,0.801064839047
1437,0.819921261839
1438,0.84589249268
1439,0.602893967278
1440,0.697466684489
1441,0.910680658922
1442,0.511796428448
1443,0.350574154165
1444,0.553302899667
1445,0.482719835322
1446,0.798557496701
1447,0.307222545343
1448,0.457016465391
1449,0.218447621308
1450,0.132593815392
1451,0.707208114499
1452,0.592460779598
1453,0.460343263658
1454,0.563516610824
1455,0.88864719571
1456,0.691767227752
1457,0.070064464521
1458,0.459857623858
1459,0.90873797243
1460,0.373721379224
1461,0.471447876065
1462,0.485030298024
1463,0.311072094568
1464,0.118027009223
1465,0.927090724159
1466,0.348048565727
1467,0.3323571425
1468,0.899830178358
1469,0.375413956725
1470,0.897457306779
1471,0.732390348805
1472,0.702844716296
1473,0.737368730035
1474,0.56635023918
1475,0.848578082974
1476,0.118803030303
1477,0.247282549878
1478,0.795878299854
1479,0.196315522348
1480,0.508347486565
1481,0.100637293653
1482,0.545792609062
1483,0.41114089604
1484,0.489331073705
1485,0.456566963632
1486,0.839767630329
1487,0.348922500294
1488,0.697560326504
1489,0.327294589487
1490,0.547117671798
1491,0.315931777927
1492,0.319802408916
1493,0.910680658922
1494,0.132706887103
1495,0.826048362692
1496,0.674643991984
1497,0.836099138216
1498,0.901433491623
1499,0.382764968023
1500,0.806395203546
1501,0.330282739677
1502,0.517658782161
1503,0.903365767646
1504,0.737270711559
1505,0.756586621439
1506,0.634051785574
1507,0.165116971997
1508,0.347760447923
1509,0.636780519109
1510,0.673168423065
1511,0.205206119939
1512,0.0533977978543
1513,0.172718268621
1514,0.177075981084
1515,0.452970792564
1516,0.381204290987
1517,0.342129215152
1518,0.146530676936
1519,0.150776986387
1520,0.552395152888
1521,0.131946682142
1522,0.385169848587
1523,0.430943283137
1524,0.610623524507
1525,0.414859503832
1526,0.814486650213
1527,0.797736273565
1528,0.715303727405
1529,0.230114908916
1530,0.619311594203
1531,0.436348188937
1532,0.718733525
1533,0.452687564252
1534,0.917577210646
1535,0.844176426123
1536,0.807842595438
1537,0.231230173383
1538,0.627025716641
1539,0.800727910638
1540,0.211698311439
1541,0.860255603407
1542,0.796768059661
1543,0.705051993166
1544,0.914565310265
1545,0.47007317449
1546,0.213868498786
1547,0.319719303543
1548,0.239186800995
1549,0.716814371792
1550,0.859453005658
1551,0.747525969258
1552,0.197741688774
1553,0.262102869023
1554,0.870446798152
1555,0.430525493025
1556,0.864050884998
1557,0.582055466273
1558,0.234779826226
1559,0.450606948379
1560,0.718629778607
1561,0.55476344506
1562,0.238721318508
1563,0.597183842136
1564,0.417970909927
1565,0.567873831918
1566,0.850809078573
1567,0.438137347206
1568,0.850770974087
1569,0.882103941557
1570,0.177578585588
1571,0.724700051735
1572,0.273001857752
1573,0.832793893269
1574,0.586450853172
1575,0.881279231609
1576,0.905315305884
1577,0.408838373697
1578,0.346221238001
1579,0.648584865097
1580,0.431926223457
1581,0.452542506869
1582,0.920194172435
1583,0.614216490409
1584,0.897117452858
1585,0.907434897772
1586,0.920194172435
1587,0.903580510194
1588,0.416461163524
1589,0.927090724159
1590,0.637196759975
1591,0.804649604738
1592,0.574240343828
1593,0.457678583985
1594,0.754584946217
1595,0.790802103219
1596,0.65563320403
1597,0.391909080768
1598,0.235376485862
1599,0.719822383539
1600,0.620925061649
1601,0.360045333006
1602,0.36649063889
1603,0.238787390516
1604,0.368838957916
1605,0.571999237963
1606,0.422428582745
1607,0.110932189389
1608,0.185463250518
1609,0.151278445908
1610,0.272814203884
1611,0.0646372936526
1612,0.736890506346
1613,0.427498947811
1614,0.0998857408576
1615,0.806212124109
1616,0.268767829968
1617,0.224881913134
1618,0.372877422216
1619,0.633091169078
1620,0.617941674127
1621,0.872601124549
1622,0.342501071364
1623,0.611375618523
1624,0.738640403059
1625,0.630088252668
1626,0.907932267673
1627,0.165129964239
1628,0.588743167373
1629,0.495545767919
1630,0.927090724159
1631,0.207763528831
1632,0.847536339115
1633,0.77339555247
1634,0.707108123783
1635,0.419611184194
1636,0.860743566444
1637,0.770055028296
1638,0.0708220402786
1639,0.598230851589
1640,0.792203315188
1641,0.223924164777
1642,0.762910378986
1643,0.412913119808
1644,0.917577210646
1645,0.312041668666
1646,0.861808231673
1647,0.520686337419
1648,0.391151538406
1649,0.260075250844
1650,0.875505262075
1651,0.917577210646
1652,0.383970931668
1653,0.914565310265
1654,0.533876132636
1655,0.90873797243
1656,0.466327092263
1657,0.693270947639
1658,0.0818422625967
1659,0.585093995058
1660,0.465097965831
1661,0.302584116266
1662,0.257702220596
1663,0.27566589455
1664,0.598731456015
1665,0.653186200052
1666,0.30089863775
1667,0.471226498944
1668,0.846841549597
1669,0.578418011241
1670,0.302695122529
1671,0.765935345638
1672,0.127789702838
1673,0.617708872787
1674,0.881644650834
1675,0.242977025419
1676,0.341253820143
1677,0.920194172435
1678,0.401813080529
1679,0.793573427512
1680,0.736774642378
1681,0.78406826305
1682,0.845098790161
1683,0.855337998997
1684,0.927090724159
1685,0.347854964062
1686,0.845642217366
1687,0.177113012893
1688,0.573511789006
1689,0.150936177941
1690,0.855609643004
1691,0.278548545842
1692,0.570725667855
1693,0.8699376795
1694,0.883866655378
1695,0.428504551726
1696,0.136367954296
1697,0.193214615095
1698,0.147742831432
1699,0.247405425415
1700,0.416414661727
1701,0.738304395188
1702,0.827826914765
1703,0.814868182511
1704,0.508133262504
1705,0.27434732495
1706,0.917577210646
1707,0.275835373808
1708,0.927090724159
1709,0.172087430987
1710,0.203127589574
1711,0.879204105526
1712,0.569861964797
1713,0.910539000021
1714,0.40037140894
1715,0.265135560567
1716,0.634031626809
1717,0.818189872298
1718,0.442058241947
1719,0.403716468735
1720,0.164913901103
1721,0.492129438137
1722,0.910680658922
1723,0.345011689315
1724,0.181690135738
1725,0.468918678762
1726,0.651704741289
1727,0.910680658922
1728,0.547868374283
1729,0.110450958249
1730,0.799451965356
1731,0.243268336921
1732,0.650813182666
1733,0.26932336091
1734,0.204385944895
1735,0.741600544898
1736,0.888541202558
1737,0.863467962173
1738,0.516261344478
1739,0.883984809634
1740,0.547438561439
1741,0.927090724159
1742,0.615480274288
1743,0.253753827867
1744,0.170961813521
1745,0.495503681939
1746,0.343937462374
1747,0.67769329074
1748,0.630217773316
1749,0.286888505106
1750,0.509244633492
1751,0.198698499657
1752,0.876908435471
1753,0.287520409844
1754,0.632392164141
1755,0.737140512123
1756,0.215738872328
1757,0.302293845016
1758,0.493880597663
1759,0.853664015485
1760,0.533014080337
1761,0.758880225652
1762,0.875805310201
1763,0.651208104819
1764,0.663065928506
1765,0.314123170996
1766,0.714131446604
1767,0.778600783377
1768,0.288351421212
1769,0.472263396209
1770,0.142409362164
1771,0.311090985925
1772,0.56897453456
1773,0.417502791798
1774,0.767971923541
1775,0.656954002766
1776,0.512625636081
1777,0.512257116003
1778,0.477884595867
1779,0.770649629485
1780,0.472070109209
1781,0.217621104411
1782,0.202621895992
1783,0.39350115252
1784,0.859830178358
1785,0.695629034222
1786,0.36395848373
1787,0.858661996225
1788,0.927090724159
1789,0.84993531037
1790,0.698376314483
1791,0.269596404434
1792,0.670995332002
1793,0.900791625738
1794,0.0956833239225
1795,0.761347355302
1796,0.361192953303
1797,0.732825664746
1798,0.0854019386411
1799,0.823821768475
1800,0.762439658018
1801,0.633340922962
1802,0.445170669525
1803,0.112496318686
1804,0.745265163351
1805,0.418425770067
1806,0.766655583589
1807,0.927090724159
1808,0.296091196418
1809,0.759938346355
1810,0.469197191249
1811,0.337024879396
1812,0.450938114459
1813,0.688497998625
1814,0.121331249339
1815,0.636494248174
1816,0.357755315064
1817,0.859645380828
1818,0.756315693315
1819,0.281338304382
1820,0.858428135455
1821,0.915185962254
1822,0.701879642633
1823,0.419428997788
1824,0.89841875416
1825,0.232788111725
1826,0.117303960319
1827,0.242963662244
1828,0.253220231029
1829,0.263684159138
1830,0.474407931898
1831,0.387906857643
1832,0.169487891395
1833,0.836737796082
1834,0.273723016561
1835,0.927090724159
1836,0.824716482495
1837,0.28721724012
1838,0.546934523118
1839,0.890199646717
1840,0.395416553036
1841,0.247591917919
1842,0.537496885398
1843,0.0844452286844
1844,0.602731386297
1845,0.87355572071
1846,0.637946027875
1847,0.769326702804
1848,0.856197844162
1849,0.190057676925
1850,0.916852628921
1851,0.406104052192
1852,0.551812275597
1853,0.20535805085
1854,0.124065676864
1855,0.811846010971
1856,0.31924708132
1857,0.212607791938
1858,0.622964885708
1859,0.124446817462
1860,0.200683589949
1861,0.641703453183
1862,0.302100203368
1863,0.248764980433
1864,0.24284589555
1865,0.886806676789
1866,0.348958090995
1867,0.800248984601
1868,0.462864151432
1869,0.389445797258
1870,0.0813025597591
1871,0.797518547959
1872,0.221372108373
1873,0.198628480187
1874,0.335390908391
1875,0.641260912883
1876,0.353535426267
1877,0.882030944927
1878,0.723451543412
1879,0.449501613194
1880,0.431241286223
1881,0.609802426648
1882,0.889393888099
1883,0.172944041253
1884,0.538111018983
1885,0.800692344755
1886,0.0782590814982
1887,0.287325035443
1888,0.238434342402
1889,0.333709939606
1890,0.309653087159
1891,0.817279436174
1892,0.246944937568
1893,0.264907726104
1894,0.809356665216
1895,0.488567794524
1896,0.635729731935
1897,0.743166966983
1898,0.805673998746
1899,0.323431517008
1900,0.407462393518
1901,0.796579954306
1902,0.611119085202
1903,0.927090724159
1904,0.888886863834
1905,0.416070001912
1906,0.244332557628
1907,0.916615763265
1908,0.849554954858
1909,0.814703362266
1910,0.297502314402
1911,0.6538680316
1912,0.407822472988
1913,0.388620091982
1914,0.405158905123
1915,0.278310727702
1916,0.558935664092
1917,0.647764704431
1918,0.415865408113
1919,0.217535373833
1920,0.580466486081
1921,0.15092465415
1922,0.685154084153
1923,0.622212211835
1924,0.49239501992
1925,0.894575539707
1926,0.249641899063
1927,0.0996476456195
1928,0.243486512524
1929,0.201261594372
1930,0.896776160339
1931,0.0892043932197
1932,0.406308221373
1933,0.123262364234
1934,0.246559554147
1935,0.0813025597591
1936,0.927090724159
1937,0.114975850024
1938,0.382174595059
1939,0.488595202112
1940,0.16883825121
1941,0.223009806305
1942,0.90937935762
1943,0.39776364368
1944,0.878960472058
1945,0.706242008151
1946,0.137902721849
1947,0.130431748292
1948,0.179809867172
1949,0.327746354867
1950,0.914828819397
1951,0.276652502507
1952,0.411870303848
1953,0.616971731201
1954,0.403365271504
1955,0.460733490598
1956,0.927090724159
1957,0.729283105801
1958,0.85785731073
1959,0.721331223201
1960,0.0925420555574
1961,0.281245371953
1962,0.799063416218
1963,0.890978751512
1964,0.416452398833
1965,0.884492073665
1966,0.38959025573
1967,0.404139151794
1968,0.831385949182
1969,0.626063362073
1970,0.158224204685
1971,0.897591741125
1972,0.744392962364
1973,0.897645405851
1974,0.900472044242
1975,0.230241690363
1976,0.695981645975
1977,0.610852191501
1978,0.86904432076
1979,0.818192921395
1980,0.283678502429
1981,0.927090724159
1982,0.705692048991
1983,0.823353921772
1984,0.801654135128
1985,0.44231471149
1986,0.827281351762
1987,0.920194172435
1988,0.815342540333
1989,0.828710358106
1990,0.86433494432
1991,0.469949757603
1992,0.431465378882
1993,0.640424444591
1994,0.823566546051
1995,0.624178352558
1996,0.350695122529
1997,0.831573835398
1998,0.557414117016
1999,0.517441812764
2000,0.887938131138
2001,0.131684724483
2002,0.722597178626
2003,0.69684048374
2004,0.354457985151
2005,0.319386956097
2006,0.230055756928
2007,0.504646421786
2008,0.597754542629
2009,0.353874797261
2010,0.119110530774
2011,0.738720625574
2012,0.636598334972
2013,0.89841875416
2014,0.844893652697
2015,0.732214100991
2016,0.752108278006
2017,0.860030418194
2018,0.466161741544
2019,0.174463610653
2020,0.785194910684
2021,0.439455878798
2022,0.656166665933
2023,0.333900416583
2024,0.477027848735
2025,0.425298521521
2026,0.889117922135
2027,0.576139465912
2028,0.825529238814
2029,0.514232534241
2030,0.655816542729
2031,0.798285932864
2032,0.855360290631
2033,0.561996714735
2034,0.0782604820584
2035,0.758417036777
2036,0.61122849638
2037,0.206961318758
2038,0.439518373518
2039,0.564720629344
2040,0.201200534067
2041,0.797500112534
2042,0.793350867929
2043,0.392774725913
2044,0.571612738845
2045,0.917343349876
2046,0.835736465942
2047,0.791958507699
2048,0.797973446867
2049,0.662961915601
2050,0.909719211541
2051,0.776976551842
2052,0.837508385136
2053,0.60306266751
2054,0.895167914621
2055,0.0615938153918
2056,0.7631559887
2057,0.646589680457
2058,0.880196314259
2059,0.413709869547
2060,0.155250329381
2061,0.323244312586
2062,0.246306379919
2063,0.188642889904
2064,0.422318680569
2065,0.124314124069
2066,0.115018057816
2067,0.40609962569
2068,0.137462963238
2069,0.570212333238
2070,0.917577210646
2071,0.163222931959
2072,0.126413691168
2073,0.296507321639
2074,0.430688475667
2075,0.719074627536
2076,0.5482691624
2077,0.909976130176
2078,0.518707145143
2079,0.560222619981
2080,0.172946629245
2081,0.389780407731
2082,0.372985899502
2083,0.894012548747
2084,0.26116503063
2085,0.435903308944
2086,0.369060333064
2087,0.896156005477
2088,0.620740275537
2089,0.599390353239
2090,0.688280890837
2091,0.467079180783
2092,0.83078947786
2093,0.66657004975
2094,0.866537032731
2095,0.723286361506
2096,0.147049864057
2097,0.375413468359
2098,0.22380015684
2099,0.695937276185
2100,0.243639520202
2101,0.836513370446
2102,0.805546008764
2103,0.415292838557
2104,0.910539000021
2105,0.471722791471
2106,0.564268437216
2107,0.637241546917
2108,0.714879780516
2109,0.47879243435
2110,0.361552733304
2111,0.365571922595
2112,0.545248172356
2113,0.102269433465
2114,0.527094420776
2115,0.442986312571
2116,0.927090724159
2117,0.253858484599
2118,0.621537012819
2119,0.302145854331
2120,0.285364275879
2121,0.694184940303
2122,0.368005538125
2123,0.732367823779
2124,0.504322652224
2125,0.511528227684
2126,0.496710130182
2127,0.244818782454
2128,0.927090724159
2129,0.0779648974214
2130,0.808392762552
2131,0.923117376398
2132,0.385133645295
2133,0.498342510643
2134,0.0850525597591
2135,0.24128096654
2136,0.61054403167
2137,0.226805543177
2138,0.860949584262
2139,0.247940727924
2140,0.904721370411
2141,0.609226071969
2142,0.700709330082
2143,0.501932629803
2144,0.635980822231
2145,0.48781604215
2146,0.402953262435
2147,0.383289019225
2148,0.869634942778
2149,0.828132273596
2150,0.688046533966
2151,0.635144265527
2152,0.28138161051
2153,0.227725976894
2154,0.43003165417
2155,0.652309959679
2156,0.274729154288
2157,0.143724668019
2158,0.481817078063
2159,0.0871132959112
2160,0.705424943859
2161,0.927090724159
2162,0.302999891598
2163,0.68829572919
2164,0.587765654947
2165,0.13073234353
2166,0.45529688792
2167,0.622647900685
2168,0.557788348081
2169,0.123728202744
2170,0.694277879881
2171,0.90572607205
2172,0.389969035678
2173,0.578699561522
2174,0.451930024423
2175,0.492874517625
2176,0.660117879035
2177,0.910680658922
2178,0.62030079285
2179,0.799852935253
2180,0.248389843327
2181,0.729035535325
2182,0.658157125972
2183,0.398229361676
2184,0.755103109402
2185,0.793644572527
2186,0.824782601558
2187,0.834071048677
2188,0.188065674334
2189,0.883774453509
2190,0.504882766087
2191,0.226467258257
2192,0.259512448637
2193,0.22918320175
2194,0.263064844877
2195,0.14534206598
2196,0.228836850649
2197,0.408125046158
2198,0.640690064436
2199,0.509623363637
2200,0.448048168451
2201,0.756281803301
2202,0.269531447541
2203,0.50129729428
2204,0.139537490589
2205,0.82903362647
2206,0.63422705314
2207,0.508830900196
2208,0.0813025597591
2209,0.870587222409
2210,0.747360479515
2211,0.667162238514
2212,0.308443370728
2213,0.330847621552
2214,0.563602386414
2215,0.14824496265
2216,0.910680658922
2217,0.690687936285
2218,0.636666570096
2219,0.345620616875
2220,0.453040390098
2221,0.728451488973
2222,0.504709774156
2223,0.795093912299
2224,0.304809821169
2225,0.382200152404
2226,0.336777691238
2227,0.249371804307
2228,0.677674762737
2229,0.917343349876
2230,0.642862294622
2231,0.503369529236
2232,0.697118790118
2233,0.782148259404
2234,0.920194172435
2235,0.386422489648
2236,0.383367184434
2237,0.593306568603
2238,0.352869068704
2239,0.365171219179
2240,0.547158351809
2241,0.422411340393
2242,0.917577210646
2243,0.387679276337
2244,0.914828819397
2245,0.726048649324
2246,0.543093188
2247,0.569288146874
2248,0.730067685203
2249,0.232893108876
2250,0.147081628303
2251,0.574964362831
2252,0.783686968213
2253,0.910680658922
2254,0.606489224724
2255,0.126396222224
2256,0.340249326945
2257,0.766895928533
2258,0.58541284524
2259,0.800816521895
2260,0.775069379091
2261,0.78782991105
2262,0.22696464585
2263,0.252160236727
2264,0.79675341886
2265,0.324645329025
2266,0.450054364166
2267,0.768804251036
2268,0.18899172304
2269,0.592891106109
2270,0.559604637885
2271,0.353787294942
2272,0.338920427457
2273,0.882726259547
2274,0.917577210646
2275,0.175288227834
2276,0.417628756644
2277,0.891866313384
2278,0.471787312296
2279,0.125160784867
2280,0.90636745724
2281,0.437607361812
2282,0.427551138805
2283,0.917577210646
2284,0.251367395762
2285,0.40777054853
2286,0.291166390201
2287,0.721801390551
2288,0.860272285255
2289,0.588325013301
2290,0.911043570708
2291,0.508550285141
2292,0.866623371288
2293,0.134684594391
2294,0.263980158925
2295,0.904327215027
2296,0.518921956
2297,0.889825943889
2298,0.536745043089
2299,0.712145917848
2300,0.41645695525
2301,0.362888090409
2302,0.878424617625
2303,0.827918976959
2304,0.849288729626
2305,0.864222117004
2306,0.657535144405
2307,0.893002561036
2308,0.917577210646
2309,0.214567692445
2310,0.60398701976
2311,0.904721370411
2312,0.50714135757
2313,0.698942568267
2314,0.274051922321
2315,0.233585617728
2316,0.308809291008
2317,0.601544764902
2318,0.864050884998
2319,0.910680658922
2320,0.73875139769
2321,0.688938618068
2322,0.84789647891
2323,0.787762841237
2324,0.538100281458
2325,0.429501797397
2326,0.224775348025
2327,0.25928965123
2328,0.770739963842
2329,0.618377253772
2330,0.873647922579
2331,0.761234912187
2332,0.161948903676
2333,0.460741657079
2334,0.223871605959
2335,0.642388117692
2336,0.761339949448
2337,0.476670815655
2338,0.733832167714
2339,0.778802174918
2340,0.558649397976
2341,0.26685533099
2342,0.846904151967
2343,0.762004138856
2344,0.799307999742
2345,0.898013586127
2346,0.806008780617
2347,0.117529962578
2348,0.144467913516
2349,0.420582872315
2350,0.633335033315
2351,0.526857009605
2352,0.252032076804
2353,0.223230636169
2354,0.927090724159
2355,0.14791984353
2356,0.0782590814982
2357,0.927090724159
2358,0.825690169646
2359,0.207150378363
2360,0.707605509887
2361,0.428678904731
2362,0.239689229941
2363,0.264033773292
2364,0.0920285980005
2365,0.347979951266
2366,0.732294490044
2367,0.60737992687
2368,0.282126324334
2369,0.295318734707
2370,0.241929151901
2371,0.76641852602
2372,0.767953334013
2373,0.667387985373
2374,0.61087487781
2375,0.599815401089
2376,0.527106588377
2377,0.87985592847
2378,0.53307800573
2379,0.927090724159
2380,0.901417846312
2381,0.916275909344
2382,0.089018057816
2383,0.813385355376
2384,0.388089883061
2385,0.244012680212
2386,0.917577210646
2387,0.179556495336
2388,0.708560295857
2389,0.917577210646
2390,0.38332114064
2391,0.548335567133
2392,0.182328273148
2393,0.762294336312
2394,0.867823091293
2395,0.339058380211
2396,0.310661382281
2397,0.65570079686
2398,0.328886982821
2399,0.451000426204
2400,0.927090724159
2401,0.917577210646
2402,0.868519233501
2403,0.26563685258
2404,0.196057721449
2405,0.798027490365
2406,0.51706110841
2407,0.185168160644
2408,0.887028786056
2409,0.265729345204
2410,0.333478591642
2411,0.285500547883
2412,0.900933284639
2413,0.685076539775
2414,0.17293298094
2415,0.589677724337
2416,0.871199919761
2417,0.482852908184
2418,0.86703074936
2419,0.371414909337
2420,0.519185716613
2421,0.431927780671
2422,0.788184991678
2423,0.289311953646
2424,0.753500846378
2425,0.844583816639
2426,0.687276122965
2427,0.115863248165
2428,0.659562496753
2429,0.807503568574
2430,0.426103342265
2431,0.499557167253
2432,0.293155798493
2433,0.395633645742
2434,0.699402627746
2435,0.730433582078
2436,0.865300904783
2437,0.475013001647
2438,0.697322240193
2439,0.316433042043
2440,0.511876186954
2441,0.0687366725346
2442,0.897587440087
2443,0.212650338792
2444,0.2714156545
2445,0.927090724159
2446,0.470787371781
2447,0.662664423073
2448,0.685603144076
2449,0.721243935746
2450,0.801865584145
2451,0.495072763879
2452,0.093016505021
2453,0.19155903043
2454,0.877440848298
2455,0.214254917876
2456,0.339612418588
2457,0.775260095474
2458,0.156581561778
2459,0.924615867437
2460,0.892238943821
2461,0.660594455072
2462,0.225935478744
2463,0.817677682604
2464,0.635281287992
2465,0.390096664294
2466,0.797534391737
2467,0.136567480615
2468,0.683553660916
2469,0.325508250377
2470,0.131403339201
2471,0.884622383447
2472,0.8593264388
2473,0.855939541934
2474,0.154560606061
2475,0.377796750602
2476,0.221291583374
2477,0.553253912138
2478,0.840801858677
2479,0.68253856297
2480,0.208578896619
2481,0.448204274201
2482,0.838959684973
2483,0.328446316214
2484,0.798570769966
2485,0.201944076544
2486,0.742059475923
2487,0.645710928966
2488,0.791336787609
2489,0.764004117339
2490,0.0901567741721
2491,0.822670071202
2492,0.569149226211
2493,0.374106373664
2494,0.810093254834
2495,0.204410053686
2496,0.913032256285
2497,0.711964078814
2498,0.748014981799
2499,0.661109385619
2500,0.521207205921
2501,0.262954954651
2502,0.188545062485
2503,0.646188983658
2504,0.697863634969
2505,0.211680528191
2506,0.742828368191
2507,0.441937391685
2508,0.453409999904
2509,0.339797996874
2510,0.760322694107
2511,0.836153536363
2512,0.559260402154
2513,0.625423350425
2514,0.285832996486
2515,0.797115911513
2516,0.914467729136
2517,0.66232993784
2518,0.888347094739
2519,0.61125737476
2520,0.8434107497
2521,0.17899258109
2522,0.13258096885
2523,0.785981426201
2524,0.490856626721
2525,0.597514273613
2526,0.393664893131
2527,0.891666592963
2528,0.884798943402
2529,0.864212074138
2530,0.229877233966
2531,0.628564014352
2532,0.329468114256
2533,0.227196070435
2534,0.917211335576
2535,0.895951072666
2536,0.79145144829
2537,0.206098284867
2538,0.152598132632
2539,0.91198900958
2540,0.296529030032
2541,0.105112083569
2542,0.717139668895
2543,0.806187623853
2544,0.651327425687
2545,0.851186142535
2546,0.627086189411
2547,0.232529289523
2548,0.21738244452
2549,0.509064754003
2550,0.844138665742
2551,0.865076429614
2552,0.443907191741
2553,0.76312778668
2554,0.674035350329
2555,0.681705302689
2556,0.845844488511
2557,0.256981458039
2558,0.0782604820584
2559,0.399652372776
2560,0.811593015607
2561,0.868696922661
2562,0.696958709112
2563,0.423431803942
2564,0.782861422736
2565,0.202110037394
2566,0.295558868325
2567,0.333659251285
2568,0.494722288149
2569,0.876585766493
2570,0.351124098029
2571,0.886911263857
2572,0.831208295411
2573,0.779523559024
2574,0.135314085335
2575,0.875716775451
2576,0.503897185172
2577,0.859856830775
2578,0.36898820277
2579,0.0908693803315
2580,0.185828020518
2581,0.240886327139
2582,0.573011121548
2583,0.487372098509
2584,0.405633214482
2585,0.587202998411
2586,0.85030225792
2587,0.223109203817
2588,0.455740096134
2589,0.743479461399
2590,0.868441314236
2591,0.0748832692204
2592,0.211118772434
2593,0.891800238209
2594,0.314367506555
2595,0.457753668835
2596,0.162432572842
2597,0.0706854082579
2598,0.354806083554
2599,0.564940521737
2600,0.206940664357
2601,0.359475395679
2602,0.738264377824
2603,0.788947002112
2604,0.685370740087
2605,0.201983752392
2606,0.17650861376
2607,0.688410144267
2608,0.422383381558
2609,0.167294833617
2610,0.279952297338
2611,0.61295619248
2612,0.896110442282
2613,0.237355224118
2614,0.820380750616
2615,0.5714688128
2616,0.624120185341
2617,0.559660455453
2618,0.45397577227
2619,0.909088441141
2620,0.494938421281
2621,0.886266285522
2622,0.484539646091
2623,0.793337785591
2624,0.887121470577
2625,0.453675938985
2626,0.144595646452
2627,0.77510984398
2628,0.595459800499
2629,0.178728869138
2630,0.375094829112
2631,0.329763937722
2632,0.192908382394
2633,0.200864638824
2634,0.238844056095
2635,0.850728551336
2636,0.489519791199
2637,0.472574667281
2638,0.82111110694
2639,0.627196562776
2640,0.390428046295
2641,0.115946013938
2642,0.291229002217
2643,0.101575893702
2644,0.421751485141
2645,0.444675907717
2646,0.688545898196
2647,0.10218070328
2648,0.436286720984
2649,0.214080869595
2650,0.16423612305
2651,0.854792995236
2652,0.655119334726
2653,0.112507067791
2654,0.906626356948
2655,0.503155223237
2656,0.889122530457
2657,0.232090678274
2658,0.591187523056
2659,0.845080965894
2660,0.66790229146
2661,0.482767602702
2662,0.259634714678
2663,0.876957158472
2664,0.770095825336
2665,0.794442181824
2666,0.506022447403
2667,0.583427391596
2668,0.916311175145
2669,0.862129380074
2670,0.743797628281
2671,0.214443393119
2672,0.631162952955
2673,0.606625956189
2674,0.696860864547
2675,0.790555185968
2676,0.315403341067
2677,0.63907794358
2678,0.270355824974
2679,0.765285845076
2680,0.192342633604
2681,0.115461811706
2682,0.174418493757
2683,0.257593589691
2684,0.817144583664
2685,0.830236204274
2686,0.248040472567
2687,0.39352959757
2688,0.41575332131
2689,0.597890438221
2690,0.589854663678
2691,0.799809684152
2692,0.325582993362
2693,0.778491484735
2694,0.265165079986
2695,0.70601456735
2696,0.547001956003
2697,0.384818799145
2698,0.135159845569
2699,0.712836748052
2700,0.28275194458
2701,0.833591020024
2702,0.869203940637
2703,0.883249972115
2704,0.0877523642903
2705,0.849765006705
2706,0.751838800859
2707,0.600906978507
2708,0.556651670792
2709,0.215423305267
2710,0.655278630912
2711,0.120130672257
2712,0.903813057715
2713,0.421399519542
2714,0.396212765974
2715,0.564996211565
2716,0.858794622857
2717,0.777760418229
2718,0.304471425239
2719,0.544119491018
2720,0.491923273138
2721,0.676911495852
2722,0.2064180989
2723,0.329076622528
2724,0.396090831592
2725,0.235309902369
2726,0.251419442095
2727,0.772611741915
2728,0.360080324355
2729,0.725856472799
2730,0.881335521364
2731,0.641349322087
2732,0.801183088901
2733,0.740641788932
2734,0.318013241915
2735,0.605938573852
2736,0.289018294726
2737,0.462111541121
2738,0.280433043128
2739,0.27697660229
2740,0.667701965638
2741,0.35213223458
2742,0.848138653223
2743,0.70647605822
2744,0.833870273371
2745,0.128052200892
2746,0.32655087921
2747,0.319927170528
2748,0.824007171947
2749,0.514407148262
2750,0.544642059951
2751,0.753080317688
2752,0.806009366336
2753,0.568066398056
2754,0.726993767819
2755,0.207816807344
2756,0.794761852996
2757,0.400485521596
2758,0.631632524334
2759,0.483906199575
2760,0.563581782159
2761,0.720795769132
2762,0.398566950326
2763,0.695181036822
2764,0.464621921432
2765,0.320589172657
2766,0.730247294861
2767,0.784165347675
2768,0.758044010163
2769,0.893664919414
2770,0.312822252379
2771,0.755566497377
2772,0.514847119545
2773,0.468419131297
2774,0.286073929233
2775,0.126307142845
2776,0.801902900507
2777,0.129419030957
2778,0.276486285075
2779,0.128493178902
2780,0.303274575079
2781,0.657630420076
2782,0.84476589551
2783,0.194642827053
2784,0.10223977802
2785,0.538980759213
2786,0.38818839588
2787,0.313006498812
2788,0.893507415082
2789,0.27025942323
2790,0.829532119867
2791,0.302048842726
2792,0.791595424511
2793,0.525110643501
2794,0.223741997736
2795,0.291686599019
2796,0.597781208277
2797,0.180425196742
2798,0.283143889308
2799,0.816094963072
2800,0.866245184567
2801,0.694393225643
2802,0.749123949771
2803,0.581247067399
2804,0.275076241792
2805,0.196908658814
2806,0.261320909552
2807,0.407722143391
2808,0.854165397779
2809,0.310068606846
2810,0.312045444127
2811,0.508258698251
2812,0.806269947133
2813,0.375523574698
2814,0.342116697183
2815,0.657938422552
2816,0.484699374339
2817,0.84626516382
2818,0.708349149787
2819,0.878816887823
2820,0.445151067875
2821,0.522529562724
2822,0.862728401631
2823,0.367881986424
2824,0.283353562641
2825,0.0747834074809
2826,0.568075478018
2827,0.730668727193
2828,0.648763780035
2829,0.263688701395
2830,0.673927830937
2831,0.490568614863
2832,0.463986842814
2833,0.805519198909
2834,0.49623077114
2835,0.865383816672
2836,0.27860039439
2837,0.0902678846051
2838,0.370785694704
2839,0.890338363332
2840,0.102492854896
2841,0.463836188268
2842,0.173291814391
2843,0.748612518572
2844,0.441370675802
2845,0.799130837481
2846,0.796234963725
2847,0.922294652213
2848,0.872516554312
2849,0.492355004492
2850,0.627940970584
2851,0.4940251502
2852,0.492603904568
2853,0.380041052666
2854,0.413352286231
2855,0.252762304175
2856,0.208598999008
2857,0.127422826885
2858,0.762309285261
2859,0.164740302177
2860,0.710938503289
2861,0.34158218593
2862,0.326561493069
2863,0.363403214881
2864,0.0723677489057
2865,0.218144901125
2866,0.348416822383
2867,0.841128983608
2868,0.914638937565
2869,0.868563228842
2870,0.585748259386
2871,0.399208180225
2872,0.372033018219
2873,0.609296451337
2874,0.612451361461
2875,0.307710205486
2876,0.859673924927
2877,0.142734538978
2878,0.325101124307
2879,0.878446517453
2880,0.246959991554
2881,0.108242560369
2882,0.218435039824
2883,0.600533589306
2884,0.227703332854
2885,0.38269084583
2886,0.898760370267
2887,0.538505551076
2888,0.808085335422
2889,0.404999427855
2890,0.127495825782
2891,0.65140077763
2892,0.383334811163
2893,0.929868822622
2894,0.402426657531
2895,0.886191514299
2896,0.904755877758
2897,0.757727441548
2898,0.244542222928
2899,0.376405878556
2900,0.10600091884
2901,0.889243253539
2902,0.538877252734
2903,0.904731861028
2904,0.391288898133
2905,0.298190246967
2906,0.930435973258
2907,0.611958764166
2908,0.907689921813
2909,0.108965265655
2910,0.513812723609
2911,0.194115089622
2912,0.265184845303
2913,0.625631439335
2914,0.485035744201
2915,0.323644028909
2916,0.264466180174
2917,0.791309039837
2918,0.151300196446
2919,0.105701082239
2920,0.790115173048
2921,0.488099641134
2922,0.372298955706
2923,0.481647870245
2924,0.239450001195
2925,0.323168970981
2926,0.327235021547
2927,0.755061379938
2928,0.340529454304
2929,0.171555379859
2930,0.786577089369
2931,0.380456475259
2932,0.43641564234
2933,0.388408750847
2934,0.346086456896
2935,0.761836538857
2936,0.834801772737
2937,0.565174891123
2938,0.924615867437
2939,0.471830993009
2940,0.571643597593
2941,0.40871402854
2942,0.572081518424
2943,0.227596492742
2944,0.328677354797
2945,0.292475820818
2946,0.807342208503
2947,0.133351478497
2948,0.771593057659
2949,0.303625695967
2950,0.289672585455
2951,0.413328886985
2952,0.69911466447
2953,0.466662616559
2954,0.122002658818
2955,0.57913744681
2956,0.87038885842
2957,0.304331404238
2958,0.373244657558
2959,0.571324607245
2960,0.403474458695
2961,0.814777221703
2962,0.5670666333
2963,0.417269030631
2964,0.404911968642
2965,0.734547973063
2966,0.539893842625
2967,0.765138333021
2968,0.82953235162
2969,0.685342270462
2970,0.89575356368
2971,0.366679067567
2972,0.753545139005
2973,0.780748980801
2974,0.223861782557
2975,0.880870917127
2976,0.292609776741
2977,0.782105491599
2978,0.711245873717
2979,0.758720555515
2980,0.139477478932
2981,0.536370094883
2982,0.25735811492
2983,0.64890979226
2984,0.0748832692204
2985,0.115637769851
2986,0.878870266221
2987,0.36995550497
2988,0.121368004529
2989,0.189932255311
2990,0.128353860017
2991,0.9152060882
2992,0.448282271219
2993,0.439789887311
2994,0.871192453293
2995,0.176008073723
2996,0.498872086696
2997,0.793718814832
2998,0.379982006788
2999,0.777178198452
3000,0.297972718646
3001,0.248112627106
3002,0.434708773196
3003,0.814798599349
3004,0.277498602411
3005,0.822750500795
3006,0.739738914286
3007,0.600671672696
3008,0.253107389558
3009,0.663840882091
3010,0.59774878863
3011,0.884094998407
3012,0.752724513724
3013,0.8365202191
3014,0.289976504895
3015,0.480267466258
3016,0.230659820136
3017,0.357034474733
3018,0.322444316731
3019,0.0434126809851
3020,0.60611077497
3021,0.243304247206
3022,0.815163214094
3023,0.798209736269
3024,0.703248998499
3025,0.879544418337
3026,0.794260399177
3027,0.584433806268
3028,0.540228570008
3029,0.0730256840811
3030,0.9006775107
3031,0.838675066557
3032,0.56251261711
3033,0.835180231296
3034,0.868737565372
3035,0.106253995716
3036,0.217587085945
3037,0.283484043843
3038,0.374818006769
3039,0.881469823641
3040,0.776471057533
3041,0.832441371773
3042,0.651315825322
3043,0.665867004298
3044,0.878007811842
3045,0.446154289988
3046,0.560701734403
3047,0.167552406085
3048,0.408107207921
3049,0.367183027989
3050,0.727071457934
3051,0.853112775594
3052,0.919691625013
3053,0.741585282623
3054,0.711177802873
3055,0.13385830111
3056,0.872645866191
3057,0.284407883966
3058,0.104396410577
3059,0.707493407433
3060,0.723465617185
3061,0.294210193064
3062,0.201523408061
3063,0.43614643388
3064,0.259096984434
3065,0.763178869347
3066,0.579222909379
3067,0.566147911219
3068,0.427729671128
3069,0.415788183414
3070,0.638761971515
3071,0.783054842484
3072,0.91246510565
3073,0.553173517358
3074,0.250829392371
3075,0.691845185612
3076,0.179522626995
3077,0.128493178902
3078,0.565747716207
3079,0.91948135298
3080,0.152549130803
3081,0.700652452013
3082,0.900116046807
3083,0.266897484073
3084,0.767194489073
3085,0.845167546208
3086,0.34714115113
3087,0.114120378671
3088,0.366195656013
3089,0.886264538615
3090,0.855874322312
3091,0.298994327942
3092,0.666058733031
3093,0.644797011597
3094,0.889052220894
3095,0.831428509567
3096,0.882318653965
3097,0.517365520934
3098,0.777001498408
3099,0.29104709271
3100,0.657749904332
3101,0.81817203168
3102,0.833391441951
3103,0.681689156637
3104,0.712905177573
3105,0.568695634878
3106,0.487635467497
3107,0.132064169315
3108,0.40469863814
3109,0.440598661863
3110,0.839453167462
3111,0.88258517655
3112,0.823137653285
3113,0.0660654587629
3114,0.20444978393
3115,0.314049874021
3116,0.391089603711
3117,0.86181875714
3118,0.767551467929
3119,0.700748123703
3120,0.71751823365
3121,0.404464270135
3122,0.346209271951
3123,0.678415662193
3124,0.833365436371
3125,0.580058449117
3126,0.666793227298
3127,0.720383257206
3128,0.686558730083
3129,0.545738461649
3130,0.908502863897
3131,0.217569049902
3132,0.888347094739
3133,0.264509883848
3134,0.487653898434
3135,0.183919228615
3136,0.337062541314
3137,0.870433728393
3138,0.315209632616
3139,0.213706732476
3140,0.279979857693
3141,0.805308893158
3142,0.892079574205
3143,0.786066679385
3144,0.213360702174
3145,0.264649284935
3146,0.924615867437
3147,0.14312466466
3148,0.264886648428
3149,0.59779035808
3150,0.680475202816
3151,0.784145711477
3152,0.270575721386
3153,0.863887949695
3154,0.319613705958
3155,0.564281441165
3156,0.804798357523
3157,0.885366094037
3158,0.393087407761
3159,0.282706836967
3160,0.14500716831
3161,0.852389036902
3162,0.38596655683
3163,0.40567287598
3164,0.418833424265
3165,0.370670250548
3166,0.157696857173
3167,0.698915144928
3168,0.920130330624
3169,0.900765617643
3170,0.532765905573
3171,0.891392964931
3172,0.895383922031
3173,0.615974650445
3174,0.224597576525
3175,0.394770805988
3176,0.733863846867
3177,0.325417451066
3178,0.173460565339
3179,0.805460097343
3180,0.46312195095
3181,0.725824032341
3182,0.376133647407
3183,0.408132421019
3184,0.551976125326
3185,0.630472107464
3186,0.911496925572
3187,0.355756807743
3188,0.627528502251
3189,0.830717707486
3190,0.812102823297
3191,0.205811223573
3192,0.706514546215
3193,0.792629066285
3194,0.908979365944
3195,0.312890866557
3196,0.67934667812
3197,0.808417356351
3198,0.129965621781
3199,0.205621666055
3200,0.758139978962
3201,0.243106066491
3202,0.825940410059
3203,0.860478512533
3204,0.468194102012
3205,0.183956242384
3206,0.789385962662
3207,0.411878196584
3208,0.816553147577
3209,0.323652384037
3210,0.325227871038
3211,0.682079771826
3212,0.75581217469
3213,0.305740281107
3214,0.517853687979
3215,0.153606662323
3216,0.540057319291
3217,0.40427318832
3218,0.740428173651
3219,0.63371518999
3220,0.823912170078
3221,0.509483942688
3222,0.790345305793
3223,0.773305699615
3224,0.787375028038
3225,0.891666592963
3226,0.615387033618
3227,0.331636358854
3228,0.459430949751
3229,0.777115973199
3230,0.689334068199
3231,0.752793605234
3232,0.608050970047
3233,0.924048716802
3234,0.859201836815
3235,0.3753147517
3236,0.459457031851
3237,0.49788552795
3238,0.867860174757
3239,0.806533669176
3240,0.718279517584
3241,0.90584893428
3242,0.246366263055
3243,0.446657779294
3244,0.817406595713
3245,0.073222321508
3246,0.14909498164
3247,0.262972348782
3248,0.420806555597
3249,0.686632199079
3250,0.416215064629
3251,0.795035698282
3252,0.12644182298
3253,0.377199920104
3254,0.414021956783
3255,0.557746826221
3256,0.541575116396
3257,0.377163195373
3258,0.0969345512717
3259,0.75509357792
3260,0.245119741611
3261,0.804610201235
3262,0.0593987920963
3263,0.848579549262
3264,0.692760883474
3265,0.225099596046
3266,0.870541647966
3267,0.605251015285
3268,0.240944449771
3269,0.823716993142
3270,0.320847845717
3271,0.891974725763
3272,0.490201442569
3273,0.282013744984
3274,0.685083368553
3275,0.808520357517
3276,0.32976448946
3277,0.351509032696
3278,0.907065062559
3279,0.896320714315
3280,0.243134468935
3281,0.664838026938
3282,0.595945637758
3283,0.225323848709
3284,0.5274674986
3285,0.897595867498
3286,0.755209757529
3287,0.218947175131
3288,0.1945499427
3289,0.714569086402
3290,0.691511153916
3291,0.293049646842
3292,0.4848995806
3293,0.878870266221
3294,0.205613706829
3295,0.249250710943
3296,0.274868457696
3297,0.798315979779
3298,0.767629964332
3299,0.229098734163
3300,0.515568930263
3301,0.279787233608
3302,0.12422867148
3303,0.280880007631
3304,0.661107693693
3305,0.362292900734
3306,0.467228692995
3307,0.120557437373
3308,0.110824727143
3309,0.376076028274
3310,0.505544825344
3311,0.848724074323
3312,0.913990255324
3313,0.700133226926
3314,0.691720848358
3315,0.144897120678
3316,0.70479225468
3317,0.508205824067
3318,0.430927803142
3319,0.685082111357
3320,0.159701281145
3321,0.82390773424
3322,0.885966997376
3323,0.285453718297
3324,0.866695627025
3325,0.351072184655
3326,0.805510144237
3327,0.643530280326
3328,0.33199964966
3329,0.775458853415
3330,0.306220705046
3331,0.679101938423
3332,0.643241346204
3333,0.833848906775
3334,0.398771869295
3335,0.347539045163
3336,0.673659038261
3337,0.152861282419
3338,0.537159175314
3339,0.837527446295
3340,0.746576331317
3341,0.714342095535
3342,0.0587972963698
3343,0.909229384148
3344,0.288192576897
3345,0.285583143984
3346,0.586065966132
3347,0.747241009404
3348,0.135996462624
3349,0.331114274094
3350,0.184809877589
3351,0.885131953198
3352,0.877912412316
3353,0.598668057623
3354,0.173598685725
3355,0.721178249869
3356,0.238835114478
3357,0.352375913689
3358,0.907064767156
3359,0.510809659098
3360,0.848546931532
3361,0.895671736671
3362,0.407606192259
3363,0.790272807317
3364,0.638743642404
3365,0.591294559169
3366,0.459550881884
3367,0.483994185075
3368,0.902858984421
3369,0.894570979947
3370,0.890184640647
3371,0.804982482941
3372,0.898341980683
3373,0.634093930236
3374,0.341915549942
3375,0.75429163356
3376,0.672535006179
3377,0.742109561235
3378,0.177855913803
3379,0.68840166337
3380,0.489196886676
3381,0.105399423114
3382,0.296676516001
3383,0.221157311143
3384,0.782819204989
3385,0.514506643631
3386,0.787975248822
3387,0.121277241416
3388,0.883634440633
3389,0.579125085241
3390,0.413118802321
3391,0.110145526684
3392,0.82594417319
3393,0.560605438635
3394,0.220455650017
3395,0.164339322224
3396,0.354512861719
3397,0.783272741543
3398,0.300278012193
3399,0.535173885376
3400,0.80375508094
3401,0.284268739117
3402,0.244609666305
3403,0.749371173096
3404,0.511830080648
3405,0.90616890376
3406,0.655516166596
3407,0.669074632034
3408,0.301496621821
3409,0.71225574105
3410,0.701298157029
3411,0.809365623196
3412,0.291766408469
3413,0.587113633065
3414,0.733973718832
3415,0.705008029357
3416,0.341663124792
3417,0.757787517404
3418,0.806177705734
3419,0.228366129697
3420,0.791466961616
3421,0.103838337141
3422,0.205068665296
3423,0.75880946647
3424,0.213705630973
3425,0.431150102542
3426,0.321425012907
3427,0.842891679984
3428,0.655968717273
3429,0.786430755825
3430,0.900765617643
3431,0.60120483236
3432,0.500820616071
3433,0.459962229619
3434,0.366660866222
3435,0.288195237858
3436,0.674751500802
3437,0.814892439195
3438,0.57241967632
3439,0.465905354951
3440,0.904251467923
3441,0.150998537321
3442,0.715772942991
3443,0.747611454169
3444,0.643731155163
3445,0.707228335145
3446,0.428286473635
3447,0.718277509614
3448,0.905689564664
3449,0.472773635618
3450,0.816159767083
3451,0.227372001809
3452,0.344053545798
3453,0.840839388146
3454,0.224511947147
3455,0.806003879257
3456,0.764363376661
3457,0.726828183269
3458,0.179306337692
3459,0.889530311476
3460,0.865592250142
3461,0.843695850939
3462,0.914398036344
3463,0.16062420577
3464,0.0790344155724
3465,0.504444471455
3466,0.108795145039
3467,0.754209428701
3468,0.169586162301
3469,0.909175710347
3470,0.884899182729
3471,0.887314701396
3472,0.855888804636
3473,0.860831378966
3474,0.477351320533
3475,0.913032256285
3476,0.553356715275
3477,0.783842675937
3478,0.415351376228
3479,0.850055270788
3480,0.266853792507
3481,0.607345051885
3482,0.094419030957
3483,0.557858087565
3484,0.384267223721
3485,0.161336799622
3486,0.56232410844
3487,0.834212353552
3488,0.706691341478
3489,0.103900725733
3490,0.646515013055
3491,0.306158013418
3492,0.783073282758
3493,0.874135279976
3494,0.315769509476
3495,0.632507080976
3496,0.179996739554
3497,0.360165208927
3498,0.13372280142
3499,0.269532681849
3500,0.440421428463
3501,0.446943728975
3502,0.458590008642
3503,0.407876061842
3504,0.526351900704
3505,0.84671766825
3506,0.404989366783
3507,0.399158552402
3508,0.266809237401
3509,0.629809424009
3510,0.347207236479
3511,0.876703380952
3512,0.760571278305
3513,0.110485748618
3514,0.871431102112
3515,0.311419797771
3516,0.875832569688
3517,0.0973677489057
3518,0.780398505165
3519,0.754158962006
3520,0.196160594753
3521,0.218895476145
3522,0.681655206843
3523,0.853988059029
3524,0.712836748052
3525,0.48754725033
3526,0.916474546393
3527,0.854288025789
3528,0.519031945448
3529,0.196834898015
3530,0.858555014639
3531,0.802902386712
3532,0.788075375342
3533,0.42872333986
3534,0.925511730833
3535,0.890212645466
3536,0.773513889292
3537,0.109396640766
3538,0.832369347636
3539,0.413448273806
3540,0.844667943791
3541,0.887610672754
3542,0.498266187514
3543,0.917370705192
3544,0.292857247312
3545,0.12422867148
3546,0.729796341617
3547,0.675676879217
3548,0.550918962963
3549,0.497839791748
3550,0.792106250155
3551,0.232066107347
3552,0.501411614754
3553,0.558255339823
3554,0.758087865585
3555,0.87780017505
3556,0.810224060391
3557,0.653811244457
3558,0.172747189998
3559,0.477531870532
3560,0.187430888665
3561,0.234509400881
3562,0.488346168391
3563,0.860591283576
3564,0.556127315064
3565,0.531765865529
3566,0.906794058417
3567,0.333382770257
3568,0.333198318411
3569,0.247089740622
3570,0.363028428831
3571,0.166477974636
3572,0.616702408244
3573,0.171774405495
3574,0.458708842048
3575,0.392058158683
3576,0.617672021005
3577,0.710738534412
3578,0.371887276681
3579,0.376123896756
3580,0.274781372011
3581,0.242477728769
3582,0.702106059211
3583,0.221556468683
3584,0.730779103192
3585,0.815109155934
3586,0.887314701396
3587,0.44830256762
3588,0.901918561795
3589,0.583000319375
3590,0.670279237426
3591,0.307855805752
3592,0.770937403422
3593,0.845623806945
3594,0.887453168423
3595,0.662514643425
3596,0.345457978121
3597,0.158194208134
3598,0.398005886212
3599,0.683613754139
3600,0.86021302351
3601,0.864504545147
3602,0.767098743044
3603,0.64769248312
3604,0.244436066068
3605,0.133010137706
3606,0.178493856885
3607,0.213149158993
3608,0.837514505216
3609,0.657252303885
3610,0.375935175084
3611,0.404849339388
3612,0.789267217917
3613,0.497158423697
3614,0.146746298745
3615,0.887636572259
3616,0.0929338329068
3617,0.493714000727
3618,0.411124583377
3619,0.763979684138
3620,0.71815311317
3621,0.560217915236
3622,0.128604785562
3623,0.804525663316
3624,0.119824448252
3625,0.451474289984
3626,0.37090738259
3627,0.655972358176
3628,0.79684235888
3629,0.566665870113
3630,0.292464586011
3631,0.782665517512
3632,0.372459219832
3633,0.786862736738
3634,0.771432843124
3635,0.599803530645
3636,0.91455740596
3637,0.810116855971
3638,0.246917797003
3639,0.262145788616
3640,0.912446462768
3641,0.604897940016
3642,0.856493225462
3643,0.430869730702
3644,0.248769121068
3645,0.40036641482
3646,0.868405549375
3647,0.377816172709
3648,0.235743247727
3649,0.380148326253
3650,0.88511334137
3651,0.246489470361
3652,0.594616917336
3653,0.224366831752
3654,0.174282828719
3655,0.911421858945
3656,0.517201370637
3657,0.71090908073
3658,0.626917055382
3659,0.125931768923
3660,0.256593888844
3661,0.382344281977
3662,0.205239590386
3663,0.125787791021
3664,0.624468686162
3665,0.395729983391
3666,0.611680097436
3667,0.583751360417
3668,0.484891499299
3669,0.46218580482
3670,0.708130006029
3671,0.393515203236
3672,0.35196005628
3673,0.803992496114
3674,0.333655696393
3675,0.609427833037
3676,0.283444811034
3677,0.794647897057
3678,0.789223080966
3679,0.666206921888
3680,0.223049145433
3681,0.183107134551
3682,0.427813191683
3683,0.349791160118
3684,0.42519031251
3685,0.183754542029
3686,0.166581141865
3687,0.5385440073
3688,0.560662651629
3689,0.797063923791
3690,0.351725857818
3691,0.326179360685
3692,0.297424049087
3693,0.87881659242
3694,0.878274892587
3695,0.1604326342
3696,0.485068515547
3697,0.903845064167
3698,0.314499396912
3699,0.865700119534
3700,0.624846850833
3701,0.89553130534
3702,0.799278666543
3703,0.595053800818
3704,0.680056063716
3705,0.545473883396
3706,0.169043015504
3707,0.466164250821
3708,0.742693282779
3709,0.213950509096
3710,0.576330939966
3711,0.125889619192
3712,0.60583998189
3713,0.144827284688
3714,0.797119771626
3715,0.643515753123
3716,0.802293377556
3717,0.231634172581
3718,0.119222952526
3719,0.638128542243
3720,0.491098972368
3721,0.346370867179
3722,0.904251763326
3723,0.864698012629
3724,0.449901588833
3725,0.740971002229
3726,0.912392788967
3727,0.396678861896
3728,0.177980213571
3729,0.798163413756
3730,0.214028146744
3731,0.167879368161
3732,0.917211335576
3733,0.655659089244
3734,0.253461667076
3735,0.528063254679
3736,0.807895184373
3737,0.149354228816
3738,0.405972119453
3739,0.734571125487
3740,0.658711758341
3741,0.795395540242
3742,0.537787598077
3743,0.297422304938
3744,0.505604465282
3745,0.148353860017
3746,0.892238943821
3747,0.71554276253
3748,0.626316104646
3749,0.378721844676
3750,0.689787918905
3751,0.121646501342
