MoleculeId,raw_xgb-PredictedProbability
1,0.785556077957
2,0.871572196484
3,0.1987490803
4,0.193595290184
5,0.123518690467
6,0.214121043682
7,0.756804585457
8,0.935258030891
9,0.708481967449
10,0.248881712556
11,0.650894343853
12,0.160127907991
13,0.561854124069
14,0.637184977531
15,0.706226766109
16,0.435996800661
17,0.788613677025
18,0.297278165817
19,0.272845178843
20,0.304318845272
21,0.778296351433
22,0.46970552206
23,0.19805072248
24,0.0461048148572
25,0.163947716355
26,0.919699311256
27,0.768485784531
28,0.532939553261
29,0.776187121868
30,0.746334552765
31,0.0577039681375
32,0.686072289944
33,0.0470932200551
34,0.829586923122
35,0.850739836693
36,0.16114731133
37,0.523818910122
38,0.863964140415
39,0.542746603489
40,0.843671917915
41,0.870995998383
42,0.083533719182
43,0.123241886497
44,0.892785608768
45,0.611804485321
46,0.811139643192
47,0.30351549387
48,0.421312391758
49,0.371521741152
50,0.593767881393
51,0.863170683384
52,0.843550622463
53,0.274894207716
54,0.811947762966
55,0.652791261673
56,0.736860334873
57,0.177974402905
58,0.147105231881
59,0.914779543877
60,0.356164544821
61,0.35560503602
62,0.20895819366
63,0.475598812103
64,0.707864642143
65,0.239399716258
66,0.547853708267
67,0.733275592327
68,0.866131186485
69,0.157661393285
70,0.847348093987
71,0.184586256742
72,0.11284019798
73,0.889294743538
74,0.382168829441
75,0.931896388531
76,0.952451169491
77,0.322832584381
78,0.79025387764
79,0.821570336819
80,0.134310498834
81,0.774198174477
82,0.486306041479
83,0.635205745697
84,0.897354424
85,0.843166172504
86,0.707992374897
87,0.419180810452
88,0.253473162651
89,0.824951291084
90,0.573490619659
91,0.939131200314
92,0.84252089262
93,0.756294488907
94,0.250542730093
95,0.718294739723
96,0.245299637318
97,0.828217804432
98,0.672490596771
99,0.710397601128
100,0.225675851107
101,0.146400526166
102,0.673791110516
103,0.713510215282
104,0.867872834206
105,0.273629844189
106,0.927798449993
107,0.738397538662
108,0.902970612049
109,0.0550406202674
110,0.683232247829
111,0.184641554952
112,0.0999500751495
113,0.0736581161618
114,0.697511076927
115,0.911641001701
116,0.696784257889
117,0.377458274364
118,0.273262143135
119,0.652073264122
120,0.880002319813
121,0.369467794895
122,0.322760909796
123,0.497705191374
124,0.314702510834
125,0.911837160587
126,0.842045724392
127,0.859640538692
128,0.0993870571256
129,0.710203170776
130,0.901428103447
131,0.13773676753
132,0.810719370842
133,0.839388608932
134,0.884223759174
135,0.385162115097
136,0.142168477178
137,0.158288136125
138,0.126993194222
139,0.29161965847
140,0.837156534195
141,0.79239243269
142,0.321548968554
143,0.902838170528
144,0.600203037262
145,0.787741422653
146,0.751688957214
147,0.284172683954
148,0.780185043812
149,0.142270699143
150,0.266776293516
151,0.197460100055
152,0.873346805573
153,0.892927765846
154,0.123578742146
155,0.699795842171
156,0.320190668106
157,0.307403445244
158,0.42951092124
159,0.898028850555
160,0.751285791397
161,0.497879356146
162,0.188463568687
163,0.303590714931
164,0.136216849089
165,0.255149394274
166,0.606117248535
167,0.34913662076
168,0.835046947002
169,0.762265741825
170,0.3543407619
171,0.715813815594
172,0.388120055199
173,0.86444401741
174,0.538829267025
175,0.8413002491
176,0.91068893671
177,0.469779789448
178,0.496354401112
179,0.307040274143
180,0.221158981323
181,0.264743059874
182,0.891827702522
183,0.131009995937
184,0.660831570625
185,0.733962655067
186,0.49559533596
187,0.914869308472
188,0.791070342064
189,0.623099505901
190,0.609992682934
191,0.57730025053
192,0.950305521488
193,0.910066187382
194,0.406818896532
195,0.317776679993
196,0.259006470442
197,0.803845524788
198,0.793136358261
199,0.927073001862
200,0.304485708475
201,0.957013249397
202,0.281731724739
203,0.297185182571
204,0.829653859138
205,0.768629491329
206,0.184699758887
207,0.167273253202
208,0.220991656184
209,0.925156712532
210,0.0848611369729
211,0.269325047731
212,0.614997327328
213,0.387257516384
214,0.402197897434
215,0.917132377625
216,0.145479246974
217,0.746008753777
218,0.288036614656
219,0.838257908821
220,0.71333950758
221,0.0963586047292
222,0.232633143663
223,0.895622313023
224,0.707169413567
225,0.253354877234
226,0.0862252861261
227,0.33423525095
228,0.188128784299
229,0.890596330166
230,0.432305037975
231,0.127349987626
232,0.474553704262
233,0.768147587776
234,0.72830337286
235,0.836280047894
236,0.552206218243
237,0.352527588606
238,0.330869168043
239,0.363652318716
240,0.130984246731
241,0.860434234142
242,0.609549343586
243,0.641654670238
244,0.402797609568
245,0.458709210157
246,0.76520138979
247,0.250736504793
248,0.857693612576
249,0.833253026009
250,0.552687287331
251,0.805480539799
252,0.576216340065
253,0.215871840715
254,0.666851460934
255,0.758220970631
256,0.538425981998
257,0.131899416447
258,0.254247456789
259,0.769336462021
260,0.928778231144
261,0.647799551487
262,0.833520770073
263,0.233609169722
264,0.659156441689
265,0.212049096823
266,0.345861256123
267,0.277164906263
268,0.119865231216
269,0.872407197952
270,0.283814251423
271,0.799289941788
272,0.893307983875
273,0.146445423365
274,0.292210131884
275,0.868256151676
276,0.285155415535
277,0.647295117378
278,0.594681918621
279,0.694107949734
280,0.378103882074
281,0.438343971968
282,0.633056402206
283,0.922805964947
284,0.887357354164
285,0.913565695286
286,0.346158742905
287,0.456385374069
288,0.265499711037
289,0.725786805153
290,0.782399535179
291,0.584318816662
292,0.839291334152
293,0.790883719921
294,0.685424625874
295,0.819163024426
296,0.699637949467
297,0.727349996567
298,0.416414141655
299,0.065366730094
300,0.643661975861
301,0.905349671841
302,0.192124679685
303,0.813960850239
304,0.887273848057
305,0.924457907677
306,0.289671510458
307,0.615408182144
308,0.521046876907
309,0.0805017277598
310,0.903189063072
311,0.852992773056
312,0.932518482208
313,0.774187326431
314,0.184908151627
315,0.801304459572
316,0.934955120087
317,0.226892903447
318,0.321548968554
319,0.713220596313
320,0.838940680027
321,0.841884016991
322,0.388637423515
323,0.0930528342724
324,0.729796171188
325,0.627581834793
326,0.70351433754
327,0.796795248985
328,0.915526151657
329,0.602759420872
330,0.875778019428
331,0.176090791821
332,0.817375600338
333,0.432813882828
334,0.876751720905
335,0.130649313331
336,0.858174681664
337,0.802674710751
338,0.239648625255
339,0.513578891754
340,0.608085155487
341,0.712814331055
342,0.409603714943
343,0.847090303898
344,0.12065359205
345,0.56764626503
346,0.117238909006
347,0.917718112469
348,0.848755002022
349,0.0454028658569
350,0.874991476536
351,0.184675142169
352,0.303231239319
353,0.218826770782
354,0.799279212952
355,0.891521751881
356,0.447353810072
357,0.0888063386083
358,0.125227585435
359,0.699613153934
360,0.937416374683
361,0.362563967705
362,0.430704623461
363,0.473475456238
364,0.924103021622
365,0.633412837982
366,0.896936476231
367,0.257316559553
368,0.670080006123
369,0.372842282057
370,0.661995470524
371,0.849816024303
372,0.217547222972
373,0.773639082909
374,0.875857114792
375,0.807638764381
376,0.143937110901
377,0.796049594879
378,0.644382655621
379,0.273028701544
380,0.800802409649
381,0.0492264889181
382,0.112103022635
383,0.851431250572
384,0.116056419909
385,0.536481201649
386,0.867473900318
387,0.0952798128128
388,0.855047881603
389,0.835664451122
390,0.944366335869
391,0.84652119875
392,0.906059920788
393,0.434861779213
394,0.233587563038
395,0.538397610188
396,0.271073698997
397,0.0782845839858
398,0.719676554203
399,0.804753243923
400,0.22906473279
401,0.913510501385
402,0.885610759258
403,0.683067083359
404,0.851602375507
405,0.256772816181
406,0.841317534447
407,0.575698554516
408,0.856028437614
409,0.667283833027
410,0.16036234796
411,0.926277220249
412,0.828917205334
413,0.857660710812
414,0.0877651274204
415,0.874649107456
416,0.370302319527
417,0.287458628416
418,0.664485692978
419,0.633722901344
420,0.948670566082
421,0.345317572355
422,0.602717757225
423,0.613418757915
424,0.504395246506
425,0.397454440594
426,0.902328133583
427,0.760614812374
428,0.913685798645
429,0.855815947056
430,0.89788967371
431,0.882602572441
432,0.708838522434
433,0.378346979618
434,0.456931740046
435,0.561789095402
436,0.836556732655
437,0.651232481003
438,0.254279971123
439,0.920795381069
440,0.792625069618
441,0.336480587721
442,0.766844749451
443,0.835267484188
444,0.183346673846
445,0.156169563532
446,0.8908649683
447,0.504489660263
448,0.485000967979
449,0.78778809309
450,0.216334581375
451,0.191478341818
452,0.168785989285
453,0.537869811058
454,0.147337287664
455,0.948670566082
456,0.591096401215
457,0.896079480648
458,0.790991067886
459,0.352088302374
460,0.811031341553
461,0.639637589455
462,0.823895454407
463,0.821467518806
464,0.744300305843
465,0.709633708
466,0.264105170965
467,0.12670250237
468,0.298605114222
469,0.863321721554
470,0.673767864704
471,0.671871721745
472,0.60925668478
473,0.681970477104
474,0.563440620899
475,0.863646566868
476,0.910254299641
477,0.920161783695
478,0.709090232849
479,0.785506367683
480,0.258935689926
481,0.690607130527
482,0.777276396751
483,0.0961834788322
484,0.515329778194
485,0.526291906834
486,0.269051730633
487,0.159608364105
488,0.133511975408
489,0.872109472752
490,0.425521314144
491,0.409451007843
492,0.798200845718
493,0.923150539398
494,0.926094651222
495,0.252930015326
496,0.944684863091
497,0.253849834204
498,0.764230012894
499,0.0918260887265
500,0.215498909354
501,0.470387101173
502,0.156805843115
503,0.0688657835126
504,0.0768351554871
505,0.857958674431
506,0.878160297871
507,0.840331792831
508,0.295933514833
509,0.763007879257
510,0.929462492466
511,0.407372623682
512,0.789837062359
513,0.829096376896
514,0.452267348766
515,0.396046608686
516,0.813428342342
517,0.882204353809
518,0.623174488544
519,0.202266141772
520,0.0392453819513
521,0.586461484432
522,0.0928988456726
523,0.439538687468
524,0.505918622017
525,0.779201388359
526,0.146338611841
527,0.776640713215
528,0.326343715191
529,0.149424403906
530,0.821040511131
531,0.800545811653
532,0.463858693838
533,0.946438908577
534,0.378669023514
535,0.171025842428
536,0.872809946537
537,0.939077854156
538,0.277423292398
539,0.939268946648
540,0.316943943501
541,0.362487912178
542,0.72182148695
543,0.33237311244
544,0.804399371147
545,0.753768205643
546,0.22497920692
547,0.303021609783
548,0.599673449993
549,0.639180719852
550,0.542251110077
551,0.264542877674
552,0.533399403095
553,0.33005219698
554,0.130834892392
555,0.837066113949
556,0.723629713058
557,0.077267691493
558,0.814141333103
559,0.195812821388
560,0.456033080816
561,0.655538320541
562,0.143579632044
563,0.787865579128
564,0.147441193461
565,0.894076347351
566,0.864744663239
567,0.179066672921
568,0.453088819981
569,0.927776992321
570,0.844398081303
571,0.941893935204
572,0.344218343496
573,0.137552708387
574,0.721830189228
575,0.189013823867
576,0.404491245747
577,0.876123905182
578,0.120639130473
579,0.137733533978
580,0.0879432708025
581,0.7726354599
582,0.894116699696
583,0.791084229946
584,0.251244843006
585,0.646040916443
586,0.81777215004
587,0.932672858238
588,0.837750434875
589,0.1298532933
590,0.85869705677
591,0.831425011158
592,0.853187024593
593,0.612512350082
594,0.0812246948481
595,0.163416132331
596,0.0854821428657
597,0.188455075026
598,0.805424034595
599,0.871314048767
600,0.624335408211
601,0.224693059921
602,0.820663034916
603,0.901615083218
604,0.876695811749
605,0.874918997288
606,0.619553864002
607,0.292559832335
608,0.942838549614
609,0.237077742815
610,0.678578317165
611,0.882666409016
612,0.449086934328
613,0.786626219749
614,0.814025402069
615,0.879499733448
616,0.494283348322
617,0.614874482155
618,0.64091861248
619,0.397299617529
620,0.346173703671
621,0.821040511131
622,0.732199251652
623,0.933708906174
624,0.254686892033
625,0.644026994705
626,0.313520282507
627,0.865700721741
628,0.843570768833
629,0.456268072128
630,0.149819299579
631,0.67881578207
632,0.102270387113
633,0.363168865442
634,0.805527150631
635,0.537989318371
636,0.294211626053
637,0.87299478054
638,0.245003029704
639,0.152931898832
640,0.802797317505
641,0.741948843002
642,0.156930312514
643,0.185725554824
644,0.215227916837
645,0.667611718178
646,0.893100202084
647,0.87333381176
648,0.156737148762
649,0.884304881096
650,0.728517651558
651,0.725856602192
652,0.761124849319
653,0.674030184746
654,0.400812387466
655,0.712526321411
656,0.939085781574
657,0.0993940234184
658,0.299804776907
659,0.920439124107
660,0.216884896159
661,0.870613098145
662,0.545228898525
663,0.145159080625
664,0.736562073231
665,0.103737011552
666,0.134857922792
667,0.618439555168
668,0.397740662098
669,0.497138977051
670,0.297138512135
671,0.74634373188
672,0.85795289278
673,0.847302019596
674,0.854114055634
675,0.918934762478
676,0.295751214027
677,0.295599848032
678,0.789585590363
679,0.396330088377
680,0.241802826524
681,0.860751152039
682,0.870995998383
683,0.344126045704
684,0.318313926458
685,0.167468652129
686,0.764629244804
687,0.85292249918
688,0.914146244526
689,0.939848124981
690,0.832131266594
691,0.896842062473
692,0.183483123779
693,0.896953225136
694,0.894759058952
695,0.901309072971
696,0.502991318703
697,0.72195494175
698,0.36367842555
699,0.673214793205
700,0.209868296981
701,0.883420228958
702,0.0464548431337
703,0.174458175898
704,0.796174705029
705,0.245104402304
706,0.796607255936
707,0.901609897614
708,0.848672151566
709,0.165263980627
710,0.908556818962
711,0.828218102455
712,0.0550406202674
713,0.876434981823
714,0.772655487061
715,0.91027200222
716,0.232345044613
717,0.917608082294
718,0.314481139183
719,0.759677946568
720,0.888554275036
721,0.691452980042
722,0.212024867535
723,0.0626248940825
724,0.931934297085
725,0.0866927057505
726,0.37031775713
727,0.896894991398
728,0.602206766605
729,0.695240974426
730,0.702492535114
731,0.891921281815
732,0.766233205795
733,0.80827909708
734,0.746227383614
735,0.848198473454
736,0.054007191211
737,0.86146324873
738,0.3001537323
739,0.907418727875
740,0.713317096233
741,0.618914246559
742,0.432153791189
743,0.212878525257
744,0.899028658867
745,0.490079939365
746,0.756368637085
747,0.107515834272
748,0.218534231186
749,0.045744381845
750,0.173662245274
751,0.641716122627
752,0.776557028294
753,0.853691458702
754,0.866516828537
755,0.228034839034
756,0.749508738518
757,0.829221248627
758,0.847662866116
759,0.926420092583
760,0.217121660709
761,0.0778882801533
762,0.666499912739
763,0.719763576984
764,0.0865820273757
765,0.832837164402
766,0.902198970318
767,0.232544571161
768,0.890341222286
769,0.261369049549
770,0.254735171795
771,0.822070002556
772,0.245798096061
773,0.816392242908
774,0.837499856949
775,0.449039041996
776,0.702812671661
777,0.217177510262
778,0.125912368298
779,0.632167935371
780,0.638031959534
781,0.916657626629
782,0.838822364807
783,0.196642011404
784,0.900340676308
785,0.184333145618
786,0.280946552753
787,0.592783868313
788,0.232639089227
789,0.77670276165
790,0.878796935081
791,0.350497663021
792,0.228680193424
793,0.102727636695
794,0.889294743538
795,0.68972671032
796,0.926824688911
797,0.366484493017
798,0.929892957211
799,0.191943854094
800,0.689227342606
801,0.7966183424
802,0.197621539235
803,0.280048638582
804,0.806050360203
805,0.798619329929
806,0.829057991505
807,0.210606396198
808,0.398707360029
809,0.256838679314
810,0.835268557072
811,0.776455104351
812,0.49577575922
813,0.782976686954
814,0.800216913223
815,0.675571322441
816,0.195174574852
817,0.214278280735
818,0.779670238495
819,0.452235579491
820,0.804037213326
821,0.696385860443
822,0.826312065125
823,0.369538158178
824,0.892666816711
825,0.277031511068
826,0.715105116367
827,0.230637982488
828,0.763713181019
829,0.858516514301
830,0.215171054006
831,0.93850505352
832,0.816345155239
833,0.765120148659
834,0.159456923604
835,0.196085691452
836,0.886253535748
837,0.713065981865
838,0.151330947876
839,0.747474133968
840,0.504755318165
841,0.85988920927
842,0.887204885483
843,0.768788278103
844,0.499383956194
845,0.619454681873
846,0.101360060275
847,0.560359835625
848,0.661288321018
849,0.180530875921
850,0.305664479733
851,0.169593095779
852,0.763162434101
853,0.35598680377
854,0.730218589306
855,0.260402917862
856,0.866301774979
857,0.334284305573
858,0.68971914053
859,0.109576582909
860,0.291785597801
861,0.366322129965
862,0.592765986919
863,0.493608146906
864,0.315483987331
865,0.260172367096
866,0.840662658215
867,0.932354927063
868,0.234627902508
869,0.638284921646
870,0.0943032875657
871,0.92576032877
872,0.223606720567
873,0.913004457951
874,0.317948698997
875,0.355143010616
876,0.193313270807
877,0.2077023983
878,0.0400166548789
879,0.0960715860128
880,0.739938735962
881,0.343631267548
882,0.929400801659
883,0.385480165482
884,0.160636007786
885,0.173699617386
886,0.859524250031
887,0.826384067535
888,0.185816377401
889,0.845830440521
890,0.651522934437
891,0.271762549877
892,0.822670698166
893,0.843233823776
894,0.18105250597
895,0.583866119385
896,0.410771012306
897,0.58988147974
898,0.838048875332
899,0.128191635013
900,0.88615655899
901,0.28655615449
902,0.651842772961
903,0.667022705078
904,0.223528981209
905,0.879774451256
906,0.887374639511
907,0.852299153805
908,0.888037085533
909,0.796174705029
910,0.65508043766
911,0.905003249645
912,0.589904904366
913,0.328849375248
914,0.687690496445
915,0.431781023741
916,0.644632279873
917,0.185175448656
918,0.495812863111
919,0.65727686882
920,0.709600567818
921,0.813245117664
922,0.652144789696
923,0.114241085947
924,0.303974449635
925,0.0996733680367
926,0.268200933933
927,0.379246354103
928,0.855434060097
929,0.242960080504
930,0.147936195135
931,0.247295275331
932,0.926277220249
933,0.745128035545
934,0.884766280651
935,0.274074316025
936,0.739010453224
937,0.785537183285
938,0.202138915658
939,0.842961966991
940,0.447204589844
941,0.805912077427
942,0.635719418526
943,0.863991558552
944,0.229961410165
945,0.740815222263
946,0.103788822889
947,0.934232592583
948,0.493859887123
949,0.875726819038
950,0.450115382671
951,0.755317747593
952,0.739512622356
953,0.231085196137
954,0.260605365038
955,0.428916841745
956,0.714925348759
957,0.535526514053
958,0.688464462757
959,0.942621231079
960,0.799392163754
961,0.219097062945
962,0.930047154427
963,0.891550540924
964,0.727791786194
965,0.148860827088
966,0.941117227077
967,0.304099887609
968,0.238908037543
969,0.937773704529
970,0.786717176437
971,0.856945455074
972,0.539194941521
973,0.149798557162
974,0.145905688405
975,0.665310680866
976,0.876206576824
977,0.13380612433
978,0.694609940052
979,0.540300250053
980,0.177418366075
981,0.916657626629
982,0.782055556774
983,0.894291222095
984,0.904991030693
985,0.598842740059
986,0.908111393452
987,0.392262578011
988,0.338946431875
989,0.930437862873
990,0.730841696262
991,0.153564929962
992,0.0396474264562
993,0.678912699223
994,0.901273071766
995,0.316662281752
996,0.200727432966
997,0.131762623787
998,0.825990855694
999,0.305253088474
1000,0.313211381435
1001,0.203963860869
1002,0.0982828885317
1003,0.829084813595
1004,0.869447886944
1005,0.784058630466
1006,0.274259328842
1007,0.221709340811
1008,0.510966002941
1009,0.884196162224
1010,0.189790964127
1011,0.89892154932
1012,0.690568745136
1013,0.164180725813
1014,0.729124546051
1015,0.718352556229
1016,0.877534627914
1017,0.727893471718
1018,0.421810626984
1019,0.194771200418
1020,0.692541241646
1021,0.304026514292
1022,0.423661798239
1023,0.351618587971
1024,0.298605114222
1025,0.208705857396
1026,0.0326700806618
1027,0.114703468978
1028,0.880952835083
1029,0.590397298336
1030,0.837870359421
1031,0.818253278732
1032,0.655002593994
1033,0.176457241178
1034,0.222728893161
1035,0.186693578959
1036,0.324858248234
1037,0.353515625
1038,0.869493842125
1039,0.137227401137
1040,0.81898778677
1041,0.551940739155
1042,0.795779168606
1043,0.615087151527
1044,0.697019219398
1045,0.921144902706
1046,0.437062174082
1047,0.201502174139
1048,0.234499782324
1049,0.889660894871
1050,0.277993738651
1051,0.391196787357
1052,0.274982094765
1053,0.191008374095
1054,0.159365132451
1055,0.932417809963
1056,0.12470536679
1057,0.674783945084
1058,0.356004565954
1059,0.809179604053
1060,0.77441829443
1061,0.473841965199
1062,0.784061908722
1063,0.410772800446
1064,0.854328215122
1065,0.819825053215
1066,0.8779489398
1067,0.352156966925
1068,0.182783260942
1069,0.834719777107
1070,0.32954749465
1071,0.266498595476
1072,0.293746709824
1073,0.122546128929
1074,0.771735668182
1075,0.717610657215
1076,0.913129270077
1077,0.844030916691
1078,0.182131871581
1079,0.659920334816
1080,0.119926013052
1081,0.581267535686
1082,0.707527220249
1083,0.390854626894
1084,0.0910398513079
1085,0.7825974226
1086,0.342654526234
1087,0.639481663704
1088,0.866202950478
1089,0.698991537094
1090,0.163455069065
1091,0.820899009705
1092,0.64568310976
1093,0.461094141006
1094,0.849976599216
1095,0.922034263611
1096,0.894158124924
1097,0.171404987574
1098,0.294259637594
1099,0.276363253593
1100,0.0750576853752
1101,0.452951639891
1102,0.835595071316
1103,0.395821273327
1104,0.327895849943
1105,0.862106561661
1106,0.752016723156
1107,0.88809043169
1108,0.48297137022
1109,0.869835913181
1110,0.77581346035
1111,0.64935284853
1112,0.549989581108
1113,0.588130176067
1114,0.217313706875
1115,0.220723748207
1116,0.932771801949
1117,0.890029191971
1118,0.832871794701
1119,0.189632326365
1120,0.887174189091
1121,0.628652870655
1122,0.640420615673
1123,0.831622362137
1124,0.917925477028
1125,0.232468575239
1126,0.743432879448
1127,0.831187844276
1128,0.662608385086
1129,0.873008966446
1130,0.8908649683
1131,0.945552825928
1132,0.385760605335
1133,0.873464941978
1134,0.59683150053
1135,0.243400007486
1136,0.297573804855
1137,0.879100561142
1138,0.88174444437
1139,0.524144530296
1140,0.23171710968
1141,0.0725866481662
1142,0.669139266014
1143,0.665335059166
1144,0.504453837872
1145,0.217611044645
1146,0.0892825126648
1147,0.720943450928
1148,0.932195603848
1149,0.595055758953
1150,0.699606001377
1151,0.865014851093
1152,0.792883217335
1153,0.231516197324
1154,0.856667816639
1155,0.922537147999
1156,0.636337339878
1157,0.91699641943
1158,0.402446180582
1159,0.194409638643
1160,0.7728292346
1161,0.363520532846
1162,0.572394609451
1163,0.214355006814
1164,0.86654484272
1165,0.741553544998
1166,0.917854249477
1167,0.623669564724
1168,0.846859753132
1169,0.0609077438712
1170,0.889981865883
1171,0.42898991704
1172,0.88370859623
1173,0.746398329735
1174,0.849990308285
1175,0.607208669186
1176,0.872094929218
1177,0.798578262329
1178,0.902577221394
1179,0.508597970009
1180,0.380563050508
1181,0.927588224411
1182,0.197595357895
1183,0.540583908558
1184,0.194619998336
1185,0.22466494143
1186,0.877744913101
1187,0.117423884571
1188,0.140476614237
1189,0.785032093525
1190,0.374911874533
1191,0.682534754276
1192,0.0319361910224
1193,0.189466580749
1194,0.282145172358
1195,0.940338253975
1196,0.278554946184
1197,0.923859596252
1198,0.8978048563
1199,0.0721262916923
1200,0.882445394993
1201,0.237399980426
1202,0.937958657742
1203,0.771569311619
1204,0.575323224068
1205,0.80289888382
1206,0.448932528496
1207,0.18494284153
1208,0.450341194868
1209,0.891039907932
1210,0.10103880614
1211,0.817100763321
1212,0.229778334498
1213,0.036476675421
1214,0.0882447585464
1215,0.677331149578
1216,0.227217435837
1217,0.922671496868
1218,0.72969597578
1219,0.799223899841
1220,0.760710716248
1221,0.944706916809
1222,0.188979923725
1223,0.926512598991
1224,0.870889246464
1225,0.824646472931
1226,0.911229670048
1227,0.529297232628
1228,0.23696257174
1229,0.605185747147
1230,0.574736595154
1231,0.765313625336
1232,0.174815088511
1233,0.164849966764
1234,0.852650105953
1235,0.613571047783
1236,0.848610341549
1237,0.48218870163
1238,0.545263111591
1239,0.427675634623
1240,0.733767390251
1241,0.822794079781
1242,0.222761794925
1243,0.855249881744
1244,0.767466306686
1245,0.235038667917
1246,0.76183617115
1247,0.210012793541
1248,0.828984022141
1249,0.0956883057952
1250,0.153277799487
1251,0.463433921337
1252,0.184042051435
1253,0.944133460522
1254,0.797555863857
1255,0.0696313008666
1256,0.479323625565
1257,0.216674238443
1258,0.667755305767
1259,0.869237065315
1260,0.847361266613
1261,0.243752285838
1262,0.819725036621
1263,0.150163069367
1264,0.839862108231
1265,0.823304951191
1266,0.88932877779
1267,0.706736803055
1268,0.889972627163
1269,0.779102087021
1270,0.816049456596
1271,0.458243727684
1272,0.775910794735
1273,0.125569209456
1274,0.779091596603
1275,0.515274643898
1276,0.753089904785
1277,0.746651232243
1278,0.856603443623
1279,0.133612543344
1280,0.6546626091
1281,0.797369062901
1282,0.906252264977
1283,0.20383374393
1284,0.77561211586
1285,0.272981703281
1286,0.211892157793
1287,0.51671230793
1288,0.103788822889
1289,0.265122264624
1290,0.262889415026
1291,0.560356974602
1292,0.399496555328
1293,0.506474614143
1294,0.773519992828
1295,0.0296858884394
1296,0.46710896492
1297,0.265260517597
1298,0.783400714397
1299,0.372039616108
1300,0.270496368408
1301,0.874201416969
1302,0.817551672459
1303,0.558155477047
1304,0.125732079148
1305,0.549760937691
1306,0.103396348655
1307,0.349836438894
1308,0.875352323055
1309,0.183178171515
1310,0.282968074083
1311,0.719918966293
1312,0.795365989208
1313,0.921073496342
1314,0.711256802082
1315,0.333132982254
1316,0.0777621343732
1317,0.879417896271
1318,0.740009784698
1319,0.243026778102
1320,0.236205875874
1321,0.402827709913
1322,0.708759188652
1323,0.760316193104
1324,0.719918966293
1325,0.637374579906
1326,0.918384432793
1327,0.869105577469
1328,0.595783233643
1329,0.569566607475
1330,0.91624122858
1331,0.883333802223
1332,0.166093602777
1333,0.61728978157
1334,0.0920663923025
1335,0.906667888165
1336,0.0366114713252
1337,0.775720119476
1338,0.262673914433
1339,0.944382846355
1340,0.241810962558
1341,0.241304129362
1342,0.276452660561
1343,0.548827946186
1344,0.873878777027
1345,0.744746088982
1346,0.730079174042
1347,0.296200454235
1348,0.334234029055
1349,0.718533813953
1350,0.607694923878
1351,0.712406158447
1352,0.933620989323
1353,0.214093670249
1354,0.905596733093
1355,0.825228452682
1356,0.776832282543
1357,0.0669325217605
1358,0.80913823843
1359,0.20740096271
1360,0.0914804041386
1361,0.529212296009
1362,0.432668685913
1363,0.78915554285
1364,0.805116891861
1365,0.313070058823
1366,0.188040241599
1367,0.468017339706
1368,0.711642563343
1369,0.723212897778
1370,0.280963748693
1371,0.764749467373
1372,0.921057760715
1373,0.249849438667
1374,0.161218002439
1375,0.554752528667
1376,0.343727529049
1377,0.19163274765
1378,0.859399437904
1379,0.684554755688
1380,0.824564754963
1381,0.747655808926
1382,0.268299490213
1383,0.163736969233
1384,0.711116909981
1385,0.160184577107
1386,0.170874491334
1387,0.357819229364
1388,0.938328266144
1389,0.577593564987
1390,0.245114549994
1391,0.939742863178
1392,0.83309429884
1393,0.14493046701
1394,0.314901202917
1395,0.160529136658
1396,0.886194288731
1397,0.834753394127
1398,0.106316313148
1399,0.578040063381
1400,0.730240523815
1401,0.250213265419
1402,0.868725419044
1403,0.187305673957
1404,0.0706475973129
1405,0.272381961346
1406,0.457392454147
1407,0.864777505398
1408,0.0270631499588
1409,0.545929193497
1410,0.922960996628
1411,0.167301461101
1412,0.196085229516
1413,0.832332551479
1414,0.252564013004
1415,0.499512732029
1416,0.132869943976
1417,0.120165660977
1418,0.783018767834
1419,0.500137746334
1420,0.778359949589
1421,0.896825909615
1422,0.832141280174
1423,0.429839491844
1424,0.298565864563
1425,0.242595225573
1426,0.456204205751
1427,0.525091707706
1428,0.35986584425
1429,0.814776659012
1430,0.0250481124967
1431,0.0758456140757
1432,0.75040769577
1433,0.840724349022
1434,0.674437761307
1435,0.89462518692
1436,0.827798426151
1437,0.858344376087
1438,0.717903792858
1439,0.564771234989
1440,0.819137096405
1441,0.866431891918
1442,0.678440093994
1443,0.390778213739
1444,0.631084799767
1445,0.305312752724
1446,0.585448682308
1447,0.570281267166
1448,0.342266142368
1449,0.0975573062897
1450,0.177490651608
1451,0.811586678028
1452,0.235424920917
1453,0.461662232876
1454,0.392464101315
1455,0.881975114346
1456,0.881418943405
1457,0.0604851916432
1458,0.33341383934
1459,0.946616232395
1460,0.626073539257
1461,0.760148644447
1462,0.351598799229
1463,0.307520806789
1464,0.264451384544
1465,0.861495018005
1466,0.257228404284
1467,0.111623451114
1468,0.885339081287
1469,0.51461571455
1470,0.921938419342
1471,0.711984932423
1472,0.715623438358
1473,0.548504471779
1474,0.651253163815
1475,0.789855778217
1476,0.11020116508
1477,0.217738136649
1478,0.801934063435
1479,0.0624632388353
1480,0.285182088614
1481,0.139552161098
1482,0.674727082253
1483,0.329702824354
1484,0.840589046478
1485,0.339005440474
1486,0.740518510342
1487,0.238040328026
1488,0.853059828281
1489,0.573433458805
1490,0.622186779976
1491,0.354509502649
1492,0.440124720335
1493,0.884151756763
1494,0.13761946559
1495,0.882693946362
1496,0.598703086376
1497,0.919719934464
1498,0.874631822109
1499,0.376055002213
1500,0.922860980034
1501,0.295941621065
1502,0.600893676281
1503,0.924780607224
1504,0.807118058205
1505,0.521407604218
1506,0.669973134995
1507,0.146822303534
1508,0.180178552866
1509,0.837090909481
1510,0.561686873436
1511,0.126528546214
1512,0.107914693654
1513,0.138200297952
1514,0.225114777684
1515,0.277129352093
1516,0.663679242134
1517,0.225524023175
1518,0.0722673758864
1519,0.201352193952
1520,0.250651627779
1521,0.137624427676
1522,0.492957353592
1523,0.256371200085
1524,0.29232737422
1525,0.198529809713
1526,0.840778470039
1527,0.835261821747
1528,0.641095936298
1529,0.165475353599
1530,0.860202074051
1531,0.807591557503
1532,0.899380862713
1533,0.362170815468
1534,0.956400811672
1535,0.774865567684
1536,0.817973852158
1537,0.351044714451
1538,0.657930195332
1539,0.826576292515
1540,0.254665881395
1541,0.967204153538
1542,0.885838150978
1543,0.754424631596
1544,0.940824449062
1545,0.325424134731
1546,0.0965886488557
1547,0.129454359412
1548,0.180376529694
1549,0.77185356617
1550,0.883710086346
1551,0.551856458187
1552,0.0933375805616
1553,0.195439517498
1554,0.909588396549
1555,0.596464633942
1556,0.915221273899
1557,0.710441350937
1558,0.307575136423
1559,0.681230485439
1560,0.810232758522
1561,0.761290669441
1562,0.689801931381
1563,0.654659152031
1564,0.597921729088
1565,0.280328422785
1566,0.877580165863
1567,0.745654463768
1568,0.895737826824
1569,0.769989132881
1570,0.072829566896
1571,0.769709646702
1572,0.0829114764929
1573,0.859330773354
1574,0.723060488701
1575,0.848002254963
1576,0.798612117767
1577,0.638661384583
1578,0.238853782415
1579,0.765442609787
1580,0.664667844772
1581,0.371107250452
1582,0.845863044262
1583,0.607385277748
1584,0.885495781898
1585,0.791026055813
1586,0.872431278229
1587,0.820884168148
1588,0.328205734491
1589,0.910334050655
1590,0.867003858089
1591,0.838195681572
1592,0.621242403984
1593,0.346529126167
1594,0.823394477367
1595,0.717759370804
1596,0.57033509016
1597,0.296797394753
1598,0.141931369901
1599,0.529604911804
1600,0.797035574913
1601,0.321415692568
1602,0.389132022858
1603,0.23909342289
1604,0.279830545187
1605,0.221335351467
1606,0.411781907082
1607,0.130817577243
1608,0.110252819955
1609,0.0613869354129
1610,0.251844346523
1611,0.169800490141
1612,0.812751591206
1613,0.755381524563
1614,0.0593160837889
1615,0.932162642479
1616,0.223472386599
1617,0.33269816637
1618,0.748120963573
1619,0.801170408726
1620,0.836599946022
1621,0.908022105694
1622,0.161184549332
1623,0.687290072441
1624,0.869892001152
1625,0.538863480091
1626,0.869012951851
1627,0.0921486988664
1628,0.781760811806
1629,0.566926419735
1630,0.824140012264
1631,0.172912761569
1632,0.877802968025
1633,0.818845808506
1634,0.760387957096
1635,0.327470600605
1636,0.854906797409
1637,0.376649230719
1638,0.0480663478374
1639,0.800116717815
1640,0.854897856712
1641,0.176963284612
1642,0.787283182144
1643,0.23862798512
1644,0.885108232498
1645,0.789712548256
1646,0.795026004314
1647,0.50798279047
1648,0.257459521294
1649,0.45859837532
1650,0.867717862129
1651,0.908968746662
1652,0.647195398808
1653,0.890470445156
1654,0.327945262194
1655,0.768274664879
1656,0.409336358309
1657,0.699201285839
1658,0.0336045399308
1659,0.800242304802
1660,0.654847145081
1661,0.13395126164
1662,0.244664177299
1663,0.352112591267
1664,0.72317636013
1665,0.725820541382
1666,0.290155768394
1667,0.318272173405
1668,0.809093356133
1669,0.819670498371
1670,0.23948661983
1671,0.784731149673
1672,0.192694917321
1673,0.655889809132
1674,0.895372629166
1675,0.174250692129
1676,0.169401451945
1677,0.928412616253
1678,0.32387560606
1679,0.853313028812
1680,0.680914282799
1681,0.831906616688
1682,0.80938410759
1683,0.79411393404
1684,0.957451939583
1685,0.181337460876
1686,0.796745240688
1687,0.175910994411
1688,0.505850791931
1689,0.107940100133
1690,0.584977507591
1691,0.319654345512
1692,0.805762350559
1693,0.843979358673
1694,0.886768400669
1695,0.458926320076
1696,0.104932636023
1697,0.0466106645763
1698,0.22371019423
1699,0.290529966354
1700,0.205225601792
1701,0.839241147041
1702,0.727628648281
1703,0.896515727043
1704,0.522193551064
1705,0.360089480877
1706,0.886613249779
1707,0.24946051836
1708,0.924826979637
1709,0.272543251514
1710,0.180976182222
1711,0.893233239651
1712,0.491490006447
1713,0.932142615318
1714,0.220810770988
1715,0.206142902374
1716,0.582003057003
1717,0.885322511196
1718,0.279660999775
1719,0.786255598068
1720,0.34887060523
1721,0.139481529593
1722,0.866431891918
1723,0.264191836119
1724,0.110273100436
1725,0.78097474575
1726,0.506087422371
1727,0.911508202553
1728,0.75218307972
1729,0.0758229494095
1730,0.835647165775
1731,0.356303542852
1732,0.781316041946
1733,0.440836817026
1734,0.54567193985
1735,0.869143247604
1736,0.907127797604
1737,0.874978542328
1738,0.787935256958
1739,0.909423232079
1740,0.28264811635
1741,0.889633059502
1742,0.78779488802
1743,0.236648365855
1744,0.145917490125
1745,0.290556401014
1746,0.293848961592
1747,0.652757406235
1748,0.790306925774
1749,0.300475031137
1750,0.255225121975
1751,0.657082796097
1752,0.822125852108
1753,0.212229862809
1754,0.315057575703
1755,0.733392357826
1756,0.146040067077
1757,0.267285525799
1758,0.23899282515
1759,0.890586972237
1760,0.316117465496
1761,0.852407574654
1762,0.810021340847
1763,0.527402222157
1764,0.787922561169
1765,0.162013798952
1766,0.465229034424
1767,0.787367045879
1768,0.355452179909
1769,0.780414640903
1770,0.124709896743
1771,0.128748908639
1772,0.208479583263
1773,0.245068341494
1774,0.696146070957
1775,0.714425206184
1776,0.832918345928
1777,0.52567666769
1778,0.670188486576
1779,0.731169402599
1780,0.298971056938
1781,0.123364537954
1782,0.555512309074
1783,0.261843144894
1784,0.909181237221
1785,0.79120182991
1786,0.253207623959
1787,0.892723441124
1788,0.896005988121
1789,0.769803404808
1790,0.691036343575
1791,0.239031046629
1792,0.492163449526
1793,0.885809957981
1794,0.090021699667
1795,0.768927335739
1796,0.313191890717
1797,0.778310120106
1798,0.0600816234946
1799,0.675090551376
1800,0.690503299236
1801,0.544226229191
1802,0.357577741146
1803,0.103467255831
1804,0.763914942741
1805,0.245628148317
1806,0.68589413166
1807,0.8542329669
1808,0.174654215574
1809,0.888561010361
1810,0.752098441124
1811,0.188402101398
1812,0.724512994289
1813,0.868909239769
1814,0.236720457673
1815,0.85394513607
1816,0.272713243961
1817,0.713256895542
1818,0.865906000137
1819,0.254320085049
1820,0.920422255993
1821,0.85154992342
1822,0.461169362068
1823,0.482104420662
1824,0.89463275671
1825,0.210497781634
1826,0.109612457454
1827,0.13809196651
1828,0.225437268615
1829,0.562353432178
1830,0.387421578169
1831,0.585825681686
1832,0.117857336998
1833,0.912902414799
1834,0.185366347432
1835,0.942934989929
1836,0.86487787962
1837,0.123821802437
1838,0.730616927147
1839,0.866438150406
1840,0.271407395601
1841,0.349676907063
1842,0.65355026722
1843,0.112265795469
1844,0.606697916985
1845,0.937504053116
1846,0.315925806761
1847,0.853761076927
1848,0.819118499756
1849,0.157681971788
1850,0.950683712959
1851,0.633191764355
1852,0.80053538084
1853,0.143585905433
1854,0.237145587802
1855,0.689377069473
1856,0.392418056726
1857,0.0730656459928
1858,0.19279807806
1859,0.0734441056848
1860,0.213433638215
1861,0.378369092941
1862,0.198764145374
1863,0.300054937601
1864,0.11460404098
1865,0.809440612793
1866,0.358363866806
1867,0.390986293554
1868,0.327734410763
1869,0.308747321367
1870,0.0601886734366
1871,0.749542593956
1872,0.140301540494
1873,0.228579550982
1874,0.75807338953
1875,0.738491117954
1876,0.105064302683
1877,0.858605265617
1878,0.821983993053
1879,0.483999967575
1880,0.430180519819
1881,0.34719774127
1882,0.866204380989
1883,0.0988271310925
1884,0.665481328964
1885,0.787130236626
1886,0.211672753096
1887,0.212573334575
1888,0.306868463755
1889,0.314242482185
1890,0.337697923183
1891,0.765964686871
1892,0.128368452191
1893,0.165336236358
1894,0.809414446354
1895,0.203347101808
1896,0.828202664852
1897,0.870175123215
1898,0.766030430794
1899,0.239665031433
1900,0.626382172108
1901,0.776804685593
1902,0.819467365742
1903,0.931106328964
1904,0.92413020134
1905,0.420147269964
1906,0.145561590791
1907,0.967714965343
1908,0.905445277691
1909,0.9382199049
1910,0.484534531832
1911,0.631817519665
1912,0.0958923324943
1913,0.74166482687
1914,0.314923018217
1915,0.139226168394
1916,0.202449575067
1917,0.713819026947
1918,0.597934365273
1919,0.129735723138
1920,0.25575402379
1921,0.186032190919
1922,0.696727871895
1923,0.767453491688
1924,0.445645391941
1925,0.83850300312
1926,0.0900040268898
1927,0.0721012726426
1928,0.313740313053
1929,0.176518261433
1930,0.813549458981
1931,0.0573291778564
1932,0.734436571598
1933,0.116468198597
1934,0.277994960546
1935,0.051757030189
1936,0.957540810108
1937,0.177014917135
1938,0.670009672642
1939,0.332204729319
1940,0.148522570729
1941,0.232417196035
1942,0.925027668476
1943,0.299078762531
1944,0.857600986958
1945,0.63966190815
1946,0.071441181004
1947,0.145998209715
1948,0.197226718068
1949,0.194369152188
1950,0.849059164524
1951,0.310022979975
1952,0.304433822632
1953,0.534082353115
1954,0.423840105534
1955,0.295952022076
1956,0.908022105694
1957,0.560040056705
1958,0.764805793762
1959,0.761056900024
1960,0.0642478913069
1961,0.255877286196
1962,0.815988183022
1963,0.901942551136
1964,0.415499687195
1965,0.887837946415
1966,0.212176427245
1967,0.214323058724
1968,0.8515817523
1969,0.423028349876
1970,0.16453024745
1971,0.853263556957
1972,0.512935161591
1973,0.750900924206
1974,0.86136931181
1975,0.400423914194
1976,0.806791245937
1977,0.785030603409
1978,0.73980152607
1979,0.810340166092
1980,0.229570001364
1981,0.911366403103
1982,0.61365789175
1983,0.841859400272
1984,0.740480542183
1985,0.310452312231
1986,0.616974651814
1987,0.882059752941
1988,0.849162518978
1989,0.907554388046
1990,0.794718921185
1991,0.256519854069
1992,0.269399493933
1993,0.809707760811
1994,0.860633015633
1995,0.642445027828
1996,0.294550299644
1997,0.806571125984
1998,0.636964976788
1999,0.303514182568
2000,0.883311152458
2001,0.0347721762955
2002,0.243752285838
2003,0.613615572453
2004,0.361472606659
2005,0.243817970157
2006,0.178869381547
2007,0.582373201847
2008,0.671865105629
2009,0.49939930439
2010,0.0632705539465
2011,0.811779379845
2012,0.867459535599
2013,0.935936510563
2014,0.774149894714
2015,0.667394578457
2016,0.776755571365
2017,0.871515095234
2018,0.771506369114
2019,0.0818837732077
2020,0.864782571793
2021,0.588261067867
2022,0.79346716404
2023,0.633324086666
2024,0.282547593117
2025,0.805377542973
2026,0.935252189636
2027,0.574169337749
2028,0.733392357826
2029,0.410112887621
2030,0.826854228973
2031,0.870796024799
2032,0.577622592449
2033,0.407087892294
2034,0.0503021515906
2035,0.860605478287
2036,0.36584430933
2037,0.0736494883895
2038,0.452162921429
2039,0.781909644604
2040,0.180823162198
2041,0.721489071846
2042,0.761353373528
2043,0.382647573948
2044,0.554079294205
2045,0.853319168091
2046,0.847108840942
2047,0.563723742962
2048,0.835369348526
2049,0.686016798019
2050,0.923857152462
2051,0.897791743279
2052,0.91704672575
2053,0.684833645821
2054,0.892588555813
2055,0.0374733954668
2056,0.779385626316
2057,0.514773488045
2058,0.898538470268
2059,0.439539372921
2060,0.150045663118
2061,0.286178231239
2062,0.324230581522
2063,0.170145630836
2064,0.225607559085
2065,0.0383690781891
2066,0.0881453081965
2067,0.478931605816
2068,0.113050431013
2069,0.363884449005
2070,0.867806732655
2071,0.221015825868
2072,0.121559455991
2073,0.319280833006
2074,0.468855291605
2075,0.809293210506
2076,0.328546196222
2077,0.873446583748
2078,0.517406702042
2079,0.492378205061
2080,0.147111520171
2081,0.770714521408
2082,0.564659535885
2083,0.904490828514
2084,0.185375124216
2085,0.585482060909
2086,0.319656550884
2087,0.835579752922
2088,0.319126427174
2089,0.727008879185
2090,0.622051954269
2091,0.285340666771
2092,0.794516503811
2093,0.551788389683
2094,0.827476382256
2095,0.776990115643
2096,0.228541195393
2097,0.301859438419
2098,0.122002489865
2099,0.690878272057
2100,0.297400444746
2101,0.911437273026
2102,0.896927535534
2103,0.277298629284
2104,0.941150307655
2105,0.648497581482
2106,0.746243715286
2107,0.776435315609
2108,0.709967792034
2109,0.416062086821
2110,0.22595462203
2111,0.293087601662
2112,0.661594688892
2113,0.0526594854891
2114,0.745155513287
2115,0.331488311291
2116,0.956229805946
2117,0.270375669003
2118,0.600658237934
2119,0.314089179039
2120,0.146619573236
2121,0.752229452133
2122,0.729205846786
2123,0.631602168083
2124,0.614555537701
2125,0.784912645817
2126,0.332129538059
2127,0.24213334918
2128,0.912739396095
2129,0.0988261848688
2130,0.889764428139
2131,0.852759003639
2132,0.624990224838
2133,0.905830800533
2134,0.12147783488
2135,0.593119323254
2136,0.428962290287
2137,0.159109547734
2138,0.773277163506
2139,0.261162251234
2140,0.922715127468
2141,0.435544490814
2142,0.846077740192
2143,0.779784917831
2144,0.29376578331
2145,0.644575059414
2146,0.195746526122
2147,0.445720523596
2148,0.952159285545
2149,0.887840032578
2150,0.625667452812
2151,0.769738078117
2152,0.157081499696
2153,0.128115311265
2154,0.279576838017
2155,0.640608310699
2156,0.123696938157
2157,0.23094651103
2158,0.217279374599
2159,0.135726049542
2160,0.486203551292
2161,0.921903789043
2162,0.685643494129
2163,0.85751503706
2164,0.774819374084
2165,0.23094651103
2166,0.606657505035
2167,0.647714912891
2168,0.812110364437
2169,0.105893962085
2170,0.442197829485
2171,0.768641829491
2172,0.596162796021
2173,0.615161597729
2174,0.315959066153
2175,0.456580966711
2176,0.728230953217
2177,0.909012556076
2178,0.419707238674
2179,0.553964853287
2180,0.522586047649
2181,0.761110842228
2182,0.861499786377
2183,0.109914593399
2184,0.612023234367
2185,0.727091908455
2186,0.950881063938
2187,0.865504682064
2188,0.0854786336422
2189,0.856342196465
2190,0.796340584755
2191,0.249227300286
2192,0.179552003741
2193,0.155524849892
2194,0.155513674021
2195,0.0937396213412
2196,0.243357107043
2197,0.298122853041
2198,0.297104001045
2199,0.661377489567
2200,0.558969199657
2201,0.814316093922
2202,0.237131804228
2203,0.537452340126
2204,0.0555089637637
2205,0.888086557388
2206,0.604222595692
2207,0.346844524145
2208,0.121454291046
2209,0.913286745548
2210,0.601291418076
2211,0.772564291954
2212,0.352650761604
2213,0.249920159578
2214,0.531103789806
2215,0.141874149442
2216,0.896236240864
2217,0.804667413235
2218,0.645334303379
2219,0.83775395155
2220,0.157786786556
2221,0.812475502491
2222,0.615449428558
2223,0.820123910904
2224,0.152505040169
2225,0.754421412945
2226,0.594330072403
2227,0.240672141314
2228,0.827912151814
2229,0.86396664381
2230,0.423987597227
2231,0.609994053841
2232,0.665605425835
2233,0.67376101017
2234,0.946276724339
2235,0.109176456928
2236,0.279059976339
2237,0.617674827576
2238,0.275659918785
2239,0.447682380676
2240,0.496424973011
2241,0.576268136501
2242,0.873718857765
2243,0.265517115593
2244,0.90407460928
2245,0.715758740902
2246,0.477859526873
2247,0.412522494793
2248,0.842527389526
2249,0.19930100441
2250,0.176083147526
2251,0.636320054531
2252,0.794239044189
2253,0.866431891918
2254,0.556607544422
2255,0.0788718611002
2256,0.209138348699
2257,0.811584055424
2258,0.372242122889
2259,0.80059158802
2260,0.434269249439
2261,0.777123391628
2262,0.178676098585
2263,0.237858518958
2264,0.863984405994
2265,0.575446307659
2266,0.273164272308
2267,0.780698299408
2268,0.0533848442137
2269,0.73161149025
2270,0.373890131712
2271,0.302777022123
2272,0.426727443933
2273,0.800324082375
2274,0.886041045189
2275,0.104951292276
2276,0.647690474987
2277,0.909781813622
2278,0.374578773975
2279,0.13605800271
2280,0.838388681412
2281,0.198237463832
2282,0.643722116947
2283,0.886248111725
2284,0.120953902602
2285,0.265302270651
2286,0.0995689257979
2287,0.838677942753
2288,0.898015022278
2289,0.847894251347
2290,0.924245357513
2291,0.349592059851
2292,0.87888276577
2293,0.128424018621
2294,0.147062256932
2295,0.912535727024
2296,0.306299000978
2297,0.84654289484
2298,0.832217812538
2299,0.928770303726
2300,0.410453945398
2301,0.417903393507
2302,0.898070216179
2303,0.773296713829
2304,0.874522089958
2305,0.898348271847
2306,0.782030284405
2307,0.74695879221
2308,0.947817087173
2309,0.0919423699379
2310,0.639280855656
2311,0.817445337772
2312,0.682323396206
2313,0.822616457939
2314,0.244427919388
2315,0.366677731276
2316,0.464810401201
2317,0.534512221813
2318,0.655663669109
2319,0.864624083042
2320,0.860647678375
2321,0.7713778615
2322,0.821677386761
2323,0.88818359375
2324,0.366796642542
2325,0.309123426676
2326,0.125163853168
2327,0.228428900242
2328,0.894432246685
2329,0.49270644784
2330,0.882689297199
2331,0.653858602047
2332,0.240811169147
2333,0.532828330994
2334,0.287583678961
2335,0.57750326395
2336,0.850339472294
2337,0.314201772213
2338,0.713087379932
2339,0.764790058136
2340,0.546992003918
2341,0.614829778671
2342,0.884935677052
2343,0.844880402088
2344,0.871357262135
2345,0.840951561928
2346,0.876956760883
2347,0.111697308719
2348,0.327358603477
2349,0.332745194435
2350,0.748710930347
2351,0.685172975063
2352,0.311128497124
2353,0.137305915356
2354,0.915625572205
2355,0.212420672178
2356,0.107922293246
2357,0.908022105694
2358,0.806340754032
2359,0.255826711655
2360,0.850970387459
2361,0.161253347993
2362,0.212746396661
2363,0.356589645147
2364,0.143010392785
2365,0.18280275166
2366,0.567045450211
2367,0.806769371033
2368,0.212351709604
2369,0.192050531507
2370,0.124182447791
2371,0.605881035328
2372,0.914816141129
2373,0.792948901653
2374,0.338353842497
2375,0.600525617599
2376,0.555670142174
2377,0.8126257658
2378,0.749019384384
2379,0.824140012264
2380,0.839082896709
2381,0.924313187599
2382,0.117977634072
2383,0.680078804493
2384,0.257317513227
2385,0.286984622478
2386,0.928762733936
2387,0.539448618889
2388,0.767006337643
2389,0.877938389778
2390,0.219136402011
2391,0.480443000793
2392,0.178632974625
2393,0.77018892765
2394,0.789899647236
2395,0.706401348114
2396,0.130248785019
2397,0.440653771162
2398,0.200581714511
2399,0.591548383236
2400,0.927880942822
2401,0.908879101276
2402,0.876492023468
2403,0.0659240558743
2404,0.294375091791
2405,0.704246878624
2406,0.642762482166
2407,0.169741407037
2408,0.899971961975
2409,0.194682538509
2410,0.258455634117
2411,0.231277197599
2412,0.926889419556
2413,0.795661568642
2414,0.230774626136
2415,0.557795703411
2416,0.829543709755
2417,0.577298104763
2418,0.850459516048
2419,0.687123119831
2420,0.7728561759
2421,0.434177666903
2422,0.705004036427
2423,0.12405256182
2424,0.561532557011
2425,0.887242019176
2426,0.325292736292
2427,0.0644584596157
2428,0.858278691769
2429,0.772506058216
2430,0.270620286465
2431,0.520550847054
2432,0.0913649573922
2433,0.542919933796
2434,0.815599024296
2435,0.76088488102
2436,0.874586999416
2437,0.5365062356
2438,0.744020044804
2439,0.262567549944
2440,0.303869754076
2441,0.0346927046776
2442,0.903401315212
2443,0.233341023326
2444,0.104543186724
2445,0.939298033714
2446,0.688262522221
2447,0.829714536667
2448,0.863728225231
2449,0.467634946108
2450,0.937902033329
2451,0.334840089083
2452,0.0691552460194
2453,0.218407422304
2454,0.903083503246
2455,0.162884220481
2456,0.187749430537
2457,0.75742161274
2458,0.0747956112027
2459,0.930075764656
2460,0.874865531921
2461,0.589168488979
2462,0.0802233666182
2463,0.931046307087
2464,0.888649821281
2465,0.418984085321
2466,0.914616167545
2467,0.149279922247
2468,0.900764465332
2469,0.195546299219
2470,0.0544011443853
2471,0.828364431858
2472,0.896371364594
2473,0.868008613586
2474,0.134658411145
2475,0.445638000965
2476,0.175680726767
2477,0.654656887054
2478,0.899509012699
2479,0.579457998276
2480,0.105459533632
2481,0.095808275044
2482,0.896921992302
2483,0.282282441854
2484,0.362231403589
2485,0.207316756248
2486,0.83534681797
2487,0.606903076172
2488,0.873594045639
2489,0.901661813259
2490,0.109875887632
2491,0.887421965599
2492,0.852317869663
2493,0.284337371588
2494,0.840289711952
2495,0.123257763684
2496,0.864448130131
2497,0.740491092205
2498,0.715699911118
2499,0.609315097332
2500,0.798157930374
2501,0.390528798103
2502,0.157847121358
2503,0.615086078644
2504,0.59958422184
2505,0.162753939629
2506,0.794082939625
2507,0.289789676666
2508,0.385521620512
2509,0.331588625908
2510,0.625819265842
2511,0.855714857578
2512,0.647740721703
2513,0.601334929466
2514,0.43030577898
2515,0.771021187305
2516,0.930765628815
2517,0.334702849388
2518,0.895681500435
2519,0.778124392033
2520,0.816775262356
2521,0.171176046133
2522,0.149022549391
2523,0.879451334476
2524,0.463045030832
2525,0.74143666029
2526,0.323120296001
2527,0.896641433239
2528,0.863099932671
2529,0.855648159981
2530,0.322132647038
2531,0.643795728683
2532,0.224846899509
2533,0.22497574985
2534,0.90237480402
2535,0.805579721928
2536,0.896110892296
2537,0.146637052298
2538,0.137097463012
2539,0.858544945717
2540,0.576940476894
2541,0.118855446577
2542,0.75358247757
2543,0.90091240406
2544,0.716717541218
2545,0.810996949673
2546,0.486665695906
2547,0.205715820193
2548,0.274412512779
2549,0.764085769653
2550,0.821559429169
2551,0.952362298965
2552,0.502622365952
2553,0.908533334732
2554,0.823032021523
2555,0.780048549175
2556,0.884857833385
2557,0.148020669818
2558,0.12053412199
2559,0.483684659004
2560,0.841544210911
2561,0.882124960423
2562,0.743462145329
2563,0.289915800095
2564,0.599043726921
2565,0.130946516991
2566,0.166410192847
2567,0.276125699282
2568,0.663837850094
2569,0.905676364899
2570,0.567841827869
2571,0.881618976593
2572,0.811304211617
2573,0.746392130852
2574,0.223950341344
2575,0.909822523594
2576,0.787944078445
2577,0.926356136799
2578,0.369158864021
2579,0.0713640898466
2580,0.129489064217
2581,0.216340586543
2582,0.872528910637
2583,0.573843181133
2584,0.62106949091
2585,0.500097751617
2586,0.802528560162
2587,0.13060349226
2588,0.671703934669
2589,0.77870464325
2590,0.816820383072
2591,0.0677191019058
2592,0.533067405224
2593,0.889392316341
2594,0.336365908384
2595,0.673911869526
2596,0.0665431320667
2597,0.0558777190745
2598,0.212078928947
2599,0.864056587219
2600,0.346564173698
2601,0.117316260934
2602,0.769414782524
2603,0.833825588226
2604,0.819799244404
2605,0.141592979431
2606,0.196230977774
2607,0.890979230404
2608,0.393967479467
2609,0.175251021981
2610,0.262531548738
2611,0.771629095078
2612,0.90600246191
2613,0.271874159575
2614,0.880640387535
2615,0.211973056197
2616,0.54185628891
2617,0.745343804359
2618,0.565477907658
2619,0.867676079273
2620,0.608869612217
2621,0.891109406948
2622,0.295089483261
2623,0.739640653133
2624,0.87556219101
2625,0.564148843288
2626,0.15483866632
2627,0.865336120129
2628,0.730329871178
2629,0.158493354917
2630,0.438238739967
2631,0.157266691327
2632,0.0968860760331
2633,0.188014671206
2634,0.351809471846
2635,0.818785786629
2636,0.270322352648
2637,0.241093799472
2638,0.87905305624
2639,0.779610931873
2640,0.400246441364
2641,0.160334706306
2642,0.143160298467
2643,0.0971288830042
2644,0.64365875721
2645,0.654734373093
2646,0.445755660534
2647,0.161283448339
2648,0.541734993458
2649,0.063763923943
2650,0.332238823175
2651,0.852667808533
2652,0.608310937881
2653,0.183089032769
2654,0.955159604549
2655,0.233423173428
2656,0.875124812126
2657,0.123256750405
2658,0.712358951569
2659,0.910496592522
2660,0.683096468449
2661,0.455925911665
2662,0.215489804745
2663,0.840006709099
2664,0.908167243004
2665,0.736219167709
2666,0.621599674225
2667,0.502043902874
2668,0.86220896244
2669,0.955386519432
2670,0.614211857319
2671,0.157340526581
2672,0.662967562675
2673,0.835565388203
2674,0.834036648273
2675,0.933961331844
2676,0.215384021401
2677,0.750998020172
2678,0.231262937188
2679,0.867176473141
2680,0.160013020039
2681,0.10513920337
2682,0.204485401511
2683,0.326680511236
2684,0.913804769516
2685,0.901186525822
2686,0.230075776577
2687,0.662799715996
2688,0.333045482635
2689,0.682893097401
2690,0.793969452381
2691,0.876702368259
2692,0.177976027131
2693,0.793660759926
2694,0.192968636751
2695,0.433149188757
2696,0.569255650043
2697,0.265241712332
2698,0.0872967094183
2699,0.899902462959
2700,0.367228627205
2701,0.777280509472
2702,0.922854304314
2703,0.896005034447
2704,0.117820650339
2705,0.862218916416
2706,0.775638818741
2707,0.715623319149
2708,0.567079484463
2709,0.0636956244707
2710,0.62666708231
2711,0.205028489232
2712,0.945233404636
2713,0.416216135025
2714,0.10798804462
2715,0.70427519083
2716,0.73288923502
2717,0.916622042656
2718,0.190075546503
2719,0.635230541229
2720,0.604594290257
2721,0.751303911209
2722,0.205926403403
2723,0.314095318317
2724,0.705784618855
2725,0.151142761111
2726,0.272160202265
2727,0.739358663559
2728,0.573029398918
2729,0.808845281601
2730,0.888529896736
2731,0.682700693607
2732,0.808897435665
2733,0.747453033924
2734,0.263731777668
2735,0.521549105644
2736,0.357435375452
2737,0.213839739561
2738,0.154402583838
2739,0.130693435669
2740,0.598489403725
2741,0.18197311461
2742,0.734748780727
2743,0.707738757133
2744,0.923246026039
2745,0.133720591664
2746,0.347073584795
2747,0.537750720978
2748,0.869214355946
2749,0.379179537296
2750,0.870695769787
2751,0.83788895607
2752,0.799722135067
2753,0.702856063843
2754,0.392144709826
2755,0.143065989017
2756,0.900633275509
2757,0.278773069382
2758,0.830044746399
2759,0.698663592339
2760,0.467667073011
2761,0.625069081783
2762,0.445643514395
2763,0.737839460373
2764,0.128005668521
2765,0.153974637389
2766,0.726108372211
2767,0.805241167545
2768,0.682110905647
2769,0.853673994541
2770,0.187709644437
2771,0.837473630905
2772,0.297507941723
2773,0.213493168354
2774,0.247236907482
2775,0.184120163321
2776,0.881300926208
2777,0.171609729528
2778,0.127391278744
2779,0.250576525927
2780,0.136487349868
2781,0.608223855495
2782,0.812408328056
2783,0.215679854155
2784,0.0365571193397
2785,0.610182821751
2786,0.446745872498
2787,0.484185695648
2788,0.956693470478
2789,0.277290642262
2790,0.923246026039
2791,0.287011682987
2792,0.719924390316
2793,0.645643949509
2794,0.135884091258
2795,0.248929396272
2796,0.305434882641
2797,0.316198050976
2798,0.135009512305
2799,0.862210690975
2800,0.88026881218
2801,0.833440244198
2802,0.77531516552
2803,0.763898491859
2804,0.312562823296
2805,0.28643193841
2806,0.173547372222
2807,0.368997812271
2808,0.868588387966
2809,0.178075179458
2810,0.380095869303
2811,0.306845068932
2812,0.739304959774
2813,0.47379732132
2814,0.293825864792
2815,0.469934016466
2816,0.348699957132
2817,0.855487108231
2818,0.523583233356
2819,0.891415715218
2820,0.534763336182
2821,0.673288285732
2822,0.849398195744
2823,0.737850248814
2824,0.236489415169
2825,0.0775655582547
2826,0.748018085957
2827,0.807473480701
2828,0.587368607521
2829,0.177728876472
2830,0.770287513733
2831,0.566191136837
2832,0.316248804331
2833,0.914478898048
2834,0.730031073093
2835,0.880078673363
2836,0.566034853458
2837,0.136259078979
2838,0.267964273691
2839,0.881549417973
2840,0.0751697868109
2841,0.658854067326
2842,0.160745501518
2843,0.811629474163
2844,0.48670488596
2845,0.808637797832
2846,0.875143945217
2847,0.947026491165
2848,0.883649647236
2849,0.647349059582
2850,0.249876916409
2851,0.593353271484
2852,0.223692536354
2853,0.171787798405
2854,0.753532469273
2855,0.249372988939
2856,0.284774899483
2857,0.129626959562
2858,0.609221994877
2859,0.0728389546275
2860,0.83128041029
2861,0.207807943225
2862,0.211438119411
2863,0.172398611903
2864,0.0513580776751
2865,0.178505688906
2866,0.196572303772
2867,0.827129304409
2868,0.918319702148
2869,0.874389946461
2870,0.802850186825
2871,0.295836806297
2872,0.385587185621
2873,0.755997180939
2874,0.515631556511
2875,0.20974637568
2876,0.885833740234
2877,0.0580716133118
2878,0.153280764818
2879,0.802688777447
2880,0.646370828152
2881,0.148895353079
2882,0.33893558383
2883,0.60394769907
2884,0.234778821468
2885,0.356275618076
2886,0.872989535332
2887,0.603582501411
2888,0.817431032658
2889,0.628921031952
2890,0.0979759246111
2891,0.84984099865
2892,0.310349702835
2893,0.921000897884
2894,0.360984534025
2895,0.806982338428
2896,0.895604014397
2897,0.801367223263
2898,0.333534121513
2899,0.666706323624
2900,0.139907166362
2901,0.822384417057
2902,0.859236657619
2903,0.932092428207
2904,0.24542440474
2905,0.323514550924
2906,0.922121524811
2907,0.347054481506
2908,0.883670508862
2909,0.0677191019058
2910,0.455925911665
2911,0.176144644618
2912,0.234364271164
2913,0.639773130417
2914,0.540324151516
2915,0.215297430754
2916,0.112217836082
2917,0.858144879341
2918,0.178369402885
2919,0.0514575280249
2920,0.742949724197
2921,0.347003757954
2922,0.374832391739
2923,0.449434071779
2924,0.293747991323
2925,0.466955453157
2926,0.233717724681
2927,0.795559406281
2928,0.107486099005
2929,0.137746170163
2930,0.873594045639
2931,0.422729939222
2932,0.363233536482
2933,0.212638378143
2934,0.0597697012126
2935,0.887726962566
2936,0.85035020113
2937,0.798533141613
2938,0.947315633297
2939,0.675733029842
2940,0.483826220036
2941,0.341451436281
2942,0.880452334881
2943,0.21201698482
2944,0.180744588375
2945,0.205733075738
2946,0.931425094604
2947,0.0646897628903
2948,0.917560040951
2949,0.402510076761
2950,0.384272664785
2951,0.101188868284
2952,0.734378159046
2953,0.492336004972
2954,0.0389391221106
2955,0.623486399651
2956,0.824863255024
2957,0.311329185963
2958,0.333681106567
2959,0.437141805887
2960,0.139391764998
2961,0.922197580338
2962,0.839802742004
2963,0.208146676421
2964,0.222175747156
2965,0.706349074841
2966,0.811047375202
2967,0.856463551521
2968,0.861600518227
2969,0.906943798065
2970,0.917018055916
2971,0.336192518473
2972,0.933391749859
2973,0.67542463541
2974,0.19249817729
2975,0.816224455833
2976,0.203369408846
2977,0.872828960419
2978,0.808579027653
2979,0.53759676218
2980,0.11666495353
2981,0.653985917568
2982,0.250762462616
2983,0.602936387062
2984,0.0728389546275
2985,0.0918921977282
2986,0.85854780674
2987,0.145909354091
2988,0.199832439423
2989,0.272899836302
2990,0.166021168232
2991,0.91938918829
2992,0.571532070637
2993,0.373408585787
2994,0.899839997292
2995,0.0996848121285
2996,0.686111688614
2997,0.909418880939
2998,0.640494525433
2999,0.654011905193
3000,0.278462052345
3001,0.223316803575
3002,0.544668614864
3003,0.772639751434
3004,0.136479958892
3005,0.909211993217
3006,0.789964914322
3007,0.374236732721
3008,0.201951757073
3009,0.642563343048
3010,0.800793707371
3011,0.853062868118
3012,0.720007300377
3013,0.854206204414
3014,0.223524644971
3015,0.670552551746
3016,0.162594467402
3017,0.356511473656
3018,0.264202058315
3019,0.0481955893338
3020,0.656971633434
3021,0.295573860407
3022,0.811131119728
3023,0.732395410538
3024,0.842642068863
3025,0.917968988419
3026,0.859148919582
3027,0.583436906338
3028,0.447097420692
3029,0.182143613696
3030,0.914183795452
3031,0.8236104846
3032,0.270076721907
3033,0.918090343475
3034,0.888618052006
3035,0.213794752955
3036,0.375090509653
3037,0.131053507328
3038,0.252100586891
3039,0.899375259876
3040,0.809133887291
3041,0.953686237335
3042,0.640989243984
3043,0.636695384979
3044,0.859027683735
3045,0.562866449356
3046,0.490815997124
3047,0.144359841943
3048,0.257966011763
3049,0.45828768611
3050,0.881647706032
3051,0.93212223053
3052,0.880879759789
3053,0.848311901093
3054,0.645408093929
3055,0.162700757384
3056,0.898889660835
3057,0.234157860279
3058,0.156137242913
3059,0.606279075146
3060,0.785223126411
3061,0.407434940338
3062,0.136913150549
3063,0.609909176826
3064,0.175016760826
3065,0.540868997574
3066,0.586868524551
3067,0.573908746243
3068,0.693694114685
3069,0.43068382144
3070,0.640368402004
3071,0.807787895203
3072,0.748637497425
3073,0.429057985544
3074,0.11958796531
3075,0.732783377171
3076,0.0851062983274
3077,0.139928847551
3078,0.765462636948
3079,0.90546810627
3080,0.279265999794
3081,0.832308769226
3082,0.937304913998
3083,0.143567115068
3084,0.824268341064
3085,0.813607215881
3086,0.264898300171
3087,0.128345385194
3088,0.150074899197
3089,0.899839997292
3090,0.763825297356
3091,0.172689735889
3092,0.802712023258
3093,0.868422806263
3094,0.915116250515
3095,0.84112071991
3096,0.868912875652
3097,0.630560517311
3098,0.741852164268
3099,0.132294237614
3100,0.850286066532
3101,0.694540441036
3102,0.872922241688
3103,0.823485016823
3104,0.638558745384
3105,0.860935807228
3106,0.558296024799
3107,0.130158320069
3108,0.406654447317
3109,0.273135334253
3110,0.786109685898
3111,0.841539919376
3112,0.760674417019
3113,0.0699282288551
3114,0.135368943214
3115,0.171672612429
3116,0.339269071817
3117,0.855472207069
3118,0.674960434437
3119,0.638829886913
3120,0.760353863239
3121,0.289095699787
3122,0.172738090158
3123,0.57525908947
3124,0.796012639999
3125,0.397056490183
3126,0.734444141388
3127,0.802965641022
3128,0.477193534374
3129,0.742748856544
3130,0.926134049892
3131,0.521114945412
3132,0.818642437458
3133,0.292596340179
3134,0.543992519379
3135,0.139388129115
3136,0.179545029998
3137,0.811023235321
3138,0.43432199955
3139,0.0684869065881
3140,0.0877684876323
3141,0.871197402477
3142,0.885869383812
3143,0.697030544281
3144,0.143699914217
3145,0.180953726172
3146,0.897946417332
3147,0.0691234245896
3148,0.125936925411
3149,0.739621162415
3150,0.857943177223
3151,0.591246962547
3152,0.0468184873462
3153,0.816775262356
3154,0.682439744473
3155,0.70808416605
3156,0.813595712185
3157,0.889891266823
3158,0.370551615953
3159,0.366003155708
3160,0.14577203989
3161,0.92249828577
3162,0.421092033386
3163,0.505180239677
3164,0.518056511879
3165,0.283137559891
3166,0.10513920337
3167,0.758072137833
3168,0.961531341076
3169,0.86875462532
3170,0.592148542404
3171,0.87546724081
3172,0.944464147091
3173,0.287696838379
3174,0.211846604943
3175,0.353864431381
3176,0.769806027412
3177,0.196076095104
3178,0.1345808357
3179,0.79833573103
3180,0.538614273071
3181,0.731935501099
3182,0.770531117916
3183,0.325139015913
3184,0.575908899307
3185,0.689287960529
3186,0.880324184895
3187,0.220912590623
3188,0.315672904253
3189,0.777583777905
3190,0.895058691502
3191,0.17326566577
3192,0.765122413635
3193,0.80361866951
3194,0.922859251499
3195,0.217379212379
3196,0.915420234203
3197,0.822027742863
3198,0.166298508644
3199,0.130809411407
3200,0.744782686234
3201,0.398669213057
3202,0.846655130386
3203,0.835074841976
3204,0.613481879234
3205,0.121523529291
3206,0.742274940014
3207,0.345888197422
3208,0.844923734665
3209,0.221790313721
3210,0.2413315624
3211,0.600282967091
3212,0.80625885725
3213,0.207140401006
3214,0.68361890316
3215,0.121247678995
3216,0.578593730927
3217,0.24099200964
3218,0.580508112907
3219,0.632141530514
3220,0.783783376217
3221,0.231818079948
3222,0.782497227192
3223,0.733761191368
3224,0.851621747017
3225,0.896641433239
3226,0.84903460741
3227,0.274969696999
3228,0.718023240566
3229,0.902411401272
3230,0.739264070988
3231,0.756516695023
3232,0.687060177326
3233,0.917018055916
3234,0.841053783894
3235,0.556361079216
3236,0.620008289814
3237,0.37102496624
3238,0.805029273033
3239,0.801270961761
3240,0.788088083267
3241,0.804364562035
3242,0.209281399846
3243,0.637816905975
3244,0.853905498981
3245,0.0762940943241
3246,0.130018204451
3247,0.177728876472
3248,0.657258450985
3249,0.814754664898
3250,0.641681373119
3251,0.830922067165
3252,0.13925679028
3253,0.105088680983
3254,0.437997043133
3255,0.616744101048
3256,0.464718729258
3257,0.227935597301
3258,0.134620517492
3259,0.845634520054
3260,0.200077876449
3261,0.674247324467
3262,0.0671386346221
3263,0.85203909874
3264,0.881108939648
3265,0.167257666588
3266,0.861597776413
3267,0.682955920696
3268,0.261107772589
3269,0.487783402205
3270,0.699497163296
3271,0.932429969311
3272,0.840266823769
3273,0.307247936726
3274,0.55314129591
3275,0.914879739285
3276,0.331547737122
3277,0.171611368656
3278,0.847176671028
3279,0.917018055916
3280,0.13823838532
3281,0.79576420784
3282,0.755781650543
3283,0.313046574593
3284,0.190072476864
3285,0.805495619774
3286,0.811411499977
3287,0.124622315168
3288,0.146075621247
3289,0.822836697102
3290,0.680251657963
3291,0.136989146471
3292,0.291912645102
3293,0.867600500584
3294,0.151983499527
3295,0.293317854404
3296,0.120643816888
3297,0.751901328564
3298,0.592043638229
3299,0.215541407466
3300,0.677371203899
3301,0.101932026446
3302,0.0640965327621
3303,0.303031861782
3304,0.747698903084
3305,0.524852931499
3306,0.540806174278
3307,0.0917106345296
3308,0.0907480195165
3309,0.249774068594
3310,0.540585458279
3311,0.826335549355
3312,0.886356949806
3313,0.535667836666
3314,0.712762355804
3315,0.103873841465
3316,0.735674738884
3317,0.712163627148
3318,0.569895744324
3319,0.376309603453
3320,0.091566413641
3321,0.73042011261
3322,0.862376689911
3323,0.333245664835
3324,0.777583777905
3325,0.454225033522
3326,0.805160045624
3327,0.318723201752
3328,0.169961214066
3329,0.479811728001
3330,0.186614438891
3331,0.644970357418
3332,0.834344983101
3333,0.785113334656
3334,0.332383930683
3335,0.153681084514
3336,0.801426112652
3337,0.161700308323
3338,0.303050637245
3339,0.814932525158
3340,0.910610318184
3341,0.880214869976
3342,0.147652521729
3343,0.926980376244
3344,0.173313871026
3345,0.217213839293
3346,0.699943125248
3347,0.848651707172
3348,0.150635004044
3349,0.334979951382
3350,0.204117238522
3351,0.909755527973
3352,0.84041172266
3353,0.472793668509
3354,0.534289598465
3355,0.868206858635
3356,0.19532212615
3357,0.202019825578
3358,0.92869001627
3359,0.278148889542
3360,0.888167321682
3361,0.897576868534
3362,0.103465400636
3363,0.814519643784
3364,0.708290219307
3365,0.787921786308
3366,0.772659897804
3367,0.572149157524
3368,0.80334186554
3369,0.934355974197
3370,0.840560257435
3371,0.89239192009
3372,0.842596292496
3373,0.688736259937
3374,0.0982888638973
3375,0.834210395813
3376,0.688601970673
3377,0.728500723839
3378,0.0659149363637
3379,0.635395109653
3380,0.421717345715
3381,0.157179653645
3382,0.168537721038
3383,0.148590728641
3384,0.655377328396
3385,0.470933794975
3386,0.718720674515
3387,0.467145681381
3388,0.892999112606
3389,0.669364452362
3390,0.396554887295
3391,0.0417476259172
3392,0.820101976395
3393,0.483564376831
3394,0.244637727737
3395,0.116248629987
3396,0.15714353323
3397,0.903666913509
3398,0.11162661761
3399,0.544983208179
3400,0.869948685169
3401,0.172505959868
3402,0.160311833024
3403,0.831687808037
3404,0.752688705921
3405,0.912549555302
3406,0.762791752815
3407,0.673021435738
3408,0.2153211236
3409,0.617240726948
3410,0.637688457966
3411,0.838292241096
3412,0.316942900419
3413,0.427494078875
3414,0.676525771618
3415,0.76474571228
3416,0.292111247778
3417,0.82434040308
3418,0.886174142361
3419,0.226009562612
3420,0.885670363903
3421,0.0435189753771
3422,0.119490273297
3423,0.881744503975
3424,0.11279335618
3425,0.221553087234
3426,0.119258508086
3427,0.946230649948
3428,0.723815381527
3429,0.896654844284
3430,0.944466292858
3431,0.43916580081
3432,0.540266036987
3433,0.695707380772
3434,0.139612779021
3435,0.134205520153
3436,0.703220307827
3437,0.784507751465
3438,0.377987861633
3439,0.663087129593
3440,0.870147824287
3441,0.248928010464
3442,0.630830049515
3443,0.912228405476
3444,0.8242649436
3445,0.590636074543
3446,0.648472249508
3447,0.570569097996
3448,0.825628101826
3449,0.298814624548
3450,0.813084542751
3451,0.101047091186
3452,0.217226997018
3453,0.90110373497
3454,0.273239761591
3455,0.723759949207
3456,0.918073952198
3457,0.835137009621
3458,0.0631879866123
3459,0.949591398239
3460,0.816549181938
3461,0.868426382542
3462,0.88962161541
3463,0.0643113404512
3464,0.0596025250852
3465,0.564631164074
3466,0.101099714637
3467,0.778445065022
3468,0.123566739261
3469,0.950622856617
3470,0.838153660297
3471,0.861461877823
3472,0.957442462444
3473,0.93268507719
3474,0.367655456066
3475,0.864448130131
3476,0.624814033508
3477,0.908679366112
3478,0.673622429371
3479,0.858787834644
3480,0.0860069543123
3481,0.679634571075
3482,0.089308924973
3483,0.576418995857
3484,0.165088579059
3485,0.151692181826
3486,0.805980265141
3487,0.716983795166
3488,0.727925002575
3489,0.0645842477679
3490,0.284879148006
3491,0.249897047877
3492,0.857476592064
3493,0.810439646244
3494,0.147632420063
3495,0.824360847473
3496,0.183503821492
3497,0.13571934402
3498,0.0334468893707
3499,0.205266058445
3500,0.666843891144
3501,0.322404921055
3502,0.669315516949
3503,0.376316696405
3504,0.630764782429
3505,0.841489434242
3506,0.455741673708
3507,0.351231902838
3508,0.164287298918
3509,0.835895121098
3510,0.358373314142
3511,0.871464729309
3512,0.848909258842
3513,0.150437697768
3514,0.80149525404
3515,0.0566237233579
3516,0.947355866432
3517,0.190964981914
3518,0.664654493332
3519,0.800676465034
3520,0.118583567441
3521,0.19555041194
3522,0.880054950714
3523,0.882533848286
3524,0.814066469669
3525,0.361527323723
3526,0.951311945915
3527,0.811695754528
3528,0.68900924921
3529,0.120024330914
3530,0.898561120033
3531,0.92300093174
3532,0.951410055161
3533,0.439387917519
3534,0.918064534664
3535,0.911389827728
3536,0.907645344734
3537,0.129489064217
3538,0.748304843903
3539,0.722314715385
3540,0.913594841957
3541,0.867561399937
3542,0.71876937151
3543,0.924380302429
3544,0.106611639261
3545,0.0614640675485
3546,0.826188445091
3547,0.812322497368
3548,0.622517049313
3549,0.549809515476
3550,0.654029130936
3551,0.191953018308
3552,0.526325881481
3553,0.821979641914
3554,0.652780592442
3555,0.781182587147
3556,0.694569289684
3557,0.662016391754
3558,0.180946141481
3559,0.551490902901
3560,0.108430795372
3561,0.303154468536
3562,0.48831987381
3563,0.922514617443
3564,0.422464698553
3565,0.644165933132
3566,0.891523420811
3567,0.187016770244
3568,0.220699474216
3569,0.214417770505
3570,0.290853232145
3571,0.157613888383
3572,0.848111569881
3573,0.0958688780665
3574,0.630567371845
3575,0.41277974844
3576,0.893880963326
3577,0.865321755409
3578,0.778640568256
3579,0.40493696928
3580,0.156168878078
3581,0.106181494892
3582,0.580094873905
3583,0.233729839325
3584,0.856407105923
3585,0.90123963356
3586,0.879491567612
3587,0.341279119253
3588,0.885044336319
3589,0.602994143963
3590,0.888468980789
3591,0.251508712769
3592,0.773990273476
3593,0.931447327137
3594,0.864169001579
3595,0.635457873344
3596,0.13598421216
3597,0.156679257751
3598,0.605326533318
3599,0.766797959805
3600,0.731188774109
3601,0.82718873024
3602,0.727071583271
3603,0.454602092505
3604,0.257847100496
3605,0.0523006618023
3606,0.105009682477
3607,0.167883247137
3608,0.833845496178
3609,0.515541791916
3610,0.44174399972
3611,0.261159092188
3612,0.854501664639
3613,0.691075086594
3614,0.0780676975846
3615,0.953149199486
3616,0.0704939365387
3617,0.674349308014
3618,0.180738180876
3619,0.853043735027
3620,0.600967943668
3621,0.708463191986
3622,0.126440182328
3623,0.898786365986
3624,0.203314065933
3625,0.534894168377
3626,0.213698849082
3627,0.718382418156
3628,0.862303972244
3629,0.685271441936
3630,0.120002172887
3631,0.816119492054
3632,0.681575655937
3633,0.85499984026
3634,0.751148939133
3635,0.909616708755
3636,0.92367964983
3637,0.812086522579
3638,0.0862881168723
3639,0.173748761415
3640,0.871179461479
3641,0.739835619926
3642,0.86577039957
3643,0.328691869974
3644,0.205342590809
3645,0.584232330322
3646,0.869591474533
3647,0.196679264307
3648,0.106338351965
3649,0.278870463371
3650,0.955220520496
3651,0.158407926559
3652,0.503762185574
3653,0.510200202465
3654,0.132655709982
3655,0.905993461609
3656,0.466568768024
3657,0.800786197186
3658,0.718257129192
3659,0.055531617254
3660,0.175677895546
3661,0.481445670128
3662,0.240674063563
3663,0.0942413806915
3664,0.707619607449
3665,0.152424499393
3666,0.785180270672
3667,0.564468562603
3668,0.708781838417
3669,0.64362937212
3670,0.734311640263
3671,0.51213312149
3672,0.223730579019
3673,0.679218649864
3674,0.223678722978
3675,0.665924072266
3676,0.0860069543123
3677,0.872395157814
3678,0.809425711632
3679,0.408024638891
3680,0.172088652849
3681,0.323529541492
3682,0.22385533154
3683,0.379558593035
3684,0.586703002453
3685,0.111520029604
3686,0.103021875024
3687,0.737683594227
3688,0.468174278736
3689,0.742230951786
3690,0.274561315775
3691,0.65639847517
3692,0.408325880766
3693,0.912034392357
3694,0.811719477177
3695,0.122371897101
3696,0.807049751282
3697,0.960572898388
3698,0.251647919416
3699,0.860030114651
3700,0.701655805111
3701,0.84747081995
3702,0.864147126675
3703,0.730592310429
3704,0.693364977837
3705,0.592996358871
3706,0.0897587537766
3707,0.581435322762
3708,0.834159314632
3709,0.472018778324
3710,0.460128694773
3711,0.183089032769
3712,0.731526792049
3713,0.127121567726
3714,0.809724807739
3715,0.630245506763
3716,0.883191466331
3717,0.137342721224
3718,0.0540711283684
3719,0.288555532694
3720,0.792968511581
3721,0.573394536972
3722,0.853024482727
3723,0.860132575035
3724,0.259338974953
3725,0.404674381018
3726,0.870147824287
3727,0.209939748049
3728,0.20867177844
3729,0.846237897873
3730,0.129048869014
3731,0.171074211597
3732,0.903042197227
3733,0.621822953224
3734,0.180582329631
3735,0.686462640762
3736,0.917504787445
3737,0.174867987633
3738,0.573741137981
3739,0.813147425652
3740,0.690858066082
3741,0.865968048573
3742,0.291544526815
3743,0.145996496081
3744,0.452343553305
3745,0.237924158573
3746,0.880729794502
3747,0.898754537106
3748,0.680431425571
3749,0.0806393995881
3750,0.833795070648
3751,0.109918445349
