MoleculeId,pca_rf-PredictedProbability
1,0.757615480928
2,0.814137169151
3,0.230051730301
4,0.387363668138
5,0.117792207792
6,0.491503183027
7,0.813257760647
8,0.540293899327
9,0.574013081217
10,0.305241207172
11,0.801774531299
12,0.475031906239
13,0.538525627562
14,0.563504856607
15,0.692691428401
16,0.730378251174
17,0.470328784028
18,0.488676520021
19,0.391746240171
20,0.341196929128
21,0.547250117839
22,0.577278664891
23,0.329539753847
24,0.337022593416
25,0.273630959576
26,0.928740662932
27,0.612660775459
28,0.352863233384
29,0.732087328715
30,0.661220615999
31,0.197555599282
32,0.512296351697
33,0.0831684981685
34,0.611680936203
35,0.633755562388
36,0.47011766832
37,0.604286744558
38,0.467809606988
39,0.50527400605
40,0.739443907102
41,0.648980481312
42,0.124250541126
43,0.025
44,0.693185880337
45,0.572555185268
46,0.825371158692
47,0.484038975647
48,0.391224581229
49,0.269840379559
50,0.628377786694
51,0.502712886484
52,0.537077841357
53,0.518785693697
54,0.778948518047
55,0.400357385362
56,0.415655386754
57,0.295104142619
58,0.316957111816
59,0.813018316054
60,0.43581984856
61,0.289125910639
62,0.719811982201
63,0.553190869727
64,0.431806120783
65,0.445142450199
66,0.609130090573
67,0.651953455963
68,0.707774003798
69,0.353534514405
70,0.744381913835
71,0.354473872272
72,0.581494879964
73,0.875959193745
74,0.447189886911
75,0.724373166454
76,0.907498015873
77,0.702146066274
78,0.83560351494
79,0.685633311544
80,0.245075064896
81,0.578870629556
82,0.319859671517
83,0.689964559191
84,0.855863070497
85,0.67447430102
86,0.581076335908
87,0.542129065616
88,0.434345855168
89,0.763896966076
90,0.424703817294
91,0.793346647865
92,0.718030600465
93,0.802574534661
94,0.370918056495
95,0.468553905837
96,0.405168777644
97,0.531824202305
98,0.616724163761
99,0.547904473028
100,0.439465744733
101,0.146824765273
102,0.385534914732
103,0.618368038011
104,0.818200603272
105,0.391328228034
106,0.591872128024
107,0.590741903948
108,0.898033564298
109,0.0714744572158
110,0.846386863619
111,0.292452736459
112,0.298111746266
113,0.176091430281
114,0.78693819499
115,0.842753818355
116,0.490320050264
117,0.378439737766
118,0.495806194803
119,0.378001585403
120,0.730303812666
121,0.403016900644
122,0.440166715404
123,0.705137192343
124,0.435507155356
125,0.788657573975
126,0.551566412969
127,0.696125325674
128,0.325279316272
129,0.758059758136
130,0.464511424164
131,0.255019563855
132,0.881860169446
133,0.513096935829
134,0.696217067445
135,0.386928478349
136,0.169310163177
137,0.38633609542
138,0.444998307958
139,0.650165597318
140,0.748737032242
141,0.659914806929
142,0.495282657102
143,0.900084959362
144,0.734366932923
145,0.701465320843
146,0.861796748211
147,0.474888839193
148,0.628918329163
149,0.455390425485
150,0.350400700102
151,0.285013650584
152,0.69558841929
153,0.672409430412
154,0.404954004207
155,0.563651380817
156,0.380994415341
157,0.773791099899
158,0.363732071785
159,0.577231830774
160,0.571515177585
161,0.559892420316
162,0.224200085046
163,0.465970841466
164,0.29874371065
165,0.464863494018
166,0.497690975239
167,0.484071883029
168,0.664369405036
169,0.793659171463
170,0.343256657995
171,0.558507561584
172,0.464481874541
173,0.616291030333
174,0.319353446214
175,0.578233747865
176,0.880216269841
177,0.54165825916
178,0.48000641649
179,0.452345818618
180,0.183252372627
181,0.464008821797
182,0.379586599154
183,0.502544169869
184,0.623135624212
185,0.773727715643
186,0.572748756093
187,0.842646548661
188,0.71032800704
189,0.433934464924
190,0.527612739854
191,0.643698965963
192,0.824324540334
193,0.737287231012
194,0.394246299603
195,0.449434777234
196,0.369380827384
197,0.480884027688
198,0.553677939226
199,0.723668527954
200,0.491307259652
201,0.882529921866
202,0.435192739809
203,0.458537693666
204,0.831227423195
205,0.736222544795
206,0.293918437299
207,0.329832649949
208,0.230312192336
209,0.893950206817
210,0.399496848422
211,0.398891605699
212,0.437575708779
213,0.469853127609
214,0.439782084501
215,0.829861486071
216,0.453991124995
217,0.440294902932
218,0.210996371642
219,0.703262313112
220,0.698308541395
221,0.182096110889
222,0.29378635348
223,0.504571817157
224,0.570377383953
225,0.430246601136
226,0.572550913538
227,0.514740465667
228,0.437315394203
229,0.74529873054
230,0.353662089845
231,0.10399860021
232,0.538624037077
233,0.744922456559
234,0.734188766833
235,0.686436167429
236,0.519168206102
237,0.475814122977
238,0.33041812175
239,0.416386452027
240,0.333113180722
241,0.664476336642
242,0.288251047324
243,0.552389443963
244,0.455404096655
245,0.535431387382
246,0.475586078194
247,0.563461383626
248,0.630227490901
249,0.402813356597
250,0.565248729593
251,0.804034582591
252,0.780240633492
253,0.259487848134
254,0.436750429345
255,0.531989435711
256,0.642599516019
257,0.361391273412
258,0.501019395295
259,0.847576218163
260,0.938095238095
261,0.608301983964
262,0.891718152379
263,0.559260832975
264,0.335065574475
265,0.118307449256
266,0.443227612843
267,0.570797977318
268,0.261178903097
269,0.701016149885
270,0.257928661377
271,0.781543239936
272,0.68657925411
273,0.286452122524
274,0.421107374215
275,0.696183492672
276,0.366195985124
277,0.673073969495
278,0.460125271348
279,0.874144048242
280,0.344520144766
281,0.460257186851
282,0.467333813575
283,0.717877578718
284,0.70584151557
285,0.47587281604
286,0.412242514151
287,0.523185320591
288,0.426179001954
289,0.64288156243
290,0.657596164664
291,0.537856508446
292,0.64170715183
293,0.680562191927
294,0.507244930725
295,0.702123634564
296,0.557031649916
297,0.69956619983
298,0.527401831615
299,0.267702122524
300,0.514252568869
301,0.5482256541
302,0.349427105743
303,0.776458247097
304,0.688744844613
305,0.799292091963
306,0.268761287395
307,0.461667082275
308,0.527589062751
309,0.196906243267
310,0.856548098373
311,0.535878393004
312,0.863142368201
313,0.852670383019
314,0.545389262047
315,0.594988734923
316,0.926358100712
317,0.504513102825
318,0.758478360574
319,0.618313000515
320,0.900466448541
321,0.792446202107
322,0.400854485984
323,0.180932332542
324,0.49834625551
325,0.380867071092
326,0.649080201422
327,0.690950859288
328,0.48869843623
329,0.463816208079
330,0.677092567898
331,0.452783204631
332,0.704489326581
333,0.513399197721
334,0.533200003055
335,0.103037779214
336,0.797537964477
337,0.661341369434
338,0.484564186795
339,0.520899242973
340,0.584803518677
341,0.608811419733
342,0.478660524879
343,0.572984890677
344,0.230276187517
345,0.556418753545
346,0.447318106824
347,0.891037236073
348,0.666693426832
349,0.0546280473912
350,0.827233650497
351,0.298112473407
352,0.616827453005
353,0.371449842468
354,0.623257229654
355,0.551771540377
356,0.658410870927
357,0.123388409962
358,0.305429657087
359,0.59417432438
360,0.874167410195
361,0.353569697404
362,0.385964703777
363,0.648568921023
364,0.739872068433
365,0.712805213694
366,0.832772486179
367,0.447784993332
368,0.597028731753
369,0.445311109264
370,0.706816932997
371,0.805951970827
372,0.259101153401
373,0.616425435491
374,0.903431714731
375,0.568350294192
376,0.319092921268
377,0.684679224895
378,0.61945525892
379,0.34962994149
380,0.609164624183
381,0.0625
382,0.238111101149
383,0.452105864678
384,0.397998778483
385,0.367878303212
386,0.518574736269
387,0.143515782589
388,0.863587947141
389,0.600572908502
390,0.88550915767
391,0.689525915512
392,0.93298278841
393,0.63521093509
394,0.268733979725
395,0.361649009892
396,0.433304648784
397,0.273622987919
398,0.796307171114
399,0.566822790529
400,0.562654941411
401,0.856555895892
402,0.833340777439
403,0.795536391732
404,0.865758604089
405,0.533155550104
406,0.734340361355
407,0.434764400976
408,0.525545645177
409,0.80235448327
410,0.175876831502
411,0.83623251335
412,0.864207377538
413,0.639939713553
414,0.101794039294
415,0.801041620782
416,0.606026548584
417,0.451309691799
418,0.648109860315
419,0.554092153734
420,0.883006452042
421,0.488109349484
422,0.513949289844
423,0.562584758651
424,0.494101035208
425,0.50469967274
426,0.641031499359
427,0.839216378003
428,0.556488014983
429,0.904086761439
430,0.921247260866
431,0.821271895264
432,0.580764223285
433,0.527101147571
434,0.385768499324
435,0.467134485657
436,0.537962984527
437,0.786084942625
438,0.373418201592
439,0.841351794379
440,0.814780878333
441,0.467675463793
442,0.878773608735
443,0.715892759659
444,0.331029077876
445,0.29994859844
446,0.806567329747
447,0.310999193089
448,0.354766919769
449,0.674513410927
450,0.426801146014
451,0.412392587158
452,0.258370620693
453,0.291760295515
454,0.207668722975
455,0.867497192783
456,0.44074428918
457,0.851648355188
458,0.785106405534
459,0.320427700203
460,0.758308425532
461,0.499553593451
462,0.476529862508
463,0.594065697225
464,0.580218735475
465,0.631327579566
466,0.522916259041
467,0.171974888928
468,0.255884425065
469,0.874617230604
470,0.626645220983
471,0.484822814803
472,0.669203512593
473,0.551740100909
474,0.591929123938
475,0.84535136291
476,0.787687253326
477,0.662068276421
478,0.657366379845
479,0.730933429656
480,0.348339000798
481,0.419088295234
482,0.455806552174
483,0.168169151673
484,0.632371503057
485,0.619051047962
486,0.154310163177
487,0.519240051596
488,0.338707151714
489,0.719888297158
490,0.402132191043
491,0.515967238171
492,0.586670609324
493,0.76633637407
494,0.772939181186
495,0.405565550024
496,0.85111966311
497,0.412396181847
498,0.643558789214
499,0.210866973065
500,0.354765582599
501,0.459815478112
502,0.39368755355
503,0.304834272406
504,0.391053807514
505,0.901345058697
506,0.514557976537
507,0.677665637862
508,0.338322947496
509,0.705385588471
510,0.691059692076
511,0.501067220903
512,0.659152917682
513,0.702963537688
514,0.379733408232
515,0.313798803621
516,0.694811581464
517,0.775811528336
518,0.316449996082
519,0.447865633771
520,0.14602022977
521,0.61010115781
522,0.140410455858
523,0.322632674287
524,0.501281331331
525,0.7042254751
526,0.308411858613
527,0.551812454582
528,0.564350992222
529,0.348192631344
530,0.547998841307
531,0.749055402528
532,0.574092094375
533,0.8067568304
534,0.495823709848
535,0.390319470906
536,0.792284728427
537,0.934233087174
538,0.54775021834
539,0.686013211965
540,0.454807446436
541,0.553228247203
542,0.563766938628
543,0.415695554926
544,0.641247741404
545,0.561546931997
546,0.29349582684
547,0.55427394272
548,0.572913525918
549,0.548998024593
550,0.672480115267
551,0.391030296887
552,0.381613873197
553,0.494599579377
554,0.304441270378
555,0.729641386003
556,0.631101483696
557,0.164375314999
558,0.810554784023
559,0.47646400748
560,0.443184171945
561,0.520062216529
562,0.279593114937
563,0.778067460781
564,0.32795861562
565,0.828185664557
566,0.663716339488
567,0.534968169225
568,0.712724979148
569,0.781148143075
570,0.876948772097
571,0.849075641746
572,0.451249120566
573,0.385778590096
574,0.285272693978
575,0.121989600438
576,0.501241072452
577,0.775330472895
578,0.333599299944
579,0.139013834374
580,0.263866554197
581,0.522370304985
582,0.795725527748
583,0.783109929039
584,0.444173637572
585,0.621249587577
586,0.76707711222
587,0.761795323975
588,0.645008847505
589,0.249997526701
590,0.847786204267
591,0.795893984778
592,0.694855467313
593,0.462607989714
594,0.298223260057
595,0.433289382845
596,0.110092265746
597,0.46204020249
598,0.818653124075
599,0.727326953434
600,0.833103639781
601,0.442042932428
602,0.743498570401
603,0.798938447916
604,0.614951620465
605,0.648977042988
606,0.554268671717
607,0.351739134926
608,0.67397928072
609,0.410039245885
610,0.696571639283
611,0.884218751768
612,0.469135277223
613,0.649457419141
614,0.832489358232
615,0.494663585286
616,0.526991185767
617,0.652123618956
618,0.604549486705
619,0.502952912491
620,0.319949855026
621,0.467652224947
622,0.71827762306
623,0.8011708742
624,0.536139818595
625,0.665012605067
626,0.584110790289
627,0.49709961433
628,0.729681916709
629,0.618100515291
630,0.471249330333
631,0.80734396655
632,0.195022636762
633,0.617616657711
634,0.641335136378
635,0.52546240035
636,0.401696964811
637,0.633909966986
638,0.520264253416
639,0.487881687345
640,0.580474889731
641,0.562469322231
642,0.484574907055
643,0.412824074489
644,0.385450603666
645,0.318413595219
646,0.766002947105
647,0.88550351759
648,0.388516067939
649,0.653152949604
650,0.753255182312
651,0.47751628011
652,0.565626558804
653,0.530427674858
654,0.447770058188
655,0.514408496753
656,0.78166183825
657,0.387969899593
658,0.648977834057
659,0.770519364783
660,0.510036489762
661,0.804451472903
662,0.505825505874
663,0.505813449991
664,0.495849378766
665,0.359820502113
666,0.335322169657
667,0.452147889112
668,0.409059065978
669,0.51373584784
670,0.458992213904
671,0.669475800496
672,0.690359869694
673,0.752252708373
674,0.717736020456
675,0.774242703278
676,0.440683045589
677,0.625517900209
678,0.50428045709
679,0.503355240737
680,0.323086636545
681,0.913157894737
682,0.692970539744
683,0.39183571242
684,0.453107798245
685,0.313955561593
686,0.751458981877
687,0.68605017978
688,0.798950957693
689,0.64886799034
690,0.821015001296
691,0.878646555108
692,0.301211636545
693,0.777275384503
694,0.881434330979
695,0.823299724402
696,0.623968809961
697,0.677531342009
698,0.76814361833
699,0.566630609047
700,0.172198032013
701,0.47969556265
702,0.180226670385
703,0.371917886891
704,0.600465123668
705,0.469197016914
706,0.668999829354
707,0.869619678932
708,0.873070523526
709,0.30826447818
710,0.641131111738
711,0.825363826481
712,0.0458333333333
713,0.791466562711
714,0.549549039926
715,0.820898152662
716,0.201479718163
717,0.615966365386
718,0.329583010943
719,0.632069726854
720,0.797461124344
721,0.52901451659
722,0.330077006822
723,0.256404072438
724,0.862947278203
725,0.242373847906
726,0.307977441932
727,0.762473323239
728,0.67816292014
729,0.486128303463
730,0.70412902189
731,0.759088584707
732,0.525476021019
733,0.47513114518
734,0.435092347153
735,0.558174522454
736,0.21217559908
737,0.835468669946
738,0.553080501548
739,0.773302886503
740,0.490575481468
741,0.860048821823
742,0.54743503568
743,0.472524657579
744,0.812836078687
745,0.680562463764
746,0.636568364602
747,0.366769778877
748,0.353117747183
749,0.142634164293
750,0.405009120914
751,0.472263376406
752,0.703808398233
753,0.666384349875
754,0.801885767981
755,0.271363732336
756,0.677943988881
757,0.607221283678
758,0.635458022517
759,0.813507485844
760,0.255720913374
761,0.234620567004
762,0.578192816779
763,0.71683943532
764,0.512872296493
765,0.701262810685
766,0.693223149849
767,0.390848591066
768,0.554944605696
769,0.379490360315
770,0.35216431188
771,0.547676535555
772,0.412679567058
773,0.508282382711
774,0.880461149578
775,0.569871630111
776,0.703494091377
777,0.361628539245
778,0.423640549337
779,0.581150737767
780,0.580470373321
781,0.910876148705
782,0.768241494486
783,0.472419038107
784,0.670142472021
785,0.336852449322
786,0.479870252852
787,0.724691782205
788,0.212749391432
789,0.477450588032
790,0.542947584433
791,0.395040710366
792,0.28479931103
793,0.313191041541
794,0.877059357949
795,0.64310763459
796,0.765839742981
797,0.48565008039
798,0.907344667
799,0.38569643225
800,0.572529272139
801,0.459629309674
802,0.119478021978
803,0.309698235072
804,0.661681321304
805,0.759833125078
806,0.639940136582
807,0.455230979301
808,0.385547632743
809,0.398454009921
810,0.595749702272
811,0.445490901642
812,0.672680250088
813,0.585745011388
814,0.794189052932
815,0.458909925462
816,0.416726558056
817,0.462560529533
818,0.650507281461
819,0.320035343291
820,0.765913570382
821,0.491446766344
822,0.856879761952
823,0.577158890494
824,0.674168449413
825,0.418216115992
826,0.533502606351
827,0.355154900051
828,0.511129583412
829,0.802453228299
830,0.495874745533
831,0.677828364464
832,0.688881289672
833,0.889452461414
834,0.203199052065
835,0.0998203550835
836,0.791770504522
837,0.52947458812
838,0.283700222633
839,0.849392115673
840,0.590949578994
841,0.584161995959
842,0.848967426732
843,0.666953394623
844,0.590287546586
845,0.718036459676
846,0.256303954385
847,0.509793252212
848,0.615385108984
849,0.189030634698
850,0.260599053724
851,0.235501452026
852,0.740928436598
853,0.334921831538
854,0.644744696152
855,0.446987945193
856,0.768625810353
857,0.389906049884
858,0.474858573143
859,0.270727443777
860,0.422599127228
861,0.452644170715
862,0.510928810711
863,0.638215229757
864,0.475921679329
865,0.280019197045
866,0.800575057283
867,0.800264917618
868,0.49359582848
869,0.467129426419
870,0.383616454746
871,0.722032840114
872,0.36998104323
873,0.375305967749
874,0.352591665427
875,0.574771938337
876,0.383254548388
877,0.366044465455
878,0.366306037372
879,0.312350032489
880,0.713209450408
881,0.661333626004
882,0.916199655356
883,0.47091331596
884,0.283715085068
885,0.422120947447
886,0.696608398348
887,0.760353399077
888,0.46642414349
889,0.674721077134
890,0.829634093398
891,0.512815813695
892,0.855079170432
893,0.630191088831
894,0.427274323458
895,0.357403359314
896,0.427343079943
897,0.43770293177
898,0.743250551875
899,0.262087108716
900,0.736128953982
901,0.457836923975
902,0.447391300042
903,0.596558884139
904,0.34425673166
905,0.645571171266
906,0.714222540918
907,0.773845580293
908,0.87790008639
909,0.627652599935
910,0.467641714973
911,0.894848082634
912,0.60065861414
913,0.426233054348
914,0.569749173327
915,0.472179252721
916,0.35689980506
917,0.431742869354
918,0.792677793517
919,0.556435663613
920,0.578843554864
921,0.580483328475
922,0.664440623977
923,0.4273680154
924,0.498464598662
925,0.220020487035
926,0.243062977507
927,0.472651051119
928,0.752699019451
929,0.477787302867
930,0.397591729857
931,0.441906182353
932,0.784390823334
933,0.793862868978
934,0.845142744773
935,0.544979117245
936,0.869504213175
937,0.606409450905
938,0.408466619465
939,0.604027067379
940,0.510392626452
941,0.547228656864
942,0.565673577583
943,0.716618693466
944,0.362951913453
945,0.77097008952
946,0.167261105208
947,0.810409928255
948,0.477111166512
949,0.70269524561
950,0.420530861889
951,0.532330841507
952,0.742519862911
953,0.301492430425
954,0.389845303701
955,0.601435466023
956,0.588341253223
957,0.474534447406
958,0.534350711647
959,0.937559808612
960,0.607744515335
961,0.472350612276
962,0.914271062432
963,0.832754759529
964,0.618400181355
965,0.382588534519
966,0.91079884021
967,0.317359839892
968,0.370097131698
969,0.943686868687
970,0.542892357788
971,0.506867033324
972,0.534341715382
973,0.382022993388
974,0.334372556085
975,0.559457654893
976,0.75513121677
977,0.502312919168
978,0.642127407857
979,0.424498814694
980,0.290854998056
981,0.933726836029
982,0.620010955027
983,0.815297844477
984,0.907243466705
985,0.386230058234
986,0.853721720216
987,0.517260547048
988,0.502666083519
989,0.521686155443
990,0.317901514205
991,0.146281243267
992,0.137947909933
993,0.580051603228
994,0.738224078374
995,0.405234084448
996,0.28839158555
997,0.0666666666667
998,0.556796157172
999,0.442530290181
1000,0.453828810709
1001,0.434361823037
1002,0.390206730408
1003,0.487041741601
1004,0.68072824042
1005,0.747226441182
1006,0.488242755448
1007,0.374718251557
1008,0.475746627278
1009,0.58340727028
1010,0.290023548
1011,0.711760506632
1012,0.587908396881
1013,0.320422147316
1014,0.743089061192
1015,0.662682531304
1016,0.825397113918
1017,0.726456913565
1018,0.677467445471
1019,0.508021183775
1020,0.791874309539
1021,0.601446413157
1022,0.731825843728
1023,0.188233389629
1024,0.282734547888
1025,0.468629794229
1026,0.139195355084
1027,0.370536858577
1028,0.784544227865
1029,0.542362357822
1030,0.558396245991
1031,0.619855451744
1032,0.591310726026
1033,0.415287028392
1034,0.268127053034
1035,0.516071715796
1036,0.486868662942
1037,0.567346915805
1038,0.805825661215
1039,0.145668498168
1040,0.763446243938
1041,0.421301634401
1042,0.731750667705
1043,0.579631898793
1044,0.782569905031
1045,0.918620731121
1046,0.431642407941
1047,0.323060350683
1048,0.439604624556
1049,0.534463251371
1050,0.422972857377
1051,0.708981637584
1052,0.598034813919
1053,0.322375371572
1054,0.467443976819
1055,0.780697023695
1056,0.369311624134
1057,0.652528246975
1058,0.485348708427
1059,0.625021413463
1060,0.415955720723
1061,0.593051747229
1062,0.585209125025
1063,0.506711582207
1064,0.502838494775
1065,0.556545377195
1066,0.483811296083
1067,0.460030527863
1068,0.172324408604
1069,0.86157995316
1070,0.574832013589
1071,0.437637679637
1072,0.231535261927
1073,0.447236029938
1074,0.288776905961
1075,0.620939123133
1076,0.884525850606
1077,0.908778638189
1078,0.299306069125
1079,0.582726291413
1080,0.457900524124
1081,0.536764306442
1082,0.36111332691
1083,0.381264785603
1084,0.241917921797
1085,0.704464903027
1086,0.434482073675
1087,0.563313529565
1088,0.667597231079
1089,0.673444818524
1090,0.0981333912875
1091,0.828282403611
1092,0.652824985351
1093,0.43548322617
1094,0.783045532417
1095,0.816790449425
1096,0.784438938917
1097,0.194268006823
1098,0.455639601109
1099,0.52257089193
1100,0.236317854184
1101,0.622259759019
1102,0.677195327739
1103,0.678119679765
1104,0.464796562153
1105,0.904521176493
1106,0.750050781819
1107,0.658152311355
1108,0.470996378806
1109,0.726365587031
1110,0.691569485257
1111,0.634592026173
1112,0.677570189834
1113,0.747497913369
1114,0.285969723539
1115,0.41793030651
1116,0.913785250085
1117,0.884542825842
1118,0.650928748958
1119,0.21149107527
1120,0.606720504144
1121,0.504856218846
1122,0.708516780857
1123,0.815803022508
1124,0.695218674206
1125,0.250450660536
1126,0.711184524273
1127,0.763764715364
1128,0.828970796921
1129,0.782757293754
1130,0.842671498089
1131,0.859245792615
1132,0.237648692163
1133,0.658773908837
1134,0.548815444657
1135,0.368545047955
1136,0.445676409719
1137,0.598225255607
1138,0.837014634279
1139,0.430474873882
1140,0.330214460784
1141,0.432524635322
1142,0.494510240739
1143,0.59126425865
1144,0.493248820712
1145,0.174123584749
1146,0.451859735324
1147,0.605993149229
1148,0.8399067823
1149,0.449466729857
1150,0.509381182954
1151,0.84882541134
1152,0.805340807502
1153,0.492651727037
1154,0.635874657271
1155,0.763560316278
1156,0.592666757205
1157,0.839216378003
1158,0.723465433686
1159,0.388093301492
1160,0.763711497187
1161,0.474254475137
1162,0.585270213143
1163,0.192045194354
1164,0.883916650844
1165,0.471368916601
1166,0.737187632369
1167,0.543195627691
1168,0.493868010507
1169,0.365594578187
1170,0.857465866666
1171,0.453190794865
1172,0.827472624643
1173,0.650249804723
1174,0.890404894808
1175,0.729219287651
1176,0.567938097116
1177,0.506222637728
1178,0.883815597418
1179,0.545466108696
1180,0.317297623979
1181,0.938924963925
1182,0.377204314537
1183,0.624225267072
1184,0.333462036469
1185,0.481501344402
1186,0.643383112703
1187,0.291267112227
1188,0.160182449256
1189,0.756336717427
1190,0.541895730182
1191,0.688924103223
1192,0.0577922077922
1193,0.228535455858
1194,0.340707647397
1195,0.911820486907
1196,0.493946002627
1197,0.879220037306
1198,0.810875653434
1199,0.326607782268
1200,0.663962179312
1201,0.331761954399
1202,0.879220037306
1203,0.453988160267
1204,0.820546864087
1205,0.710467154173
1206,0.484883507411
1207,0.352004159985
1208,0.679371989941
1209,0.74166588864
1210,0.360958502493
1211,0.658535288479
1212,0.498660422182
1213,0.137947909933
1214,0.274490483041
1215,0.38452872758
1216,0.522483915539
1217,0.866892964393
1218,0.670150833545
1219,0.899439433628
1220,0.562212874522
1221,0.832744335244
1222,0.316405262264
1223,0.845003211842
1224,0.697420462864
1225,0.86829004329
1226,0.884400028588
1227,0.555755502727
1228,0.261392126675
1229,0.622632495527
1230,0.704907420105
1231,0.789281953072
1232,0.11316091954
1233,0.236687153702
1234,0.790840781119
1235,0.573626586336
1236,0.812137969557
1237,0.839207842921
1238,0.740166142561
1239,0.509626635231
1240,0.534733893316
1241,0.700387769585
1242,0.465449153347
1243,0.676239659227
1244,0.713030681134
1245,0.396463203585
1246,0.768446891224
1247,0.447341166766
1248,0.816158277515
1249,0.490497309948
1250,0.342016912704
1251,0.553638507425
1252,0.519513681748
1253,0.69651076071
1254,0.890574231324
1255,0.19423817681
1256,0.646765330345
1257,0.304293146865
1258,0.596302698827
1259,0.853452380952
1260,0.735150718589
1261,0.78842843492
1262,0.696294276818
1263,0.442628679906
1264,0.860213120213
1265,0.840405774051
1266,0.685758241126
1267,0.622222807525
1268,0.862846222846
1269,0.59188543718
1270,0.709545254086
1271,0.643639736824
1272,0.781312071856
1273,0.357065262086
1274,0.69451577594
1275,0.311634248393
1276,0.493113634828
1277,0.434669386329
1278,0.668277362243
1279,0.270405853125
1280,0.581325985019
1281,0.758684137883
1282,0.712971047257
1283,0.378579066268
1284,0.507895899933
1285,0.494371864998
1286,0.284536069792
1287,0.499247243021
1288,0.167604336109
1289,0.40894385404
1290,0.325100281889
1291,0.529268826002
1292,0.497638475507
1293,0.485947025089
1294,0.744523767385
1295,0.0629613807245
1296,0.373729861018
1297,0.454241044595
1298,0.882444291089
1299,0.400146389304
1300,0.404357245937
1301,0.615546493415
1302,0.645131960201
1303,0.566148009199
1304,0.417228659072
1305,0.579127927762
1306,0.383583634918
1307,0.472708916763
1308,0.790998847999
1309,0.166054762065
1310,0.36134383457
1311,0.562559455758
1312,0.775270762665
1313,0.815880906276
1314,0.587879621424
1315,0.587539308991
1316,0.373118085618
1317,0.871221595656
1318,0.715439834649
1319,0.473485687846
1320,0.154232104883
1321,0.656317159741
1322,0.663951136163
1323,0.372823132587
1324,0.553681895851
1325,0.617696823506
1326,0.858720899471
1327,0.876407564658
1328,0.437261147548
1329,0.528566679262
1330,0.911630952381
1331,0.848768267562
1332,0.298168138744
1333,0.780427762928
1334,0.314447123193
1335,0.91652994228
1336,0.188083099599
1337,0.680797150055
1338,0.285672660874
1339,0.911371212121
1340,0.526169391554
1341,0.548066003785
1342,0.373184296413
1343,0.653147723044
1344,0.840824683368
1345,0.666564330903
1346,0.79797506087
1347,0.427374464009
1348,0.307116123144
1349,0.57242597134
1350,0.513687770256
1351,0.644505863776
1352,0.899575145869
1353,0.45222467459
1354,0.776076769722
1355,0.818255033533
1356,0.849004840754
1357,0.10178481241
1358,0.767961217025
1359,0.390339549408
1360,0.248482292184
1361,0.540106980596
1362,0.359660797161
1363,0.669207088001
1364,0.494383601238
1365,0.474483639878
1366,0.194732527777
1367,0.447859107133
1368,0.458265762859
1369,0.60940920118
1370,0.420613167387
1371,0.800109135477
1372,0.594722716647
1373,0.352134685189
1374,0.548807363309
1375,0.481584328359
1376,0.462974407617
1377,0.324037494901
1378,0.810253380716
1379,0.579121529386
1380,0.79978021978
1381,0.551642524643
1382,0.514908103023
1383,0.474229034382
1384,0.600007445271
1385,0.317098357634
1386,0.186292213822
1387,0.347140613379
1388,0.829117672056
1389,0.487089938853
1390,0.336479971561
1391,0.793962062131
1392,0.491435117659
1393,0.180646863822
1394,0.447411021266
1395,0.316404683099
1396,0.647728161652
1397,0.79214898232
1398,0.380072753416
1399,0.479834863143
1400,0.795248111062
1401,0.481492918414
1402,0.875798629987
1403,0.410728247728
1404,0.313790480167
1405,0.50414113284
1406,0.602623387292
1407,0.6812897044
1408,0.455394890381
1409,0.565860859878
1410,0.878243616287
1411,0.401196625051
1412,0.404662340611
1413,0.846673049173
1414,0.434814950764
1415,0.67632648349
1416,0.393719269557
1417,0.092113997114
1418,0.640347891758
1419,0.513070995655
1420,0.648177489446
1421,0.756074759432
1422,0.580241095457
1423,0.409403958301
1424,0.455454467081
1425,0.338566407376
1426,0.683772857323
1427,0.695953980212
1428,0.479811771616
1429,0.685528038524
1430,0.248789141414
1431,0.384255680221
1432,0.467944180613
1433,0.625121893861
1434,0.693117226147
1435,0.775977796405
1436,0.813062915724
1437,0.652138990007
1438,0.766255764784
1439,0.417039691514
1440,0.778753051297
1441,0.853133185528
1442,0.476262903682
1443,0.250038527615
1444,0.500373109491
1445,0.455013259878
1446,0.791662406662
1447,0.392326562979
1448,0.379676386721
1449,0.238835275687
1450,0.213135826162
1451,0.502025345064
1452,0.456910200203
1453,0.411152163608
1454,0.459117873279
1455,0.888169592358
1456,0.490956730191
1457,0.0726207126207
1458,0.544107915284
1459,0.855679108074
1460,0.578868164075
1461,0.516916014224
1462,0.600293664346
1463,0.537476415065
1464,0.29142500451
1465,0.851947354447
1466,0.6286758401
1467,0.359773507925
1468,0.803553614582
1469,0.392855949616
1470,0.85456514246
1471,0.685268467326
1472,0.764905744173
1473,0.651412890095
1474,0.545514920978
1475,0.685623105505
1476,0.260757677406
1477,0.500576080048
1478,0.823692126587
1479,0.344075329571
1480,0.469118150857
1481,0.174176555978
1482,0.482850417969
1483,0.621973803696
1484,0.568251909211
1485,0.415261684678
1486,0.605837799588
1487,0.555186614007
1488,0.79182471568
1489,0.419248549879
1490,0.682918520313
1491,0.562339675524
1492,0.472454884198
1493,0.913124929418
1494,0.180193903319
1495,0.494240258449
1496,0.626282893598
1497,0.762155602168
1498,0.86297604677
1499,0.595946373196
1500,0.710016579911
1501,0.414954565688
1502,0.424965561626
1503,0.89950974026
1504,0.599752808133
1505,0.708435993831
1506,0.472154488998
1507,0.346151293003
1508,0.311621413021
1509,0.72694083511
1510,0.651906931525
1511,0.287160003605
1512,0.129399037475
1513,0.244761050462
1514,0.297731268888
1515,0.404842494747
1516,0.567752757893
1517,0.450399063267
1518,0.180781031456
1519,0.146323953824
1520,0.564161153555
1521,0.281268186844
1522,0.458258201982
1523,0.461608101814
1524,0.529764941534
1525,0.367395454734
1526,0.798898190818
1527,0.65051327708
1528,0.606070234636
1529,0.281370513565
1530,0.473440353543
1531,0.606737202165
1532,0.566676095818
1533,0.402545475823
1534,0.91623549988
1535,0.545815357317
1536,0.70700218536
1537,0.367212493987
1538,0.483081870684
1539,0.525477654757
1540,0.36459038846
1541,0.486830218926
1542,0.852000259
1543,0.394015524068
1544,0.852943190338
1545,0.513605183569
1546,0.190253923285
1547,0.445643532693
1548,0.352897757052
1549,0.495551133198
1550,0.589635439937
1551,0.764845360608
1552,0.341368381343
1553,0.293272164407
1554,0.704051766115
1555,0.458120684921
1556,0.722158397055
1557,0.67298026424
1558,0.421564402234
1559,0.473636096667
1560,0.800834258648
1561,0.602095900294
1562,0.317045808901
1563,0.432603728735
1564,0.549524482915
1565,0.39644359647
1566,0.626770472366
1567,0.342485958312
1568,0.845011723656
1569,0.765277227128
1570,0.40834019824
1571,0.763135927568
1572,0.364976041295
1573,0.78742641497
1574,0.559537544469
1575,0.702216445444
1576,0.851599025244
1577,0.429245531094
1578,0.500309730927
1579,0.603061217165
1580,0.393010418635
1581,0.543997927298
1582,0.879731000481
1583,0.348343891778
1584,0.825911568806
1585,0.763102829346
1586,0.814965068529
1587,0.738799229723
1588,0.513334812085
1589,0.671748236205
1590,0.55567619094
1591,0.575124518445
1592,0.4892281998
1593,0.534627318958
1594,0.668244665413
1595,0.646508358419
1596,0.531987404408
1597,0.278465660035
1598,0.464780897088
1599,0.708425763821
1600,0.539618778637
1601,0.477773627603
1602,0.392384975583
1603,0.36754154738
1604,0.591592580756
1605,0.557504583186
1606,0.598981228124
1607,0.234712162837
1608,0.331519542128
1609,0.289779142395
1610,0.338246258722
1611,0.0833277833278
1612,0.612533227678
1613,0.77422020622
1614,0.101568369118
1615,0.611484273854
1616,0.406879611855
1617,0.179634238243
1618,0.506364266025
1619,0.637339801679
1620,0.722294349155
1621,0.855881652661
1622,0.450054486893
1623,0.636715637141
1624,0.610283492678
1625,0.507582665675
1626,0.855061688312
1627,0.0577191558442
1628,0.64555907902
1629,0.4874165344
1630,0.911630952381
1631,0.341510459461
1632,0.688052436778
1633,0.742376450037
1634,0.572174838259
1635,0.547307042177
1636,0.599536643389
1637,0.546182143563
1638,0.0664302364302
1639,0.517761097666
1640,0.761472205811
1641,0.363475206822
1642,0.69797659771
1643,0.332103766939
1644,0.908659742304
1645,0.348484096034
1646,0.789524013169
1647,0.570216410009
1648,0.504746043512
1649,0.502661013935
1650,0.565248094011
1651,0.885764176514
1652,0.513490967804
1653,0.835101370851
1654,0.492525130222
1655,0.91450974026
1656,0.634349117582
1657,0.526369646458
1658,0.127317827993
1659,0.52697512455
1660,0.513563723317
1661,0.288053144701
1662,0.455508195428
1663,0.413255121976
1664,0.445839394408
1665,0.768961348519
1666,0.52113249243
1667,0.456992208368
1668,0.545352684905
1669,0.617605586873
1670,0.441965208773
1671,0.677994135274
1672,0.24242890113
1673,0.709893869584
1674,0.898124929418
1675,0.357456797922
1676,0.257566185535
1677,0.819100245038
1678,0.565093515741
1679,0.618734928527
1680,0.690125594238
1681,0.76400394706
1682,0.682536011786
1683,0.633423080391
1684,0.778297301076
1685,0.320097666223
1686,0.774400395868
1687,0.194936112486
1688,0.44862038668
1689,0.268979364556
1690,0.797980749841
1691,0.468227832113
1692,0.756005213437
1693,0.654042087998
1694,0.774718189186
1695,0.537002476163
1696,0.205967866452
1697,0.361455766456
1698,0.484435309435
1699,0.260287656639
1700,0.260396736993
1701,0.695873900293
1702,0.471337601757
1703,0.541641082659
1704,0.418708929907
1705,0.397624032843
1706,0.868045841839
1707,0.463211841243
1708,0.716862570186
1709,0.308867544493
1710,0.314709878769
1711,0.839247733748
1712,0.488018922263
1713,0.703447085447
1714,0.482451964166
1715,0.448852028918
1716,0.712613840545
1717,0.746009306009
1718,0.438517182841
1719,0.391109380178
1720,0.263395766472
1721,0.439429996599
1722,0.853338313733
1723,0.383485722051
1724,0.207604536259
1725,0.490947565203
1726,0.377641412475
1727,0.905656926407
1728,0.63119585896
1729,0.0964798396048
1730,0.600594546729
1731,0.333111073845
1732,0.611364097901
1733,0.337189445798
1734,0.221048888599
1735,0.506829968537
1736,0.845112868758
1737,0.840394050716
1738,0.810102071131
1739,0.73887685564
1740,0.503513526382
1741,0.852746087246
1742,0.645160885278
1743,0.438681822052
1744,0.268021845072
1745,0.44194551377
1746,0.224989291841
1747,0.744083622398
1748,0.570852310737
1749,0.398902223892
1750,0.443526272366
1751,0.321300107843
1752,0.752656962089
1753,0.356003243952
1754,0.703190324577
1755,0.698155579714
1756,0.269393895161
1757,0.441514713623
1758,0.446199466913
1759,0.826409859834
1760,0.305968301545
1761,0.743261605495
1762,0.662394795636
1763,0.692466813633
1764,0.719849558704
1765,0.535964232711
1766,0.540127652012
1767,0.871296657047
1768,0.346356005369
1769,0.462161930766
1770,0.315432965332
1771,0.434008963928
1772,0.494910402704
1773,0.48738004605
1774,0.690038619202
1775,0.627787380335
1776,0.575332172506
1777,0.486639370478
1778,0.650880352155
1779,0.679909068577
1780,0.482822029822
1781,0.503769589601
1782,0.462851550265
1783,0.480027899146
1784,0.768946761132
1785,0.42265039902
1786,0.443935505921
1787,0.885934704185
1788,0.913651154401
1789,0.700431373696
1790,0.562561381615
1791,0.299269574301
1792,0.431758020392
1793,0.705986034843
1794,0.301418960941
1795,0.762991753455
1796,0.53190701793
1797,0.630300744559
1798,0.0528202189967
1799,0.671344904448
1800,0.467975120743
1801,0.764553354867
1802,0.547983312354
1803,0.137137307137
1804,0.70966032541
1805,0.405411536285
1806,0.579598787665
1807,0.808652696786
1808,0.344389940335
1809,0.663461365033
1810,0.397146928337
1811,0.465287541387
1812,0.388149867943
1813,0.741052497775
1814,0.16940506253
1815,0.720178062831
1816,0.656288794486
1817,0.580611943684
1818,0.843267272455
1819,0.399756845786
1820,0.723553554386
1821,0.830099052994
1822,0.576323871825
1823,0.529259152938
1824,0.846313879357
1825,0.36368451105
1826,0.28627213091
1827,0.148320849472
1828,0.33050486491
1829,0.188151481135
1830,0.462374418881
1831,0.652513361357
1832,0.341433594256
1833,0.713297941656
1834,0.318426707153
1835,0.913651154401
1836,0.664610217071
1837,0.417434356842
1838,0.467865690119
1839,0.779034099267
1840,0.466963084013
1841,0.178085159236
1842,0.573611059264
1843,0.0424186924187
1844,0.726786076066
1845,0.897222582973
1846,0.731966737636
1847,0.773346883704
1848,0.839321117966
1849,0.236504677206
1850,0.81429501794
1851,0.391855696518
1852,0.598619888323
1853,0.356819894909
1854,0.312398738213
1855,0.592494390632
1856,0.514854132633
1857,0.214049484099
1858,0.611431419458
1859,0.210348131023
1860,0.146820045546
1861,0.582906632937
1862,0.444509061024
1863,0.179273996824
1864,0.273266133441
1865,0.71276724543
1866,0.452270072814
1867,0.682100039101
1868,0.629852000131
1869,0.54978318836
1870,0.172865374092
1871,0.698538258038
1872,0.318523511066
1873,0.332879338949
1874,0.370734460073
1875,0.604354970153
1876,0.420713638731
1877,0.86346037296
1878,0.673940149174
1879,0.520898742011
1880,0.467679428344
1881,0.489706479286
1882,0.834553760164
1883,0.274950690657
1884,0.685458344092
1885,0.67616793425
1886,0.106131854257
1887,0.320231662136
1888,0.415204499203
1889,0.371479476839
1890,0.354718655289
1891,0.713723540503
1892,0.444210426957
1893,0.466104140153
1894,0.624558963032
1895,0.39028908149
1896,0.667117812013
1897,0.68153496612
1898,0.686436882965
1899,0.349551003825
1900,0.428758317522
1901,0.717406254604
1902,0.503589866599
1903,0.766011225906
1904,0.64596528381
1905,0.475391062144
1906,0.35625588756
1907,0.79299037249
1908,0.835514283764
1909,0.710638835453
1910,0.391623057534
1911,0.88644487384
1912,0.543491191132
1913,0.600516377222
1914,0.507773806578
1915,0.317154231897
1916,0.470718679872
1917,0.464101225285
1918,0.488857347484
1919,0.466219968237
1920,0.497114399479
1921,0.203562703473
1922,0.734215211529
1923,0.465553411802
1924,0.470511577275
1925,0.758514721015
1926,0.308059446668
1927,0.43620554972
1928,0.237116161616
1929,0.4387981882
1930,0.718363342251
1931,0.0449711399711
1932,0.450957082731
1933,0.10981962482
1934,0.235164065773
1935,0.0662753055768
1936,0.882444291089
1937,0.21884835205
1938,0.515173896592
1939,0.571920248627
1940,0.336084815609
1941,0.308654489043
1942,0.873766233766
1943,0.325138590733
1944,0.855669301814
1945,0.592938988005
1946,0.332260041255
1947,0.324012120733
1948,0.230931324633
1949,0.441696008843
1950,0.856542522607
1951,0.399117821191
1952,0.536897029566
1953,0.470290602916
1954,0.440053271171
1955,0.449651774586
1956,0.910448161742
1957,0.816406995052
1958,0.800649140162
1959,0.551952305347
1960,0.19633027388
1961,0.421751566752
1962,0.522522017545
1963,0.812112569346
1964,0.570422738505
1965,0.750396029792
1966,0.467614170854
1967,0.37955814864
1968,0.629500535234
1969,0.460108413824
1970,0.245497452158
1971,0.728810451624
1972,0.627162232964
1973,0.658437999075
1974,0.919206709957
1975,0.255585702782
1976,0.733511679334
1977,0.717217330299
1978,0.875878357023
1979,0.803934521873
1980,0.417383179764
1981,0.853722581766
1982,0.615524038419
1983,0.852352869353
1984,0.527724468553
1985,0.483605133355
1986,0.774702497944
1987,0.837906343656
1988,0.58494809575
1989,0.779171795637
1990,0.716110047902
1991,0.488645442161
1992,0.426410141078
1993,0.56823723305
1994,0.754083413327
1995,0.548714410477
1996,0.402825062959
1997,0.8410554022
1998,0.667672082595
1999,0.661073790301
2000,0.910448161742
2001,0.157361947362
2002,0.803812887063
2003,0.642742632013
2004,0.425038381073
2005,0.416351605852
2006,0.465929971146
2007,0.471770768565
2008,0.471414437796
2009,0.469617480588
2010,0.343413984427
2011,0.56520715753
2012,0.548645383786
2013,0.865882806278
2014,0.799583165728
2015,0.725117436262
2016,0.662905298247
2017,0.874805555556
2018,0.435012393711
2019,0.426473237697
2020,0.670971779044
2021,0.383116907235
2022,0.58462687634
2023,0.431324242744
2024,0.401462637815
2025,0.520402318019
2026,0.863696026196
2027,0.465076696901
2028,0.808968253968
2029,0.483353291157
2030,0.540100860404
2031,0.515730234018
2032,0.749666148412
2033,0.647148396303
2034,0.147384246789
2035,0.860213120213
2036,0.514942970506
2037,0.349818541673
2038,0.485314163137
2039,0.633455246096
2040,0.163690621866
2041,0.820946344591
2042,0.780254710048
2043,0.369019478193
2044,0.683475022238
2045,0.903104186749
2046,0.772718843873
2047,0.546837207071
2048,0.887268648019
2049,0.578578845418
2050,0.880239468134
2051,0.754077965828
2052,0.78716824499
2053,0.544751753308
2054,0.715746024552
2055,0.044005994006
2056,0.773798478807
2057,0.676070683723
2058,0.869740328385
2059,0.44085195334
2060,0.224058884585
2061,0.55778163741
2062,0.116080104931
2063,0.381860309846
2064,0.543107576351
2065,0.242334640341
2066,0.188661814888
2067,0.543577292003
2068,0.176031660333
2069,0.496315179118
2070,0.910448161742
2071,0.394480746286
2072,0.198780423132
2073,0.488836652905
2074,0.543537418863
2075,0.689249555198
2076,0.410160689214
2077,0.897130160775
2078,0.374785284415
2079,0.462163294053
2080,0.445295811288
2081,0.433728130095
2082,0.516676290633
2083,0.753331721976
2084,0.444791243237
2085,0.513869616418
2086,0.503893380825
2087,0.842496733852
2088,0.496349778967
2089,0.474024945913
2090,0.610491013976
2091,0.409226444736
2092,0.614870195436
2093,0.629107709917
2094,0.775099228413
2095,0.581288263972
2096,0.364350387357
2097,0.381333305672
2098,0.324593368109
2099,0.700283229127
2100,0.301617759699
2101,0.631150180203
2102,0.807548319328
2103,0.314853253758
2104,0.899801948052
2105,0.543228620817
2106,0.531721927386
2107,0.566933700817
2108,0.634265365041
2109,0.507187161241
2110,0.422993186331
2111,0.474319418547
2112,0.708804964904
2113,0.123895208945
2114,0.480539797448
2115,0.469870847149
2116,0.781254489996
2117,0.419218759138
2118,0.623096810876
2119,0.390438773728
2120,0.319496937223
2121,0.446620984958
2122,0.378615020171
2123,0.732492333779
2124,0.523456017644
2125,0.484461937854
2126,0.590651261369
2127,0.350082640014
2128,0.891908730159
2129,0.102142008318
2130,0.725674109933
2131,0.886677959721
2132,0.404763965227
2133,0.594257951334
2134,0.315709036334
2135,0.573259272206
2136,0.559385532572
2137,0.403531903451
2138,0.691227811426
2139,0.182777163978
2140,0.922085497835
2141,0.602698070431
2142,0.60781951732
2143,0.462083599104
2144,0.561929679647
2145,0.693866706932
2146,0.48392829146
2147,0.391453547607
2148,0.696250117108
2149,0.678716634074
2150,0.725963192721
2151,0.552015994113
2152,0.495579619384
2153,0.277033970939
2154,0.603202225335
2155,0.635878821499
2156,0.190556871233
2157,0.234676286528
2158,0.433765717765
2159,0.145982146508
2160,0.539810085422
2161,0.907085497835
2162,0.391432388611
2163,0.668951430754
2164,0.567038438452
2165,0.206144807254
2166,0.442064188419
2167,0.685168027019
2168,0.466287942993
2169,0.346981261431
2170,0.637035038946
2171,0.890604016354
2172,0.450629968363
2173,0.508834687228
2174,0.397440501006
2175,0.531079427762
2176,0.486313149716
2177,0.913124929418
2178,0.65740682889
2179,0.637242574978
2180,0.37857241303
2181,0.493210646336
2182,0.852799221987
2183,0.353183949012
2184,0.792399108213
2185,0.696463508781
2186,0.697231528156
2187,0.763495620103
2188,0.422079556698
2189,0.868824230118
2190,0.511252335128
2191,0.339068190346
2192,0.402385752899
2193,0.37529659788
2194,0.601658728313
2195,0.294769798783
2196,0.405196875197
2197,0.339532994614
2198,0.5526008762
2199,0.61833289779
2200,0.544128245265
2201,0.613930988166
2202,0.266419223419
2203,0.470611125915
2204,0.094613997114
2205,0.733413418808
2206,0.538754318704
2207,0.48502696952
2208,0.138093576745
2209,0.758636677075
2210,0.725165963348
2211,0.75475584257
2212,0.434073610848
2213,0.371089892475
2214,0.552770386372
2215,0.212059888211
2216,0.916003717297
2217,0.543659073645
2218,0.371781534237
2219,0.433356906465
2220,0.504056732912
2221,0.810362464612
2222,0.547456298374
2223,0.627978413439
2224,0.467727540809
2225,0.509278992299
2226,0.525418185435
2227,0.343158237401
2228,0.473974213363
2229,0.6677789035
2230,0.469011370049
2231,0.391708579045
2232,0.66911696628
2233,0.569527498949
2234,0.793739900137
2235,0.445128472776
2236,0.393593175932
2237,0.490226838364
2238,0.363253161127
2239,0.431073412458
2240,0.5228421819
2241,0.722811772163
2242,0.888929943118
2243,0.362681838838
2244,0.782682929925
2245,0.608072637133
2246,0.460996194894
2247,0.591438284798
2248,0.590727114021
2249,0.188301445351
2250,0.195266568943
2251,0.743357027108
2252,0.56911178981
2253,0.902363275613
2254,0.712904874789
2255,0.121697773553
2256,0.445352143078
2257,0.585439454871
2258,0.579818725697
2259,0.653907989671
2260,0.672487241651
2261,0.857240483269
2262,0.246185954262
2263,0.413943049407
2264,0.659320090989
2265,0.685244517406
2266,0.476243149522
2267,0.479434919828
2268,0.207344845401
2269,0.503526303015
2270,0.539049183051
2271,0.47660893369
2272,0.607020094226
2273,0.648556365941
2274,0.922085497835
2275,0.359795120229
2276,0.449142760115
2277,0.712828079296
2278,0.379379411879
2279,0.135623203173
2280,0.868824231324
2281,0.465969985434
2282,0.523354191552
2283,0.820446245054
2284,0.335269449146
2285,0.351883716144
2286,0.386664857535
2287,0.683820254099
2288,0.902872404166
2289,0.689432662005
2290,0.877421273171
2291,0.522276844504
2292,0.811637629995
2293,0.12738005743
2294,0.52697741486
2295,0.841844022594
2296,0.547129683252
2297,0.703141111499
2298,0.52774353754
2299,0.708478651258
2300,0.3672488509
2301,0.480545866625
2302,0.798313338708
2303,0.713238312915
2304,0.784651681652
2305,0.787348757392
2306,0.494357661924
2307,0.77485594392
2308,0.804978156978
2309,0.455938214712
2310,0.768688469083
2311,0.843773484141
2312,0.485521979906
2313,0.685791443175
2314,0.399959921799
2315,0.269931772072
2316,0.529767095268
2317,0.560837745141
2318,0.799970992285
2319,0.897619408369
2320,0.602605251802
2321,0.595269172808
2322,0.643171316447
2323,0.550870988205
2324,0.477631901584
2325,0.679171724875
2326,0.188543619745
2327,0.48013558503
2328,0.652956025654
2329,0.75567257845
2330,0.863894230039
2331,0.678670929421
2332,0.350704953781
2333,0.63677126644
2334,0.388291126574
2335,0.607269242986
2336,0.570912816385
2337,0.579071982703
2338,0.566065921102
2339,0.839717465351
2340,0.647812986626
2341,0.272526194986
2342,0.780398398177
2343,0.571616935275
2344,0.592257002168
2345,0.913651154401
2346,0.569330781342
2347,0.316079513511
2348,0.168550071626
2349,0.307269152444
2350,0.594327779106
2351,0.401311581821
2352,0.286007082208
2353,0.32139974817
2354,0.867009127823
2355,0.181774069949
2356,0.129240217967
2357,0.894013277658
2358,0.768313892502
2359,0.319145259151
2360,0.543543392707
2361,0.567238337777
2362,0.436415945949
2363,0.365490417058
2364,0.12310966811
2365,0.458857931338
2366,0.66585304795
2367,0.515374734875
2368,0.254698645537
2369,0.428186245525
2370,0.118793154277
2371,0.751581844396
2372,0.703945921895
2373,0.664704787519
2374,0.632384188032
2375,0.526809219403
2376,0.4611025647
2377,0.798789024727
2378,0.464195319345
2379,0.89612978688
2380,0.631331319435
2381,0.884841908092
2382,0.0907592407592
2383,0.591706188034
2384,0.327361182857
2385,0.260160676312
2386,0.897204545455
2387,0.181560834091
2388,0.684823839336
2389,0.837327898621
2390,0.497088589268
2391,0.701437725305
2392,0.266357237534
2393,0.756296032441
2394,0.821772102167
2395,0.254408328159
2396,0.368652922568
2397,0.431814797001
2398,0.489263351516
2399,0.429628634429
2400,0.636449691801
2401,0.90504004329
2402,0.772844698159
2403,0.342323546405
2404,0.328890927785
2405,0.786705777734
2406,0.298492759699
2407,0.379464038819
2408,0.810799803969
2409,0.503840107289
2410,0.444052997631
2411,0.475295299055
2412,0.824888894389
2413,0.674983086652
2414,0.209447156997
2415,0.489465621632
2416,0.813735216549
2417,0.418034775802
2418,0.752903609489
2419,0.457634655669
2420,0.566038993408
2421,0.448179699848
2422,0.673782565482
2423,0.392356582584
2424,0.567524404723
2425,0.817248451982
2426,0.532812138489
2427,0.264533462208
2428,0.58553012542
2429,0.662665200209
2430,0.457060114318
2431,0.191339435041
2432,0.411274114142
2433,0.475171847822
2434,0.793385692851
2435,0.609808267845
2436,0.73341609972
2437,0.552302724199
2438,0.633384090723
2439,0.276730757882
2440,0.55736695589
2441,0.127758845309
2442,0.888403719342
2443,0.330988557848
2444,0.577136826876
2445,0.848436642937
2446,0.498434962143
2447,0.612692483921
2448,0.563256639956
2449,0.561913873342
2450,0.823251647825
2451,0.54384830623
2452,0.372723635423
2453,0.29968246083
2454,0.668423579163
2455,0.251114095664
2456,0.557229977719
2457,0.630031999887
2458,0.334879190455
2459,0.89093964307
2460,0.650780766957
2461,0.678169631611
2462,0.554589476364
2463,0.720605680861
2464,0.517672421212
2465,0.389377461847
2466,0.635795817435
2467,0.106304473304
2468,0.548184357546
2469,0.456702658894
2470,0.171387591563
2471,0.78506633572
2472,0.64932662749
2473,0.728252935377
2474,0.178463947115
2475,0.389628164835
2476,0.117343434343
2477,0.525619226222
2478,0.692280527039
2479,0.533676604943
2480,0.390610304998
2481,0.53981199588
2482,0.729770452004
2483,0.533078599791
2484,0.763400973839
2485,0.365042025022
2486,0.655147475221
2487,0.550178747129
2488,0.665136204454
2489,0.77961601119
2490,0.103500943501
2491,0.686080011323
2492,0.521375268429
2493,0.299873557767
2494,0.481974045278
2495,0.251324420529
2496,0.874325603515
2497,0.70558015566
2498,0.61262214656
2499,0.652903333078
2500,0.545583465064
2501,0.450176402323
2502,0.362839784353
2503,0.775336009586
2504,0.57737170922
2505,0.212668958344
2506,0.687677335838
2507,0.400744752097
2508,0.517537965378
2509,0.454974176748
2510,0.663768284272
2511,0.772147803952
2512,0.571872128903
2513,0.652848631397
2514,0.449141217839
2515,0.708652252727
2516,0.824448258638
2517,0.654065911213
2518,0.855912905103
2519,0.48542969493
2520,0.821934267646
2521,0.205273275323
2522,0.124486291486
2523,0.682521057604
2524,0.515202340355
2525,0.382954815471
2526,0.507696178935
2527,0.761842767724
2528,0.779480310013
2529,0.698816985246
2530,0.313305457737
2531,0.627997288659
2532,0.282077147087
2533,0.391852278757
2534,0.89093964307
2535,0.768459322113
2536,0.655856842405
2537,0.372257063434
2538,0.260359450936
2539,0.705196217432
2540,0.301176172297
2541,0.21399547212
2542,0.667278058987
2543,0.609607099078
2544,0.483116581882
2545,0.760836698097
2546,0.7265668613
2547,0.222654445763
2548,0.454699194655
2549,0.559595054398
2550,0.703649097122
2551,0.571323631277
2552,0.318585269138
2553,0.632860145084
2554,0.80085487037
2555,0.63606766406
2556,0.638778641213
2557,0.305573480073
2558,0.0813266594517
2559,0.363056764689
2560,0.794584792251
2561,0.827624028019
2562,0.820890275725
2563,0.515543805613
2564,0.738355158584
2565,0.382243028358
2566,0.222305460832
2567,0.266556574178
2568,0.354234146349
2569,0.829764851678
2570,0.508423592073
2571,0.804640275725
2572,0.716146761981
2573,0.689888606516
2574,0.292750669791
2575,0.611454293056
2576,0.44643484658
2577,0.644698007531
2578,0.430032540436
2579,0.204876213112
2580,0.253083705463
2581,0.439089434624
2582,0.54777179942
2583,0.420788412264
2584,0.575196477232
2585,0.457388494339
2586,0.674360460471
2587,0.26006162465
2588,0.423852155086
2589,0.539930698493
2590,0.78611919319
2591,0.055119047619
2592,0.500395979308
2593,0.869954794586
2594,0.527943634308
2595,0.399806404703
2596,0.228053425037
2597,0.0662301587302
2598,0.504725321163
2599,0.497729825457
2600,0.291062230206
2601,0.373347243809
2602,0.554439478591
2603,0.715443223492
2604,0.741853267535
2605,0.462643190331
2606,0.232020074697
2607,0.606414652773
2608,0.485517069148
2609,0.0947294372294
2610,0.367753685837
2611,0.500477228558
2612,0.859117853749
2613,0.307761965656
2614,0.611211079537
2615,0.516616439997
2616,0.633878559288
2617,0.574078595579
2618,0.575140809561
2619,0.825493101923
2620,0.483943073359
2621,0.808879062367
2622,0.412505911281
2623,0.581507154508
2624,0.765086123697
2625,0.48077492341
2626,0.197180383023
2627,0.70940959981
2628,0.490816447547
2629,0.166476017943
2630,0.45971215837
2631,0.326489995948
2632,0.419882987856
2633,0.212153446386
2634,0.383020379426
2635,0.678666631697
2636,0.401222241857
2637,0.45643653254
2638,0.55681759125
2639,0.524016686716
2640,0.376858254903
2641,0.134796123764
2642,0.530162915135
2643,0.219110821865
2644,0.377011474091
2645,0.445400578797
2646,0.53000394328
2647,0.103333333333
2648,0.282649202837
2649,0.192647749262
2650,0.294966482572
2651,0.78037882017
2652,0.614708789521
2653,0.123565186944
2654,0.771493916638
2655,0.665611959686
2656,0.870246771719
2657,0.236494378691
2658,0.604462193612
2659,0.832097651728
2660,0.530916190436
2661,0.404153586271
2662,0.397663378397
2663,0.675143486262
2664,0.652814972265
2665,0.692424143001
2666,0.609462365929
2667,0.477381515061
2668,0.656763341177
2669,0.788742731795
2670,0.630142378694
2671,0.309910068192
2672,0.505123902632
2673,0.779224974016
2674,0.803163061418
2675,0.570557864583
2676,0.274300693268
2677,0.655628051979
2678,0.329462518255
2679,0.633623304563
2680,0.366837376384
2681,0.187328715083
2682,0.225693318167
2683,0.346626579509
2684,0.651455359155
2685,0.510369275018
2686,0.184809223953
2687,0.35508588035
2688,0.489383231645
2689,0.542178668199
2690,0.303749295367
2691,0.772553185061
2692,0.402137038549
2693,0.750669053957
2694,0.484474775989
2695,0.515822811167
2696,0.512497819124
2697,0.503476271859
2698,0.17710180624
2699,0.475324188934
2700,0.365541803015
2701,0.680753442459
2702,0.798589179914
2703,0.828368806203
2704,0.0923520923521
2705,0.657493076268
2706,0.692736627671
2707,0.538775141013
2708,0.643230890827
2709,0.104438980906
2710,0.505798631991
2711,0.227768652916
2712,0.854954794586
2713,0.466214571617
2714,0.368015264332
2715,0.541451003409
2716,0.704457459444
2717,0.845783093394
2718,0.349541722645
2719,0.66318795783
2720,0.56395943522
2721,0.565423003186
2722,0.444627711101
2723,0.541737779095
2724,0.430377270593
2725,0.401003784909
2726,0.506298365522
2727,0.842892703082
2728,0.403254521331
2729,0.552214841234
2730,0.86829024998
2731,0.615238390789
2732,0.799152645634
2733,0.719230069913
2734,0.454812298521
2735,0.528653647829
2736,0.32577310489
2737,0.428444721325
2738,0.431078890351
2739,0.445505392816
2740,0.599494612107
2741,0.434221682072
2742,0.770065522357
2743,0.632508967143
2744,0.710220553725
2745,0.275926771214
2746,0.629431090339
2747,0.370244560816
2748,0.755221958217
2749,0.50232658043
2750,0.482539514516
2751,0.689663281337
2752,0.48347191367
2753,0.498026768641
2754,0.767980962524
2755,0.230514867757
2756,0.794380968455
2757,0.410517628594
2758,0.609318947376
2759,0.573076831145
2760,0.525887676409
2761,0.418520844583
2762,0.587816791853
2763,0.606682114509
2764,0.483601351349
2765,0.333958882874
2766,0.686643846009
2767,0.758164209909
2768,0.531672113108
2769,0.71917375158
2770,0.32552496995
2771,0.676469488761
2772,0.512362191345
2773,0.602408850567
2774,0.301605461485
2775,0.169397381035
2776,0.823961805158
2777,0.0906823671498
2778,0.39871620321
2779,0.3577403919
2780,0.472186011008
2781,0.628796463134
2782,0.782965081947
2783,0.316742946555
2784,0.137613584081
2785,0.567008458813
2786,0.340323690067
2787,0.351232491052
2788,0.756385228636
2789,0.501960543729
2790,0.734549771852
2791,0.407742546767
2792,0.763047817681
2793,0.591487169008
2794,0.491264279613
2795,0.530427495111
2796,0.50555127823
2797,0.240494649639
2798,0.437032914873
2799,0.720656306862
2800,0.706379538903
2801,0.57184337187
2802,0.696352694059
2803,0.53098457372
2804,0.341315483423
2805,0.198773870418
2806,0.421220172257
2807,0.565165333705
2808,0.73902004796
2809,0.230750384691
2810,0.376679379519
2811,0.379472533983
2812,0.604634939594
2813,0.413293040966
2814,0.34467256185
2815,0.473912737899
2816,0.315901443032
2817,0.542802296397
2818,0.663050075847
2819,0.757127999968
2820,0.476704193729
2821,0.304447098362
2822,0.881974996606
2823,0.384570633011
2824,0.311725264978
2825,0.19408459596
2826,0.64748229722
2827,0.681786715375
2828,0.682506116044
2829,0.380228806658
2830,0.669516898154
2831,0.519420023505
2832,0.539746804925
2833,0.742013138916
2834,0.520782333783
2835,0.836823920477
2836,0.41854873676
2837,0.398569111674
2838,0.247022655928
2839,0.773514349317
2840,0.377332323376
2841,0.556086364421
2842,0.361040064877
2843,0.656287277931
2844,0.489651984524
2845,0.677805445646
2846,0.63160192968
2847,0.802704030644
2848,0.810812454509
2849,0.57699090571
2850,0.577364375796
2851,0.383340807656
2852,0.542236444397
2853,0.43368248386
2854,0.512953549827
2855,0.317244061766
2856,0.212938202817
2857,0.210063555884
2858,0.74613977622
2859,0.14319474507
2860,0.511887950197
2861,0.463131161747
2862,0.465039014841
2863,0.479381698273
2864,0.0469841269841
2865,0.236632353466
2866,0.445042711965
2867,0.840493101923
2868,0.853346228579
2869,0.705010024831
2870,0.598617031905
2871,0.259821251733
2872,0.453248234064
2873,0.717560638832
2874,0.50806661929
2875,0.426529418586
2876,0.816540182476
2877,0.146433152312
2878,0.520986526661
2879,0.832744649658
2880,0.518838061117
2881,0.0130555555556
2882,0.485428955004
2883,0.583522503453
2884,0.228651767031
2885,0.342233084632
2886,0.656348680363
2887,0.629543959241
2888,0.73605721917
2889,0.420389454096
2890,0.245557162609
2891,0.599305068585
2892,0.372878486644
2893,0.861282125254
2894,0.347520267024
2895,0.865366430599
2896,0.838908202908
2897,0.713717725405
2898,0.459368605493
2899,0.370188832484
2900,0.0628571428571
2901,0.476895133968
2902,0.69096439874
2903,0.862397132949
2904,0.538167272498
2905,0.392810423723
2906,0.839933149564
2907,0.723531992246
2908,0.798388592687
2909,0.154674192909
2910,0.473780444919
2911,0.256408974965
2912,0.400432757902
2913,0.561901859197
2914,0.451789542867
2915,0.37729960687
2916,0.367406325315
2917,0.572265140019
2918,0.243432483863
2919,0.200481248824
2920,0.608770779058
2921,0.461445862238
2922,0.55356875719
2923,0.603813172631
2924,0.254401478967
2925,0.481000689914
2926,0.391071098268
2927,0.760593175549
2928,0.357249328581
2929,0.231977583353
2930,0.670763910081
2931,0.411914577068
2932,0.553929021958
2933,0.373674357186
2934,0.432282971864
2935,0.759898121317
2936,0.779281816893
2937,0.547151301872
2938,0.851468460658
2939,0.413574609542
2940,0.630622435292
2941,0.499913791726
2942,0.407516173556
2943,0.291878851541
2944,0.465477575816
2945,0.358424682353
2946,0.493969818738
2947,0.117878557989
2948,0.695984301594
2949,0.423024190068
2950,0.487092495061
2951,0.266106394287
2952,0.514391492198
2953,0.462303730776
2954,0.423889861914
2955,0.562130276479
2956,0.799065397771
2957,0.402092210405
2958,0.49590422722
2959,0.678615212317
2960,0.398687203067
2961,0.781093338704
2962,0.585647607321
2963,0.357425334358
2964,0.40491234541
2965,0.549841443143
2966,0.493594389693
2967,0.725592767448
2968,0.484067066888
2969,0.585728456416
2970,0.811421128667
2971,0.548664113154
2972,0.592726990945
2973,0.745733112602
2974,0.14873015873
2975,0.765864956226
2976,0.46722050506
2977,0.574269732972
2978,0.491759101328
2979,0.727864690774
2980,0.238797141584
2981,0.520501890961
2982,0.476756635384
2983,0.754064409607
2984,0.154243326118
2985,0.124350946439
2986,0.710233807259
2987,0.377705748725
2988,0.224048592428
2989,0.470233689175
2990,0.190372771836
2991,0.838346228579
2992,0.375705262843
2993,0.36760796623
2994,0.78713771487
2995,0.252437518842
2996,0.366918144585
2997,0.496887884203
2998,0.364199758622
2999,0.799926142921
3000,0.433067736833
3001,0.135988328665
3002,0.424168712035
3003,0.685833709576
3004,0.468292269625
3005,0.788316641311
3006,0.553494963999
3007,0.530959677282
3008,0.329413980833
3009,0.477895248977
3010,0.563756157635
3011,0.703550845606
3012,0.69728690319
3013,0.783837760497
3014,0.304057615296
3015,0.53809960061
3016,0.331617741007
3017,0.524850819021
3018,0.468244956399
3019,0.12031372549
3020,0.536595191316
3021,0.341988532371
3022,0.643716463099
3023,0.820890275725
3024,0.728138398044
3025,0.815675190466
3026,0.617889847081
3027,0.55616304035
3028,0.54508287364
3029,0.208099267243
3030,0.780881631535
3031,0.798230492979
3032,0.542266928096
3033,0.508291715328
3034,0.743377908446
3035,0.0996109385783
3036,0.325815933324
3037,0.404957709007
3038,0.344368632425
3039,0.720267782055
3040,0.497862658504
3041,0.65514659511
3042,0.453946681633
3043,0.593006798632
3044,0.75434672079
3045,0.501157583108
3046,0.486906272471
3047,0.270386848942
3048,0.382126529019
3049,0.405687737671
3050,0.522267005791
3051,0.826118971831
3052,0.861691258605
3053,0.652236583229
3054,0.649694343157
3055,0.257711530731
3056,0.696410296481
3057,0.316167953234
3058,0.162609126984
3059,0.480279498201
3060,0.602328580137
3061,0.292467175254
3062,0.33362335781
3063,0.385569518964
3064,0.364096340391
3065,0.64889625473
3066,0.539171543208
3067,0.482789713544
3068,0.564876064441
3069,0.393961862986
3070,0.553065299154
3071,0.506370996382
3072,0.856911316325
3073,0.608444285018
3074,0.283072463259
3075,0.532437884809
3076,0.250696439951
3077,0.186648629149
3078,0.646951223171
3079,0.858226569699
3080,0.36737406194
3081,0.616214840857
3082,0.871754938886
3083,0.455405986532
3084,0.693411564196
3085,0.58478805448
3086,0.418415131331
3087,0.138841037183
3088,0.47203467244
3089,0.807494857727
3090,0.61405995472
3091,0.42319101081
3092,0.528500464692
3093,0.630591330776
3094,0.849353654688
3095,0.740938658259
3096,0.715581801672
3097,0.500598302263
3098,0.657362114991
3099,0.402918992675
3100,0.568295335549
3101,0.671316408496
3102,0.775550661856
3103,0.642885511093
3104,0.621833208441
3105,0.407945721218
3106,0.416144820449
3107,0.0684126984127
3108,0.46974827121
3109,0.335539096778
3110,0.753120115848
3111,0.684908881511
3112,0.662194928635
3113,0.12845959596
3114,0.337826678477
3115,0.453494845343
3116,0.360518511768
3117,0.626011958179
3118,0.71497879027
3119,0.737545735755
3120,0.708686452409
3121,0.495742958853
3122,0.5282666135
3123,0.554520401561
3124,0.71847642339
3125,0.411913738588
3126,0.477619239496
3127,0.672109395551
3128,0.624944372851
3129,0.570904205941
3130,0.87127004796
3131,0.315340626918
3132,0.801494649658
3133,0.472408489433
3134,0.488710624934
3135,0.194078725693
3136,0.371530528254
3137,0.746669889178
3138,0.252290661408
3139,0.279605700015
3140,0.459584535835
3141,0.861691258605
3142,0.749264478404
3143,0.80707615665
3144,0.324740086982
3145,0.610326173647
3146,0.89093964307
3147,0.124591220327
3148,0.363640295706
3149,0.583283840742
3150,0.69671299344
3151,0.6706162046
3152,0.46404867005
3153,0.746916482581
3154,0.363175786931
3155,0.422070285591
3156,0.853931518345
3157,0.86391944105
3158,0.40487188057
3159,0.433527877539
3160,0.127546078151
3161,0.677756617319
3162,0.395170500929
3163,0.4582842546
3164,0.354964797729
3165,0.488039779045
3166,0.254791685119
3167,0.747005102577
3168,0.762776430571
3169,0.853931518345
3170,0.623719729622
3171,0.799065397771
3172,0.765558381869
3173,0.572925037734
3174,0.41590076332
3175,0.44195793405
3176,0.792629062367
3177,0.368164073855
3178,0.210028149907
3179,0.66220069889
3180,0.383842164601
3181,0.598648406213
3182,0.61679752733
3183,0.500688466087
3184,0.41511837365
3185,0.735035063646
3186,0.87891944105
3187,0.480409049435
3188,0.585420514642
3189,0.803654988446
3190,0.737517838365
3191,0.318764602706
3192,0.637822248485
3193,0.800322546035
3194,0.803533756473
3195,0.489503098059
3196,0.599138989453
3197,0.616335760584
3198,0.180029761905
3199,0.335514490299
3200,0.672517195852
3201,0.186105593753
3202,0.662303891493
3203,0.713080589107
3204,0.420330958123
3205,0.180288472965
3206,0.604968903792
3207,0.4578929095
3208,0.69612828111
3209,0.400612431259
3210,0.358569466434
3211,0.69491042049
3212,0.46070114434
3213,0.386402934973
3214,0.503314136365
3215,0.226377612855
3216,0.584585648638
3217,0.330719870839
3218,0.619816271438
3219,0.613014262439
3220,0.724970650616
3221,0.629347884969
3222,0.621391989259
3223,0.733830649598
3224,0.765912532007
3225,0.784078792568
3226,0.537289591326
3227,0.436980307574
3228,0.3436667718
3229,0.722799630591
3230,0.422682535641
3231,0.697127993817
3232,0.382952371093
3233,0.881974996606
3234,0.811317703711
3235,0.491850850602
3236,0.501039106503
3237,0.39229959748
3238,0.693451266711
3239,0.688712484102
3240,0.567093887294
3241,0.78009961887
3242,0.332648327914
3243,0.547659562541
3244,0.722828560592
3245,0.0384523809524
3246,0.182338564214
3247,0.360993457172
3248,0.430312823572
3249,0.46488379901
3250,0.515754914644
3251,0.678097476935
3252,0.204986344538
3253,0.473120278555
3254,0.392647050287
3255,0.39984230587
3256,0.583236659869
3257,0.486890087759
3258,0.288859933733
3259,0.696490445698
3260,0.176944868857
3261,0.659297505689
3262,0.106237373737
3263,0.783847005533
3264,0.601035968634
3265,0.351289335886
3266,0.820904737936
3267,0.529968044689
3268,0.293464423807
3269,0.747785982742
3270,0.477954440055
3271,0.86474681416
3272,0.631466595993
3273,0.43961136771
3274,0.70662615909
3275,0.769172432118
3276,0.526226870225
3277,0.552208235771
3278,0.733460551319
3279,0.818555141607
3280,0.319703555901
3281,0.626558610686
3282,0.477489619707
3283,0.281853971145
3284,0.543593074728
3285,0.815046549236
3286,0.553283116103
3287,0.355955771494
3288,0.229251014477
3289,0.721164617567
3290,0.59121108139
3291,0.32484971129
3292,0.364072341826
3293,0.66859163008
3294,0.447086331659
3295,0.447270348177
3296,0.443623847785
3297,0.610697060677
3298,0.645836816897
3299,0.473947870066
3300,0.443556522
3301,0.476850618135
3302,0.192259199134
3303,0.345878349887
3304,0.677511278925
3305,0.508346471318
3306,0.445858409786
3307,0.070462962963
3308,0.20256162465
3309,0.440827657946
3310,0.497550535024
3311,0.801563943368
3312,0.78871460396
3313,0.57311720245
3314,0.612985978543
3315,0.232656325156
3316,0.534051018273
3317,0.626312780193
3318,0.559498065735
3319,0.719201754757
3320,0.163218314862
3321,0.823342047208
3322,0.75158398733
3323,0.425415251506
3324,0.804290698381
3325,0.413279818076
3326,0.589794254441
3327,0.66641282106
3328,0.455772102928
3329,0.541695642969
3330,0.367423090005
3331,0.66680977046
3332,0.469822062986
3333,0.722480945723
3334,0.454730959064
3335,0.387971839032
3336,0.734943563973
3337,0.161379268879
3338,0.570924908663
3339,0.745105416138
3340,0.636486053241
3341,0.739151455462
3342,0.233730031407
3343,0.87789616481
3344,0.412171504614
3345,0.472436741363
3346,0.578350212404
3347,0.732764602366
3348,0.3673655867
3349,0.266846440596
3350,0.263860011729
3351,0.824448258638
3352,0.70887511378
3353,0.497844808073
3354,0.215179957632
3355,0.682679686548
3356,0.254765831344
3357,0.505198295663
3358,0.778727986239
3359,0.510457712928
3360,0.497824875335
3361,0.839539990092
3362,0.448123992435
3363,0.745185277098
3364,0.514586596957
3365,0.618680943259
3366,0.611195662643
3367,0.561843384424
3368,0.77961601119
3369,0.72299586534
3370,0.730536572111
3371,0.784443547166
3372,0.789940422992
3373,0.56880761301
3374,0.467179485256
3375,0.580915312334
3376,0.739221246624
3377,0.655572669325
3378,0.136386554622
3379,0.573471340985
3380,0.472856970071
3381,0.286773036506
3382,0.504517273935
3383,0.466601535741
3384,0.659702878621
3385,0.466636516074
3386,0.660250088838
3387,0.387702742472
3388,0.818726004219
3389,0.383193201209
3390,0.430560866196
3391,0.0795634920635
3392,0.56577366469
3393,0.485029663419
3394,0.191396103896
3395,0.375014949066
3396,0.210448232323
3397,0.637080182247
3398,0.333150796612
3399,0.617733119253
3400,0.742017520009
3401,0.426191678692
3402,0.431201194743
3403,0.440439489405
3404,0.423130500481
3405,0.843126170859
3406,0.726416412846
3407,0.653509257989
3408,0.325568378451
3409,0.605330919148
3410,0.705322597813
3411,0.674490471741
3412,0.263524560453
3413,0.581468204943
3414,0.674181903489
3415,0.56215939563
3416,0.478098383886
3417,0.619659178621
3418,0.768751396901
3419,0.380945923826
3420,0.696204898177
3421,0.210431396697
3422,0.377085074847
3423,0.719683894649
3424,0.430257334648
3425,0.396832318528
3426,0.399423657062
3427,0.79976915434
3428,0.470531552861
3429,0.62068416071
3430,0.673350135059
3431,0.481651656469
3432,0.40056600476
3433,0.537189586754
3434,0.570489797237
3435,0.291426716577
3436,0.386056055372
3437,0.729126600168
3438,0.437940670902
3439,0.523437048235
3440,0.856911316325
3441,0.329514862269
3442,0.562563554348
3443,0.550683522322
3444,0.555736038629
3445,0.621159630024
3446,0.489560889787
3447,0.526374542711
3448,0.782333990056
3449,0.651222377832
3450,0.59658676281
3451,0.379136588362
3452,0.441292737579
3453,0.841911316325
3454,0.373095805564
3455,0.498279656933
3456,0.57762363811
3457,0.586130567258
3458,0.358298552154
3459,0.803772667583
3460,0.748223445188
3461,0.721639029603
3462,0.834689094103
3463,0.204402056277
3464,0.176666749147
3465,0.646336136869
3466,0.0804232804233
3467,0.679073247237
3468,0.317912701374
3469,0.850875962789
3470,0.88329024998
3471,0.861691258605
3472,0.77484920573
3473,0.688337323358
3474,0.610604083273
3475,0.859325603515
3476,0.549226575618
3477,0.453347085186
3478,0.595128146244
3479,0.763935815978
3480,0.380038282802
3481,0.648647668099
3482,0.157349033816
3483,0.560620569796
3484,0.490762153533
3485,0.352778151249
3486,0.405873640296
3487,0.685071916707
3488,0.499901880198
3489,0.194489185332
3490,0.34498246035
3491,0.556149804535
3492,0.544056661195
3493,0.837322952338
3494,0.513762981689
3495,0.617579667662
3496,0.317227556236
3497,0.448585523422
3498,0.376692689022
3499,0.363223377319
3500,0.524196504786
3501,0.410970065559
3502,0.618556861233
3503,0.514944574908
3504,0.561623259951
3505,0.859325603515
3506,0.465570335668
3507,0.3893758765
3508,0.329297086947
3509,0.506883753501
3510,0.368020353285
3511,0.746974530571
3512,0.811421128667
3513,0.344501366174
3514,0.767337241636
3515,0.224007883615
3516,0.657402132799
3517,0.125075630252
3518,0.7035100939
3519,0.648301316331
3520,0.371576423584
3521,0.303142685793
3522,0.634558407685
3523,0.552477149816
3524,0.771368963775
3525,0.477958853745
3526,0.850376930929
3527,0.727727425574
3528,0.557000598107
3529,0.285936815635
3530,0.808132775921
3531,0.637148146428
3532,0.547722034198
3533,0.439410074873
3534,0.739811073622
3535,0.881974996606
3536,0.494693594247
3537,0.2303087571
3538,0.769095862091
3539,0.412296318249
3540,0.766507895962
3541,0.833824860297
3542,0.558836588248
3543,0.835518819932
3544,0.397106077473
3545,0.164820173788
3546,0.667721243044
3547,0.675167556807
3548,0.575159654138
3549,0.387018173257
3550,0.697027309725
3551,0.385386318957
3552,0.637571081724
3553,0.517726880287
3554,0.770873951043
3555,0.805668669052
3556,0.827264851678
3557,0.561626223421
3558,0.23074789916
3559,0.383614037816
3560,0.289235889429
3561,0.470915553091
3562,0.557374085444
3563,0.770171218341
3564,0.518109486119
3565,0.53553263132
3566,0.819595738032
3567,0.412891583053
3568,0.407298529948
3569,0.411537950067
3570,0.529376897699
3571,0.290849740401
3572,0.734384536676
3573,0.391528273893
3574,0.568725744945
3575,0.342949929972
3576,0.68057381021
3577,0.569263862586
3578,0.347673381606
3579,0.508113840572
3580,0.485825202366
3581,0.355536086415
3582,0.679160674318
3583,0.415080650634
3584,0.711882935216
3585,0.594641818733
3586,0.632858371428
3587,0.472833696979
3588,0.87127004796
3589,0.617418696687
3590,0.576113415364
3591,0.51106800323
3592,0.53295416447
3593,0.437648389557
3594,0.86391944105
3595,0.504683428008
3596,0.421349680844
3597,0.196805574008
3598,0.578396851836
3599,0.693234127089
3600,0.831528455458
3601,0.619377468317
3602,0.666619204432
3603,0.499975156823
3604,0.236025676937
3605,0.22936351965
3606,0.305386123329
3607,0.469754444173
3608,0.810417569735
3609,0.632428138162
3610,0.575717903331
3611,0.408185106358
3612,0.632348558999
3613,0.52631526081
3614,0.118181818182
3615,0.841911316325
3616,0.0836470588235
3617,0.426282685266
3618,0.427662861096
3619,0.614846849358
3620,0.669816027621
3621,0.556972314986
3622,0.23287212184
3623,0.769537842474
3624,0.27960875855
3625,0.412931114402
3626,0.313072183446
3627,0.527637451032
3628,0.734352485394
3629,0.580714618631
3630,0.546569133358
3631,0.670923579163
3632,0.537124767361
3633,0.805289561778
3634,0.71631749943
3635,0.518995545328
3636,0.758290165097
3637,0.730390408784
3638,0.377908045824
3639,0.426571536098
3640,0.703701291591
3641,0.378956026272
3642,0.755287819098
3643,0.467270804524
3644,0.466601472564
3645,0.568670267683
3646,0.744059239953
3647,0.553158559447
3648,0.467422488755
3649,0.439088221836
3650,0.651881934539
3651,0.329075988966
3652,0.493384356744
3653,0.321794503155
3654,0.230677205419
3655,0.703878400475
3656,0.578497343033
3657,0.545848187641
3658,0.576073678294
3659,0.232203403847
3660,0.144553571429
3661,0.393678909739
3662,0.287800804268
3663,0.153017146252
3664,0.499976326825
3665,0.483118383472
3666,0.480584023247
3667,0.479183547201
3668,0.415075480281
3669,0.420244013011
3670,0.746090544563
3671,0.569139736458
3672,0.541178049938
3673,0.657015504898
3674,0.370338146875
3675,0.51901024477
3676,0.438903767887
3677,0.509968842862
3678,0.596200236018
3679,0.751270662193
3680,0.325542150594
3681,0.12756162465
3682,0.461671294759
3683,0.326070046464
3684,0.565884304749
3685,0.298563487119
3686,0.194755663135
3687,0.593415036648
3688,0.454384156748
3689,0.775819490611
3690,0.454440547348
3691,0.33516254332
3692,0.519517864212
3693,0.76439857595
3694,0.782660302633
3695,0.180357015533
3696,0.509927330411
3697,0.75216584147
3698,0.400220580033
3699,0.721356453529
3700,0.617461209736
3701,0.77529840598
3702,0.754438452403
3703,0.571840846405
3704,0.560166951536
3705,0.490467433907
3706,0.26125873305
3707,0.635104292316
3708,0.816895631526
3709,0.405695441805
3710,0.49326129928
3711,0.275576119095
3712,0.455548405402
3713,0.511067896681
3714,0.544738714515
3715,0.634767520905
3716,0.677144276817
3717,0.47045441374
3718,0.175437481317
3719,0.571949047887
3720,0.585249434561
3721,0.464755998804
3722,0.769305727469
3723,0.738255977421
3724,0.476277984014
3725,0.616415937974
3726,0.87891944105
3727,0.447395116921
3728,0.251184885329
3729,0.480978920495
3730,0.265231726287
3731,0.177472962176
3732,0.89093964307
3733,0.666736436985
3734,0.552587184484
3735,0.631792747122
3736,0.72160853473
3737,0.290016907704
3738,0.604394499551
3739,0.470940170113
3740,0.495365866025
3741,0.602968420837
3742,0.476571890149
3743,0.516191636818
3744,0.612175508628
3745,0.148062770563
3746,0.733138274041
3747,0.623289936806
3748,0.505300535052
3749,0.456307354795
3750,0.670872044244
3751,0.337938661219
