MoleculeId,PredictedProbability
1,0.92341953516
2,0.954987585545
3,0.567924797535
4,0.950156867504
5,0.103726834059
6,0.641299724579
7,0.879991590977
8,0.865469157696
9,0.957280933857
10,0.398554801941
11,0.448668718338
12,0.834249377251
13,0.804394841194
14,0.617305517197
15,0.343543112278
16,0.0400240831077
17,0.0983175858855
18,0.111509166658
19,0.381275504827
20,0.854008257389
21,0.0660369843245
22,0.936837911606
23,0.967620491982
24,0.978923141956
25,0.955036520958
26,0.493835389614
27,0.0757919177413
28,0.145869225264
29,0.221999689937
30,0.649253547192
31,0.213778138161
32,0.0711761265993
33,0.790994465351
34,0.51388335228
35,0.437160313129
36,0.976389586926
37,0.869920909405
38,0.824136912823
39,0.973340451717
40,0.965865135193
41,0.250860691071
42,0.0179108269513
43,0.831376731396
44,0.963368356228
45,0.0139657203108
46,0.374320149422
47,0.931475758553
48,0.501960873604
49,0.936001181602
50,0.776315808296
51,0.950944125652
52,0.170884042978
53,0.814842164516
54,0.0457004010677
55,0.105296425521
56,0.940792441368
57,0.93857640028
58,0.975194990635
59,0.971027910709
60,0.716530144215
61,0.804965019226
62,0.982196092606
63,0.198243469
64,0.0439289920032
65,0.720263361931
66,0.415326714516
67,0.363153338432
68,0.0898769497871
69,0.130181103945
70,0.408778399229
71,0.917621731758
72,0.684040367603
73,0.90996992588
74,0.967567026615
75,0.173785954714
76,0.324963748455
77,0.933066546917
78,0.362091302872
79,0.95225828886
80,0.277155429125
81,0.226082876325
82,0.127140134573
83,0.0470010787249
84,0.140737846494
85,0.696671366692
86,0.490449607372
87,0.228391259909
88,0.916992723942
89,0.963095188141
90,0.409492582083
91,0.539921581745
92,0.798207163811
93,0.107992522418
94,0.111870877445
95,0.819989323616
96,0.0990494936705
97,0.719940841198
98,0.969079732895
99,0.976450502872
100,0.930446505547
101,0.760134518147
102,0.860534667969
103,0.743122279644
104,0.346196204424
105,0.263061970472
106,0.049830570817
107,0.630153715611
108,0.412593156099
109,0.887383937836
110,0.0522186681628
111,0.534156620502
112,0.761350631714
113,0.0776107758284
114,0.891328513622
115,0.935100913048
116,0.037717256695
117,0.87688434124
118,0.0984933227301
119,0.586490154266
120,0.0775935053825
121,0.0909792333841
122,0.0354657024145
123,0.941360354424
124,0.264870256186
125,0.495808035135
126,0.150514528155
127,0.434857934713
128,0.502746641636
129,0.166517212987
130,0.123486720026
131,0.0174889713526
132,0.368525952101
133,0.0345737747848
134,0.972677707672
135,0.51396805048
136,0.974128007889
137,0.0574743896723
138,0.763951897621
139,0.794943332672
140,0.80475205183
141,0.8431879282
142,0.956788182259
143,0.903964996338
144,0.212360754609
145,0.958747148514
146,0.0828757211566
147,0.928516924381
148,0.923796474934
149,0.525136291981
150,0.359176963568
151,0.0486618354917
152,0.621217131615
153,0.323582947254
154,0.971527457237
155,0.975256323814
156,0.686500489712
157,0.745439827442
158,0.975686609745
159,0.62742638588
160,0.064119964838
161,0.727491378784
162,0.04059221223
163,0.11050786823
164,0.974696576595
165,0.947702109814
166,0.414952158928
167,0.531108498573
168,0.85233271122
169,0.416354387999
170,0.988289475441
171,0.946453869343
172,0.906952142715
173,0.291373044252
174,0.778940320015
175,0.0301770027727
176,0.887668550014
177,0.366247862577
178,0.132057741284
179,0.360960692167
180,0.108080498874
181,0.281798154116
182,0.932669222355
183,0.668970763683
184,0.0866641104221
185,0.949500501156
186,0.563855051994
187,0.958556711674
188,0.342560619116
189,0.964557468891
190,0.304707676172
191,0.0372899286449
192,0.578561961651
193,0.104298405349
194,0.596591949463
195,0.961027801037
196,0.208104640245
197,0.938499510288
198,0.718620479107
199,0.636886417866
200,0.101326793432
201,0.92495149374
202,0.201478824019
203,0.535328269005
204,0.104905806482
205,0.978619515896
206,0.832722961903
207,0.600861132145
208,0.97646266222
209,0.567740857601
210,0.161493644118
211,0.94342237711
212,0.939600229263
213,0.979012846947
214,0.0268701277673
215,0.588316380978
216,0.85246270895
217,0.636141061783
218,0.538135409355
219,0.437134355307
220,0.140316858888
221,0.85806876421
222,0.196095958352
223,0.142357423902
224,0.913757205009
225,0.386460751295
226,0.220637157559
227,0.217984050512
228,0.970348119736
229,0.0976880341768
230,0.600172698498
231,0.795132160187
232,0.97251534462
233,0.896173298359
234,0.277149707079
235,0.929452776909
236,0.889100492001
237,0.510270118713
238,0.346875846386
239,0.932278990746
240,0.916297674179
241,0.313917160034
242,0.0284666847438
243,0.786292850971
244,0.545530676842
245,0.57557964325
246,0.918872416019
247,0.0766424909234
248,0.0778043419123
249,0.947937369347
250,0.0495144538581
251,0.526073396206
252,0.403041303158
253,0.512625992298
254,0.807128071785
255,0.983616232872
256,0.540642499924
257,0.186335042119
258,0.175881192088
259,0.304943203926
260,0.0261069927365
261,0.21502776444
262,0.110006533563
263,0.242800146341
264,0.510270118713
265,0.217762187123
266,0.811456680298
267,0.757802724838
268,0.143197879195
269,0.625428557396
270,0.875430047512
271,0.979278147221
272,0.926201224327
273,0.825490117073
274,0.380345970392
275,0.132299527526
276,0.0717572271824
277,0.855986058712
278,0.314187645912
279,0.750715255737
280,0.658843636513
281,0.0357000157237
282,0.957605063915
283,0.81580555439
284,0.0352060422301
285,0.850493252277
286,0.974679708481
287,0.949479758739
288,0.832294166088
289,0.951389551163
290,0.0824708789587
291,0.163561627269
292,0.256152272224
293,0.43723860383
294,0.728729665279
295,0.0229709707201
296,0.253219038248
297,0.028738560155
298,0.722133696079
299,0.730846107006
300,0.883575737476
301,0.794958412647
302,0.0871021598577
303,0.820388138294
304,0.750106573105
305,0.935696184635
306,0.936322510242
307,0.173493653536
308,0.97298592329
309,0.405743598938
310,0.963758289814
311,0.974233031273
312,0.684950888157
313,0.602286338806
314,0.0210695266724
315,0.88633954525
316,0.274993151426
317,0.951801121235
318,0.127351209521
319,0.241172924638
320,0.0333843939006
321,0.20876672864
322,0.861729562283
323,0.972764253616
324,0.329071253538
325,0.111649125814
326,0.982727468014
327,0.965263724327
328,0.966807723045
329,0.129741564393
330,0.880315184593
331,0.720112204552
332,0.62509393692
333,0.318879902363
334,0.41396638751
335,0.779619812965
336,0.664410710335
337,0.948805510998
338,0.142428398132
339,0.0314289331436
340,0.940749824047
341,0.917499601841
342,0.956804454327
343,0.0606011152267
344,0.260944873095
345,0.947676956654
346,0.978146314621
347,0.125998571515
348,0.240705341101
349,0.16962018609
350,0.549176990986
351,0.362068593502
352,0.920795500278
353,0.970306575298
354,0.122552916408
355,0.882987201214
356,0.221913516521
357,0.870127499104
358,0.163374319673
359,0.048424333334
360,0.939858019352
361,0.507603645325
362,0.726142704487
363,0.970549881458
364,0.490329772234
365,0.817370712757
366,0.901156961918
367,0.789686739445
368,0.322135359049
369,0.0339767597616
370,0.0678747147322
371,0.926252365112
372,0.253446131945
373,0.439596414566
374,0.0491815730929
375,0.516094744205
376,0.977269768715
377,0.510818481445
378,0.44812181592
379,0.930528283119
380,0.124293722212
381,0.914512693882
382,0.957286655903
383,0.953546404839
384,0.421750962734
385,0.962968349457
386,0.50130045414
387,0.070592045784
388,0.0193213149905
389,0.0212225019932
390,0.959597349167
391,0.808408081532
392,0.386832267046
393,0.822627902031
394,0.814000427723
395,0.975256323814
396,0.0743384808302
397,0.600133538246
398,0.0607121028006
399,0.834306418896
400,0.840955138206
401,0.950059473515
402,0.541626691818
403,0.105465315282
404,0.964728355408
405,0.590551018715
406,0.0850809663534
407,0.976520299911
408,0.70975869894
409,0.211598470807
410,0.40344440937
411,0.768915772438
412,0.885531425476
413,0.933895528316
414,0.23991176486
415,0.743454992771
416,0.952429234982
417,0.432191103697
418,0.809319734573
419,0.45675894618
420,0.443413943052
421,0.100511200726
422,0.568029105663
423,0.576079905033
424,0.618884146214
425,0.934019982815
426,0.0678743422031
427,0.815697669983
428,0.864065349102
429,0.815626323223
430,0.292104363441
431,0.765822827816
432,0.869272828102
433,0.444073647261
434,0.0673451051116
435,0.314201623201
436,0.0138230994344
437,0.334006696939
438,0.58367562294
439,0.0662511736155
440,0.185564398766
441,0.652842998505
442,0.852224111557
443,0.971852481365
444,0.0514657236636
445,0.952459514141
446,0.906185269356
447,0.216801211238
448,0.0496282540262
449,0.0420300811529
450,0.958500027657
451,0.508204340935
452,0.830963790417
453,0.355884879827
454,0.867779552937
455,0.620986938477
456,0.82986497879
457,0.469398528337
458,0.658442974091
459,0.0211824029684
460,0.673161923885
461,0.248386263847
462,0.983706355095
463,0.842206299305
464,0.927864432335
465,0.869884967804
466,0.291714221239
467,0.339878886938
468,0.692380189896
469,0.56713694334
470,0.208350047469
471,0.0241215582937
472,0.96628677845
473,0.106814883649
474,0.254022866488
475,0.325915962458
476,0.178082466125
477,0.821259558201
478,0.14217813313
479,0.225622534752
480,0.046660117805
481,0.147637426853
482,0.262842386961
483,0.482230842113
484,0.976121902466
485,0.149660333991
486,0.876438379288
487,0.301968663931
488,0.273310095072
489,0.680747866631
490,0.575850784779
491,0.0837086141109
492,0.842579126358
493,0.716201901436
494,0.974440872669
495,0.323173075914
496,0.85320442915
497,0.106993257999
498,0.0864790976048
499,0.147290930152
500,0.172307282686
501,0.945604741573
502,0.825714945793
503,0.489205360413
504,0.166607931256
505,0.863903999329
506,0.614771783352
507,0.248747125268
508,0.150036111474
509,0.37317982316
510,0.130662083626
511,0.981173098087
512,0.911834180355
513,0.195706546307
514,0.971820056438
515,0.960160255432
516,0.0797008275986
517,0.595940887928
518,0.0137865506113
519,0.300342530012
520,0.966059088707
521,0.788021802902
522,0.94956946373
523,0.972049593925
524,0.376110523939
525,0.545310616493
526,0.153820708394
527,0.877325117588
528,0.716664791107
529,0.0314634256065
530,0.308435410261
531,0.721144974232
532,0.0285801496357
533,0.810817241669
534,0.0206896793097
535,0.395045697689
536,0.0659106448293
537,0.970691144466
538,0.142248660326
539,0.942173957825
540,0.135143443942
541,0.0858139842749
542,0.0455420129001
543,0.62372648716
544,0.729328989983
545,0.884513020515
546,0.780939161777
547,0.967974662781
548,0.377674072981
549,0.966092050076
550,0.971166193485
551,0.49144423008
552,0.440683603287
553,0.122592173517
554,0.323299407959
555,0.0525015182793
556,0.935505926609
557,0.421185106039
558,0.715088546276
559,0.638372778893
560,0.95717895031
561,0.976402640343
562,0.965802073479
563,0.714649856091
564,0.254327774048
565,0.361517697573
566,0.222265928984
567,0.345516383648
568,0.88708794117
569,0.931308925152
570,0.155546739697
571,0.42466622591
572,0.972037613392
573,0.0254933740944
574,0.913005948067
575,0.163746714592
576,0.707440078259
577,0.851652443409
578,0.45914286375
579,0.842607438564
580,0.0790808573365
581,0.658210873604
582,0.982518911362
583,0.0980555787683
584,0.882595181465
585,0.813003480434
586,0.748089492321
587,0.958685576916
588,0.308240294456
589,0.188214436173
590,0.951634407043
591,0.903343439102
592,0.0492338761687
593,0.957872748375
594,0.961773335934
595,0.826159358025
596,0.18961687386
597,0.0444462113082
598,0.955836236477
599,0.941902816296
600,0.476911485195
601,0.269133627415
602,0.732802212238
603,0.924288213253
604,0.458665013313
605,0.838582396507
606,0.21616756916
607,0.802634894848
608,0.138376742601
609,0.0343169383705
610,0.405101776123
611,0.499155640602
612,0.987505197525
613,0.224491253495
614,0.837666809559
615,0.979714989662
616,0.554950416088
617,0.495574653149
618,0.953504681587
619,0.0763428285718
620,0.755029320717
621,0.350186705589
622,0.912534177303
623,0.399642795324
624,0.0497663207352
625,0.0939290672541
626,0.952169120312
627,0.0455438047647
628,0.713838577271
629,0.250632315874
630,0.0400882326066
631,0.115042217076
632,0.407616704702
633,0.970205247402
634,0.641069591045
635,0.938613653183
636,0.975624978542
637,0.965726315975
638,0.136396184564
639,0.635478317738
640,0.506318747997
641,0.18958298862
642,0.401450872421
643,0.1122315377
644,0.0245456304401
645,0.18805295229
646,0.321821957827
647,0.0340669564903
648,0.980794608593
649,0.601554334164
650,0.849497556686
651,0.961474597454
652,0.0819589942694
653,0.200645908713
654,0.0655640736222
655,0.140536084771
656,0.96943372488
657,0.775426089764
658,0.569570362568
659,0.790606439114
660,0.160228937864
661,0.11164496839
662,0.58610355854
663,0.15836250782
664,0.869040310383
665,0.923899650574
666,0.237378269434
667,0.310237526894
668,0.937913477421
669,0.209560960531
670,0.653813242912
671,0.119660429657
672,0.975795447826
673,0.550897181034
674,0.726213872433
675,0.919357120991
676,0.131336867809
677,0.338568270206
678,0.367310553789
679,0.674360215664
680,0.021711660549
681,0.334862977266
682,0.535251915455
683,0.139594063163
684,0.586901903152
685,0.903898954391
686,0.375192046165
687,0.0922582745552
688,0.861822128296
689,0.0245526265353
690,0.833225190639
691,0.858211398125
692,0.814143955708
693,0.675703942776
694,0.890887498856
695,0.0772481709719
696,0.925250828266
697,0.926160097122
698,0.309113681316
699,0.924876749516
700,0.799286961555
701,0.293978452682
702,0.310624152422
703,0.780378103256
704,0.580312430859
705,0.912416517735
706,0.267369925976
707,0.441840231419
708,0.622285723686
709,0.916005730629
710,0.964974045753
711,0.0507267005742
712,0.90865623951
713,0.602360844612
714,0.599653482437
715,0.83694767952
716,0.73627781868
717,0.359737575054
718,0.950133502483
719,0.971484899521
720,0.486625164747
721,0.854776501656
722,0.87925696373
723,0.931331694126
724,0.400481522083
725,0.535268425941
726,0.021711660549
727,0.407397150993
728,0.0945800989866
729,0.0269484799355
730,0.736687541008
731,0.848170757294
732,0.698340415955
733,0.916830658913
734,0.149329870939
735,0.176231145859
736,0.134230017662
737,0.0139859588817
738,0.372256159782
739,0.904777824879
740,0.966790020466
741,0.776964902878
742,0.626935601234
743,0.171156510711
744,0.910668969154
745,0.728611111641
746,0.0489797852933
747,0.279978781939
748,0.592061817646
749,0.936071872711
750,0.562639534473
751,0.0992640778422
752,0.566212773323
753,0.790223062038
754,0.842067480087
755,0.834048449993
756,0.766957163811
757,0.866514921188
758,0.407508939505
759,0.980063557625
760,0.888876199722
761,0.732462346554
762,0.680098712444
763,0.973056018353
764,0.925494611263
765,0.833678305149
766,0.16068136692
767,0.247523263097
768,0.871244549751
769,0.647309958935
770,0.925842285156
771,0.0199349075556
772,0.275620609522
773,0.202133104205
774,0.262998580933
775,0.979134202003
776,0.977443277836
777,0.39698112011
778,0.72805172205
779,0.201359808445
780,0.949088394642
781,0.823840856552
782,0.821196854115
783,0.10634753108
784,0.949159264565
785,0.0636147633195
786,0.935310482979
787,0.806127429008
788,0.345083415508
789,0.173743903637
790,0.0318532064557
791,0.217281401157
792,0.0334696434438
793,0.164539426565
794,0.0860478058457
795,0.69933706522
796,0.925444543362
797,0.889094471931
798,0.303224414587
799,0.778004348278
800,0.974072575569
801,0.0856307819486
802,0.617991745472
803,0.854776024818
804,0.975739836693
805,0.922811627388
806,0.47030159831
807,0.316411346197
808,0.0407134704292
809,0.187890440226
810,0.242073833942
811,0.813461780548
812,0.595850229263
813,0.625964522362
814,0.970981836319
815,0.0338466018438
816,0.839346289635
817,0.0508783236146
818,0.850204586983
819,0.425693035126
820,0.906674921513
821,0.0216838940978
822,0.751587212086
823,0.0289319455624
824,0.0770639777184
825,0.662662029266
826,0.949240386486
827,0.450619250536
828,0.924653053284
829,0.842698037624
830,0.979815125465
831,0.797833919525
832,0.923843681812
833,0.159697175026
834,0.956349372864
835,0.336411684752
836,0.794607758522
837,0.862514019012
838,0.180876284838
839,0.549853742123
840,0.72577726841
841,0.864777863026
842,0.0281486362219
843,0.0729250609875
844,0.124568559229
845,0.889280974865
846,0.736194610596
847,0.809821248055
848,0.665043413639
849,0.125886380672
850,0.229188367724
851,0.803718447685
852,0.973162829876
853,0.958409965038
854,0.0653793439269
855,0.874284148216
856,0.395106375217
857,0.608234107494
858,0.964222431183
859,0.201226040721
860,0.0352358333766
861,0.892126917839
862,0.802664577961
863,0.562050879002
864,0.840664029121
865,0.222863808274
866,0.0976781100035
867,0.887517333031
868,0.732935369015
869,0.950559079647
870,0.675526320934
871,0.496166825294
872,0.591020166874
873,0.80773204565
874,0.281871378422
875,0.926870822906
876,0.441409051418
877,0.237280294299
878,0.903384566307
879,0.960812270641
880,0.425801277161
881,0.587942302227
882,0.432639360428
883,0.932393372059
884,0.0318500325084
885,0.0426275134087
886,0.0540731549263
887,0.503437459469
888,0.875332295895
889,0.0529257692397
890,0.0728837251663
891,0.391235202551
892,0.16135647893
893,0.984046399593
894,0.392372578382
895,0.84838706255
896,0.589179992676
897,0.840576350689
898,0.627665102482
899,0.252987504005
900,0.951016008854
901,0.0233725775033
902,0.424701333046
903,0.173442989588
904,0.963749408722
905,0.96562319994
906,0.405023157597
907,0.280397683382
908,0.734084486961
909,0.940775871277
910,0.222991660237
911,0.287940353155
912,0.80992180109
913,0.979267120361
914,0.429537594318
915,0.97247081995
916,0.453727662563
917,0.349949926138
918,0.250723481178
919,0.567291200161
920,0.0207144580781
921,0.423194885254
922,0.965241849422
923,0.0378595590591
924,0.226123586297
925,0.972540259361
926,0.581745386124
927,0.13254070282
928,0.0579997710884
929,0.0565933473408
930,0.872046351433
931,0.0270228870213
932,0.175229087472
933,0.0509976893663
934,0.964388847351
935,0.645947754383
936,0.0823631882668
937,0.930970549583
938,0.553596735001
939,0.975905537605
940,0.441971242428
941,0.671394228935
942,0.340977966785
943,0.0515892915428
944,0.219514220953
945,0.377196133137
946,0.498392641544
947,0.192815110087
948,0.718615293503
949,0.0979307591915
950,0.470001846552
951,0.944498836994
952,0.185615032911
953,0.152247264981
954,0.0206129867584
955,0.144513472915
956,0.0863526985049
957,0.888170540333
958,0.210388034582
959,0.0901225656271
960,0.116225473583
961,0.45741584897
962,0.869459331036
963,0.527348279953
964,0.822604835033
965,0.066901691258
966,0.799605965614
967,0.217358887196
968,0.865169465542
969,0.157712802291
970,0.0404857732356
971,0.230697050691
972,0.183579087257
973,0.971266031265
974,0.869670629501
975,0.93637907505
976,0.694102466106
977,0.935007870197
978,0.0836923792958
979,0.95176833868
980,0.234822392464
981,0.27269628644
982,0.0322292782366
983,0.799623727798
984,0.979411780834
985,0.541949510574
986,0.0184103175998
987,0.59432810545
988,0.768233597279
989,0.0831465497613
990,0.441014707088
991,0.957154989243
992,0.13688378036
993,0.944144964218
994,0.157017529011
995,0.329067826271
996,0.939422607422
997,0.343045830727
998,0.087442368269
999,0.608679413795
1000,0.552605926991
1001,0.101260319352
1002,0.832084059715
1003,0.98669397831
1004,0.344100743532
1005,0.806797385216
1006,0.123186230659
1007,0.734495460987
1008,0.940438270569
1009,0.675459682941
1010,0.11771761626
1011,0.729386150837
1012,0.244039669633
1013,0.269696980715
1014,0.404847770929
1015,0.14481267333
1016,0.883661091328
1017,0.156974494457
1018,0.824438393116
1019,0.721198320389
1020,0.1065126881
1021,0.368264198303
1022,0.375787675381
1023,0.773627281189
1024,0.983110904694
1025,0.835369706154
1026,0.334623068571
1027,0.330237537622
1028,0.347040057182
1029,0.976192116737
1030,0.964204370975
1031,0.834235370159
1032,0.413924366236
1033,0.900068640709
1034,0.0649721473455
1035,0.868415296078
1036,0.584602952003
1037,0.794527888298
1038,0.764380812645
1039,0.393707066774
1040,0.213968664408
1041,0.284464597702
1042,0.971322238445
1043,0.97043210268
1044,0.208490043879
1045,0.364986658096
1046,0.976793050766
1047,0.982532501221
1048,0.624173104763
1049,0.159907341003
1050,0.959964752197
1051,0.163948684931
1052,0.41552940011
1053,0.964599967003
1054,0.852895200253
1055,0.89074754715
1056,0.951687753201
1057,0.0605806969106
1058,0.913843393326
1059,0.120523840189
1060,0.427800744772
1061,0.402683258057
1062,0.200841993093
1063,0.979163706303
1064,0.117359742522
1065,0.478726953268
1066,0.427724063396
1067,0.79856556654
1068,0.884760141373
1069,0.145227238536
1070,0.249233275652
1071,0.185539096594
1072,0.93277233839
1073,0.980063557625
1074,0.91468089819
1075,0.706676900387
1076,0.523274183273
1077,0.940832138062
1078,0.113979272544
1079,0.87159383297
1080,0.953196287155
1081,0.445594608784
1082,0.255479037762
1083,0.564126849174
1084,0.924469649792
1085,0.0539775788784
1086,0.497514396906
1087,0.0387168303132
1088,0.974560081959
1089,0.950907111168
1090,0.0867671072483
1091,0.554093182087
1092,0.964170694351
1093,0.909700155258
1094,0.98396229744
1095,0.969192564487
1096,0.631822228432
1097,0.799944758415
1098,0.417829453945
1099,0.224742084742
1100,0.966534972191
1101,0.030995901674
1102,0.729872524738
1103,0.931256115437
1104,0.561259448528
1105,0.292528182268
1106,0.957810223103
1107,0.296683609486
1108,0.123585790396
1109,0.0592787116766
1110,0.832339167595
1111,0.0400659330189
1112,0.898648202419
1113,0.863519668579
1114,0.101300857961
1115,0.852653324604
1116,0.049670856446
1117,0.805940568447
1118,0.0413618348539
1119,0.0434296019375
1120,0.332818567753
1121,0.561122059822
1122,0.345779359341
1123,0.684596121311
1124,0.328642964363
1125,0.0497891828418
1126,0.967038214207
1127,0.0255929771811
1128,0.772472560406
1129,0.255514025688
1130,0.0267897546291
1131,0.0883993431926
1132,0.586693584919
1133,0.856697559357
1134,0.891577243805
1135,0.311231821775
1136,0.0467138513923
1137,0.589164495468
1138,0.497426360846
1139,0.661723792553
1140,0.498824030161
1141,0.360841244459
1142,0.524134874344
1143,0.163155943155
1144,0.702696859837
1145,0.793750226498
1146,0.959865570068
1147,0.757761538029
1148,0.256829410791
1149,0.733561813831
1150,0.940438628197
1151,0.587379217148
1152,0.509532392025
1153,0.197747886181
1154,0.708725333214
1155,0.865856587887
1156,0.938669860363
1157,0.0697490274906
1158,0.296921640635
1159,0.0234402585775
1160,0.931035757065
1161,0.439778983593
1162,0.67295730114
1163,0.969698309898
1164,0.160416007042
1165,0.675528645515
1166,0.288638919592
1167,0.959787845612
1168,0.0280362311751
1169,0.914286017418
1170,0.0369832850993
1171,0.944655537605
1172,0.775034308434
1173,0.106850348413
1174,0.705883085728
1175,0.960760354996
1176,0.0332157351077
1177,0.828388094902
1178,0.786907732487
1179,0.259290516376
1180,0.0546939969063
1181,0.952014029026
1182,0.857275247574
1183,0.921851813793
1184,0.0294010937214
1185,0.810810565948
1186,0.191074043512
1187,0.208776533604
1188,0.0593029484153
1189,0.970571279526
1190,0.396156966686
1191,0.0788209885359
1192,0.653881132603
1193,0.983658373356
1194,0.417710602283
1195,0.762966930866
1196,0.0307450275868
1197,0.971127510071
1198,0.973575651646
1199,0.966359913349
1200,0.374501615763
1201,0.960318863392
1202,0.747223675251
1203,0.981482446194
1204,0.51346540451
1205,0.378440290689
1206,0.915400564671
1207,0.436657965183
1208,0.907779812813
1209,0.0634413957596
1210,0.978285431862
1211,0.122768804431
1212,0.869555413723
1213,0.027451813221
1214,0.68501162529
1215,0.579050004482
1216,0.804630279541
1217,0.376956284046
1218,0.867332220078
1219,0.591592848301
1220,0.281764447689
1221,0.723262727261
1222,0.960990846157
1223,0.653296411037
1224,0.481079548597
1225,0.867431998253
1226,0.247988209128
1227,0.938895821571
1228,0.872923672199
1229,0.982653796673
1230,0.510694921017
1231,0.881347477436
1232,0.777865469456
1233,0.916565895081
1234,0.310944586992
1235,0.398959040642
1236,0.639077961445
1237,0.325626224279
1238,0.86991161108
1239,0.688670277596
1240,0.0975986868143
1241,0.962900817394
1242,0.140289723873
1243,0.154097750783
1244,0.0873049497604
1245,0.777978360653
1246,0.16074025631
1247,0.0172074139118
1248,0.102541200817
1249,0.968537986279
1250,0.60650998354
1251,0.0707551836967
1252,0.246372520924
1253,0.652755260468
1254,0.286690443754
1255,0.66867852211
1256,0.273585915565
1257,0.84215849638
1258,0.600176990032
1259,0.905762314796
1260,0.933572053909
1261,0.944186210632
1262,0.953111112118
1263,0.600369155407
1264,0.523138999939
1265,0.925509393215
1266,0.925267159939
1267,0.973147690296
1268,0.783400118351
1269,0.0733146071434
1270,0.218825593591
1271,0.141027152538
1272,0.984382331371
1273,0.911858737469
1274,0.855638921261
1275,0.868628144264
1276,0.680171906948
1277,0.975892603397
1278,0.863444149494
1279,0.827266514301
1280,0.851168870926
1281,0.913238227367
1282,0.943090498447
1283,0.813583076
1284,0.0482141189277
1285,0.695334434509
1286,0.676994621754
1287,0.502380132675
1288,0.260137438774
1289,0.735534191132
1290,0.978082180023
1291,0.910801947117
1292,0.215321853757
1293,0.0456724576652
1294,0.928604364395
1295,0.668547511101
1296,0.272950798273
1297,0.0216022673994
1298,0.564974665642
1299,0.973377048969
1300,0.153665095568
1301,0.351529687643
1302,0.0322980172932
1303,0.85691601038
1304,0.632761597633
1305,0.17090511322
1306,0.88901257515
1307,0.969268202782
1308,0.751360058784
1309,0.915677309036
1310,0.92312425375
1311,0.709458887577
1312,0.952601492405
1313,0.298424482346
1314,0.892581641674
1315,0.244362697005
1316,0.887437045574
1317,0.575130045414
1318,0.058956168592
1319,0.107592977583
1320,0.234114959836
1321,0.697473049164
1322,0.392939597368
1323,0.0400122143328
1324,0.90992808342
1325,0.557827234268
1326,0.971784055233
1327,0.427988618612
1328,0.0552056916058
1329,0.122073031962
1330,0.793002128601
1331,0.228595420718
1332,0.350497752428
1333,0.944440901279
1334,0.447108328342
1335,0.824048936367
1336,0.584010124207
1337,0.111109413207
1338,0.356174200773
1339,0.842255651951
1340,0.111655890942
1341,0.969095826149
1342,0.937289714813
1343,0.978672802448
1344,0.947099924088
1345,0.921907305717
1346,0.973488509655
1347,0.155607044697
1348,0.950935900211
1349,0.711380839348
1350,0.903241336346
1351,0.97047752142
1352,0.2230668962
1353,0.781058132648
1354,0.967705786228
1355,0.898017346859
1356,0.120966039598
1357,0.51421391964
1358,0.0974332615733
1359,0.177803725004
1360,0.939440310001
1361,0.964106440544
1362,0.623606085777
1363,0.502880990505
1364,0.75045722723
1365,0.942648768425
1366,0.825201392174
1367,0.955380558968
1368,0.780809342861
1369,0.962479770184
1370,0.531615197659
1371,0.822061777115
1372,0.522641837597
1373,0.974054038525
1374,0.0323411151767
1375,0.479613780975
1376,0.348807632923
1377,0.954735934734
1378,0.560904383659
1379,0.157442837954
1380,0.207868337631
1381,0.856357455254
1382,0.492285043001
1383,0.9052952528
1384,0.272789090872
1385,0.0262247435749
1386,0.529433429241
1387,0.945642054081
1388,0.748848199844
1389,0.0372098311782
1390,0.848162770271
1391,0.83659029007
1392,0.453632473946
1393,0.916525840759
1394,0.955095529556
1395,0.814733982086
1396,0.368819892406
1397,0.212359070778
1398,0.030340673402
1399,0.179992794991
1400,0.567073941231
1401,0.543382048607
1402,0.972701728344
1403,0.957402646542
1404,0.0657667294145
1405,0.0318500325084
1406,0.772373437881
1407,0.0269608739763
1408,0.953634440899
1409,0.883788526058
1410,0.424477219582
1411,0.154088243842
1412,0.257159411907
1413,0.806319117546
1414,0.92978399992
1415,0.625688910484
1416,0.25595381856
1417,0.396181970835
1418,0.918296456337
1419,0.395188212395
1420,0.93480026722
1421,0.0510204024613
1422,0.910446882248
1423,0.918817102909
1424,0.273391902447
1425,0.631538152695
1426,0.631689786911
1427,0.0379459895194
1428,0.0400714352727
1429,0.332169979811
1430,0.769551157951
1431,0.498006343842
1432,0.501795470715
1433,0.0598471947014
1434,0.146371647716
1435,0.380012124777
1436,0.330385923386
1437,0.155387058854
1438,0.963010668755
1439,0.026224590838
1440,0.95116776228
1441,0.822812795639
1442,0.08959415555
1443,0.364605695009
1444,0.207447424531
1445,0.101562790573
1446,0.213622137904
1447,0.171183347702
1448,0.130630716681
1449,0.946995258331
1450,0.760575175285
1451,0.902450144291
1452,0.576434969902
1453,0.258022367954
1454,0.442236542702
1455,0.458373755217
1456,0.796459317207
1457,0.932668626308
1458,0.361132025719
1459,0.421931058168
1460,0.332915574312
1461,0.286783546209
1462,0.958842158318
1463,0.732351958752
1464,0.919356107712
1465,0.981053650379
1466,0.16531252861
1467,0.961472809315
1468,0.0779137909412
1469,0.37221327424
1470,0.958336293697
1471,0.832360208035
1472,0.449050873518
1473,0.7913864851
1474,0.0787448212504
1475,0.202756285667
1476,0.205864578485
1477,0.960556685925
1478,0.176546767354
1479,0.389696478844
1480,0.859134197235
1481,0.0215146765113
1482,0.0798002183437
1483,0.861123681068
1484,0.853856801987
1485,0.326949000359
1486,0.0683734565973
1487,0.362522870302
1488,0.164009153843
1489,0.0903598442674
1490,0.951746582985
1491,0.814716935158
1492,0.161330804229
1493,0.781553566456
1494,0.26282119751
1495,0.782417535782
1496,0.944853007793
1497,0.257065296173
1498,0.958604156971
1499,0.0788792744279
1500,0.880650877953
1501,0.210753411055
1502,0.464723885059
1503,0.410403341055
1504,0.398648381233
1505,0.556077599525
1506,0.0277232788503
1507,0.226368010044
1508,0.948587417603
1509,0.728531479836
1510,0.620169818401
1511,0.893063783646
1512,0.823799490929
1513,0.891896426678
1514,0.565051853657
1515,0.0287451203912
1516,0.0172861982137
1517,0.0372347868979
1518,0.736064076424
1519,0.363887190819
1520,0.0291197150946
1521,0.298885077238
1522,0.943332314491
1523,0.090053088963
1524,0.032940287143
1525,0.936825275421
1526,0.0351069569588
1527,0.42332687974
1528,0.826396405697
1529,0.935309886932
1530,0.415491223335
1531,0.494129180908
1532,0.697969853878
1533,0.634389817715
1534,0.297696679831
1535,0.887344300747
1536,0.567306399345
1537,0.0625113025308
1538,0.16570957005
1539,0.950736403465
1540,0.92798525095
1541,0.527497112751
1542,0.920236051083
1543,0.0247191321105
1544,0.915700316429
1545,0.871324896812
1546,0.906307756901
1547,0.608514726162
1548,0.920534670353
1549,0.650818407536
1550,0.225763648748
1551,0.956655859947
1552,0.954712808132
1553,0.901235222816
1554,0.869740068913
1555,0.86083304882
1556,0.803948283195
1557,0.385928213596
1558,0.784843504429
1559,0.955815315247
1560,0.980662643909
1561,0.428985834122
1562,0.0760698020458
1563,0.0724462866783
1564,0.531003057957
1565,0.687660872936
1566,0.405774116516
1567,0.923577010632
1568,0.302333086729
1569,0.888315737247
1570,0.892903983593
1571,0.977443277836
1572,0.585970699787
1573,0.869841217995
1574,0.378394633532
1575,0.0571895763278
1576,0.676397264004
1577,0.925830245018
1578,0.882170498371
1579,0.822684526443
1580,0.805873215199
1581,0.923606395721
1582,0.412947773933
1583,0.8534258008
1584,0.976402640343
1585,0.615177631378
1586,0.132563859224
1587,0.967408835888
1588,0.894649028778
1589,0.434795588255
1590,0.0156793240458
1591,0.0179108269513
1592,0.831815719604
1593,0.972081124783
1594,0.237033069134
1595,0.72333741188
1596,0.620623826981
1597,0.641958415508
1598,0.950577199459
1599,0.822375774384
1600,0.429992735386
1601,0.900449872017
1602,0.55462116003
1603,0.0256201326847
1604,0.938217580318
1605,0.12889520824
1606,0.226681441069
1607,0.96636390686
1608,0.160248994827
1609,0.831750512123
1610,0.952564537525
1611,0.941769123077
1612,0.830742776394
1613,0.947113156319
1614,0.345652610064
1615,0.593029081821
1616,0.383877575397
1617,0.0620791241527
1618,0.655267775059
1619,0.985580384731
1620,0.956594288349
1621,0.153335720301
1622,0.645791709423
1623,0.851748883724
1624,0.959557175636
1625,0.867310643196
1626,0.124985605478
1627,0.0374111421406
1628,0.357855558395
1629,0.35720962286
1630,0.115748248994
1631,0.665525496006
1632,0.608295619488
1633,0.91918939352
1634,0.294695526361
1635,0.329620778561
1636,0.254397332668
1637,0.900696992874
1638,0.898153662682
1639,0.144418820739
1640,0.860359191895
1641,0.428229063749
1642,0.965161859989
1643,0.785677492619
1644,0.147270292044
1645,0.968618273735
1646,0.516124725342
1647,0.929768264294
1648,0.828285574913
1649,0.358995825052
1650,0.411869138479
1651,0.949724316597
1652,0.956100523472
1653,0.270165592432
1654,0.336090922356
1655,0.0895802527666
1656,0.782337963581
1657,0.611489832401
1658,0.959544658661
1659,0.428138405085
1660,0.976449787617
1661,0.0427444055676
1662,0.150070235133
1663,0.151577219367
1664,0.793844997883
1665,0.557007312775
1666,0.438441306353
1667,0.840810954571
1668,0.515888988972
1669,0.954964756966
1670,0.796001672745
1671,0.238062679768
1672,0.958722472191
1673,0.107769854367
1674,0.0961444303393
1675,0.701494932175
1676,0.908193469048
1677,0.0312215574086
1678,0.913039207458
1679,0.522335588932
1680,0.706525862217
1681,0.842228591442
1682,0.262566953897
1683,0.972853660583
1684,0.573018670082
1685,0.895927906036
1686,0.297129333019
1687,0.906509160995
1688,0.470435708761
1689,0.278790950775
1690,0.880207419395
1691,0.552514672279
1692,0.0486301109195
1693,0.15529216826
1694,0.696895539761
1695,0.674459517002
1696,0.10288618505
1697,0.95858412981
1698,0.0516252219677
1699,0.0270338114351
1700,0.0640980675817
1701,0.936245501041
1702,0.930552124977
1703,0.0969146415591
1704,0.547915935516
1705,0.0552180632949
1706,0.264407277107
1707,0.613239169121
1708,0.0209332723171
1709,0.75558668375
1710,0.209954634309
1711,0.310261458158
1712,0.557527065277
1713,0.062830388546
1714,0.206402540207
1715,0.184141501784
1716,0.0455380678177
1717,0.350047260523
1718,0.975363612175
1719,0.966933429241
1720,0.417980581522
1721,0.0762457475066
1722,0.0379554480314
1723,0.455466687679
1724,0.422673910856
1725,0.40460947156
1726,0.975298881531
1727,0.981450080872
1728,0.492902606726
1729,0.962106764317
1730,0.433600097895
1731,0.36506485939
1732,0.0870014056563
1733,0.935878753662
1734,0.839077591896
1735,0.562150657177
1736,0.975513339043
1737,0.0664696544409
1738,0.932615697384
1739,0.947520792484
1740,0.917805373669
1741,0.797676622868
1742,0.807105302811
1743,0.806142091751
1744,0.32990527153
1745,0.063289731741
1746,0.175037637353
1747,0.0333108268678
1748,0.950651228428
1749,0.97484344244
1750,0.290992796421
1751,0.905924320221
1752,0.923404455185
1753,0.139394491911
1754,0.0781182125211
1755,0.0562931485474
1756,0.908725142479
1757,0.593480169773
1758,0.0245678704232
1759,0.597188293934
1760,0.942261874676
1761,0.962448656559
1762,0.966486155987
1763,0.0610904321074
1764,0.481311142445
1765,0.900826871395
1766,0.942124724388
1767,0.765657842159
1768,0.755115747452
1769,0.980784654617
1770,0.801022827625
1771,0.904818177223
1772,0.955659627914
1773,0.949317514896
1774,0.349078446627
1775,0.222413882613
1776,0.971561431885
1777,0.0248415209353
1778,0.884499669075
1779,0.0439005158842
1780,0.636523008347
1781,0.899941861629
1782,0.826699376106
1783,0.23407407105
1784,0.489548027515
1785,0.482415318489
1786,0.0210645571351
1787,0.822706282139
1788,0.318596214056
1789,0.206005781889
1790,0.499383956194
1791,0.138806670904
1792,0.891128897667
1793,0.974607408047
1794,0.101455785334
1795,0.0708526670933
1796,0.77881705761
1797,0.348045319319
1798,0.631700336933
1799,0.871172249317
1800,0.0989179834723
1801,0.977642059326
1802,0.16293771565
1803,0.0641650483012
1804,0.270317554474
1805,0.947901308537
1806,0.746312856674
1807,0.471212178469
1808,0.110168017447
1809,0.860322058201
1810,0.981008529663
1811,0.976327180862
1812,0.516702830791
1813,0.905163764954
1814,0.575291454792
1815,0.976361393929
1816,0.461993187666
1817,0.938048243523
1818,0.173720151186
1819,0.666840434074
1820,0.14336040616
1821,0.308549016714
1822,0.108327716589
1823,0.949636697769
1824,0.972915768623
1825,0.980662643909
1826,0.943754792213
1827,0.510958492756
1828,0.966175794601
1829,0.778024554253
1830,0.961547195911
1831,0.355189651251
1832,0.42761066556
1833,0.395915389061
1834,0.651842176914
1835,0.758260965347
1836,0.472242832184
1837,0.458138138056
1838,0.0311159156263
1839,0.943333804607
1840,0.700375318527
1841,0.0455833077431
1842,0.846828281879
1843,0.72985970974
1844,0.245539113879
1845,0.854176342487
1846,0.14356726408
1847,0.929407596588
1848,0.397181451321
1849,0.328704416752
1850,0.508871436119
1851,0.976022303104
1852,0.0636340677738
1853,0.790229618549
1854,0.969775795937
1855,0.74141317606
1856,0.952041149139
1857,0.288719207048
1858,0.0874046459794
1859,0.582912743092
1860,0.914548456669
1861,0.697675824165
1862,0.0685801431537
1863,0.843322634697
1864,0.967852056026
1865,0.485194772482
1866,0.885530650616
1867,0.875497579575
1868,0.942970514297
1869,0.960878312588
1870,0.322147965431
1871,0.965585589409
1872,0.969084084034
1873,0.478720128536
1874,0.173106506467
1875,0.256008088589
1876,0.826397240162
1877,0.0217761881649
1878,0.198722183704
1879,0.784250020981
1880,0.859609901905
1881,0.288937956095
1882,0.123615399003
1883,0.634436905384
1884,0.175136372447
1885,0.898553967476
1886,0.15497238934
1887,0.608341932297
1888,0.965257406235
1889,0.978478848934
1890,0.0478564910591
1891,0.88056999445
1892,0.219177857041
1893,0.90197622776
1894,0.222674116492
1895,0.542322695255
1896,0.922272801399
1897,0.930787026882
1898,0.563183069229
1899,0.953916251659
1900,0.127616211772
1901,0.954652428627
1902,0.883047163486
1903,0.446057289839
1904,0.0218977350742
1905,0.0950308889151
1906,0.137506663799
1907,0.523052573204
1908,0.264118820429
1909,0.921155035496
1910,0.188836947083
1911,0.115737490356
1912,0.941256642342
1913,0.0316647812724
1914,0.905372321606
1915,0.75689047575
1916,0.33687916398
1917,0.29878911376
1918,0.301328659058
1919,0.645393431187
1920,0.562943100929
1921,0.933398783207
1922,0.434582203627
1923,0.106592170894
1924,0.102603621781
1925,0.885186433792
1926,0.39258864522
1927,0.217727169394
1928,0.836207509041
1929,0.873672664165
1930,0.0581494681537
1931,0.163122102618
1932,0.0950084030628
1933,0.0566290766001
1934,0.933012187481
1935,0.0205102600157
1936,0.0921864584088
1937,0.155360028148
1938,0.973140120506
1939,0.711194813251
1940,0.624012470245
1941,0.974345505238
1942,0.846862435341
1943,0.777771651745
1944,0.244342029095
1945,0.0933734551072
1946,0.142271965742
1947,0.543908119202
1948,0.68932723999
1949,0.0721113607287
1950,0.320285111666
1951,0.926201224327
1952,0.0737896636128
1953,0.975363612175
1954,0.274735450745
1955,0.845739543438
1956,0.226183727384
1957,0.0846200436354
1958,0.0320451445878
1959,0.73578608036
1960,0.556673169136
1961,0.0368379168212
1962,0.110268473625
1963,0.138035580516
1964,0.723343789577
1965,0.366340816021
1966,0.300958096981
1967,0.977241516113
1968,0.203305274248
1969,0.884792208672
1970,0.236208245158
1971,0.51721984148
1972,0.713899552822
1973,0.940323889256
1974,0.504073798656
1975,0.909226000309
1976,0.872566223145
1977,0.0907328128815
1978,0.90143352747
1979,0.0277421660721
1980,0.908850252628
1981,0.7729383111
1982,0.130312070251
1983,0.349633961916
1984,0.135116934776
1985,0.168276339769
1986,0.977922320366
1987,0.489539951086
1988,0.485561430454
1989,0.980826616287
1990,0.758886516094
1991,0.346934884787
1992,0.890691459179
1993,0.826639294624
1994,0.297016978264
1995,0.265024930239
1996,0.974278271198
1997,0.911199688911
1998,0.980951309204
1999,0.337131232023
2000,0.510804831982
2001,0.276935130358
2002,0.975363612175
2003,0.329693168402
2004,0.944772005081
2005,0.826668918133
2006,0.420280247927
2007,0.0281461980194
2008,0.982395350933
2009,0.0260401591659
2010,0.126799732447
2011,0.32373714447
2012,0.749485969543
2013,0.798631429672
2014,0.498332887888
2015,0.864896535873
2016,0.880911171436
2017,0.20877687633
2018,0.438386946917
2019,0.876481235027
2020,0.927011609077
2021,0.225403726101
2022,0.957345187664
2023,0.565977036953
2024,0.476335436106
2025,0.311670780182
2026,0.0430696159601
2027,0.0251239053905
2028,0.395777255297
2029,0.086531624198
2030,0.955015301704
2031,0.342047691345
2032,0.894890129566
2033,0.394272536039
2034,0.0915150046349
2035,0.708239734173
2036,0.979872941971
2037,0.154313385487
2038,0.38941654563
2039,0.715061366558
2040,0.768067419529
2041,0.428224772215
2042,0.286627322435
2043,0.277183055878
2044,0.1090689376
2045,0.244414001703
2046,0.40413197875
2047,0.971993923187
2048,0.974799394608
2049,0.103217788041
2050,0.0426605008543
2051,0.321803063154
2052,0.96062207222
2053,0.635190665722
2054,0.342059373856
2055,0.728772222996
2056,0.54791778326
2057,0.843542218208
2058,0.63792693615
2059,0.526774466038
2060,0.261151105165
2061,0.626058995724
2062,0.985572636127
2063,0.788989424706
2064,0.025136128068
2065,0.141481146216
2066,0.414791256189
2067,0.502780616283
2068,0.684835553169
2069,0.601303875446
2070,0.979647874832
2071,0.0520885363221
2072,0.304371953011
2073,0.739564597607
2074,0.973488509655
2075,0.122093036771
2076,0.964191854
2077,0.108592197299
2078,0.890340268612
2079,0.923088490963
2080,0.886298954487
2081,0.979645013809
2082,0.392070174217
2083,0.497420936823
2084,0.973209440708
2085,0.165653035045
2086,0.130725696683
2087,0.177853524685
2088,0.185532912612
2089,0.537579536438
2090,0.0603527277708
2091,0.307279199362
2092,0.907846033573
2093,0.276705533266
2094,0.783033549786
2095,0.469829052687
2096,0.64478802681
2097,0.965254604816
2098,0.809530079365
2099,0.949128866196
2100,0.914823949337
2101,0.555506408215
2102,0.159242928028
2103,0.694554269314
2104,0.577258348465
2105,0.880347788334
2106,0.118974469602
2107,0.795240581036
2108,0.965615868568
2109,0.838408648968
2110,0.552239894867
2111,0.645979046822
2112,0.131176427007
2113,0.870209217072
2114,0.198866263032
2115,0.207527980208
2116,0.04613596946
2117,0.769724309444
2118,0.18149740994
2119,0.319712311029
2120,0.909936666489
2121,0.924908578396
2122,0.938144624233
2123,0.556331276894
2124,0.156113401055
2125,0.984914243221
2126,0.0684778094292
2127,0.920311570168
2128,0.617027342319
2129,0.975363612175
2130,0.167996093631
2131,0.901644647121
2132,0.170909538865
2133,0.350306630135
2134,0.764573872089
2135,0.787879824638
2136,0.128510415554
2137,0.794434070587
2138,0.961248934269
2139,0.867684662342
2140,0.0915094539523
2141,0.174365743995
2142,0.446038752794
2143,0.306746989489
2144,0.16122110188
2145,0.385344773531
2146,0.946536004543
2147,0.933903694153
2148,0.475377470255
2149,0.341137051582
2150,0.342138499022
2151,0.227787196636
2152,0.177883699536
2153,0.241025418043
2154,0.805721342564
2155,0.794553637505
2156,0.0291519295424
2157,0.18038725853
2158,0.637456119061
2159,0.873064935207
2160,0.949262917042
2161,0.979753792286
2162,0.755055546761
2163,0.871032118797
2164,0.914206385612
2165,0.885761976242
2166,0.712964594364
2167,0.85764247179
2168,0.0911529883742
2169,0.0259562954307
2170,0.830590605736
2171,0.512309849262
2172,0.767924964428
2173,0.197244435549
2174,0.015234186314
2175,0.0166041441262
2176,0.840144872665
2177,0.0937789157033
2178,0.312707513571
2179,0.657487332821
2180,0.966710567474
2181,0.843398869038
2182,0.0895191952586
2183,0.433001458645
2184,0.110740102828
2185,0.235034346581
2186,0.273636668921
2187,0.0966864302754
2188,0.97622025013
2189,0.0455331727862
2190,0.289265632629
2191,0.189319521189
2192,0.412101536989
2193,0.930895268917
2194,0.248849049211
2195,0.0641813129187
2196,0.299155682325
2197,0.264528244734
2198,0.173303499818
2199,0.874669075012
2200,0.867291867733
2201,0.899075210094
2202,0.938007950783
2203,0.250359863043
2204,0.540592968464
2205,0.0339064411819
2206,0.437088340521
2207,0.760711312294
2208,0.976438879967
2209,0.0504493154585
2210,0.0480750128627
2211,0.855215847492
2212,0.576711118221
2213,0.876592576504
2214,0.713515937328
2215,0.981775522232
2216,0.564984083176
2217,0.715506970882
2218,0.211240500212
2219,0.862320482731
2220,0.974054038525
2221,0.237173482776
2222,0.93969976902
2223,0.900781989098
2224,0.0896608754992
2225,0.0663881897926
2226,0.579518675804
2227,0.740641057491
2228,0.540024936199
2229,0.0252703521401
2230,0.857145249844
2231,0.624700069427
2232,0.0203561447561
2233,0.972751677036
2234,0.0892559215426
2235,0.0335366465151
2236,0.0157863609493
2237,0.0978905335069
2238,0.331301689148
2239,0.987525105476
2240,0.333638161421
2241,0.962824881077
2242,0.982893645763
2243,0.51295876503
2244,0.977985262871
2245,0.912917017937
2246,0.262872695923
2247,0.380085945129
2248,0.603224813938
2249,0.789753675461
2250,0.819363951683
2251,0.196596264839
2252,0.0244750268757
2253,0.174436077476
2254,0.833842396736
2255,0.725690960884
2256,0.685866296291
2257,0.105641201138
2258,0.706435501575
2259,0.752125263214
2260,0.585446417332
2261,0.905287146568
2262,0.0329713486135
2263,0.0439029671252
2264,0.344217658043
2265,0.9701359272
2266,0.972188234329
2267,0.562316119671
2268,0.442460596561
2269,0.0260098837316
2270,0.255724847317
2271,0.965084910393
2272,0.344590574503
2273,0.580026209354
2274,0.387506097555
2275,0.782993853092
2276,0.919449150562
2277,0.0619814284146
2278,0.682002425194
2279,0.302168667316
2280,0.020732389763
2281,0.245600193739
2282,0.218195006251
2283,0.130302459002
2284,0.393717557192
2285,0.133931875229
2286,0.666898846626
2287,0.103836834431
2288,0.958924233913
2289,0.901302278042
2290,0.840131223202
2291,0.925031960011
2292,0.284435331821
2293,0.968732118607
2294,0.895397901535
2295,0.819273352623
2296,0.0620394572616
2297,0.403557270765
2298,0.694393873215
2299,0.358999818563
2300,0.968245744705
2301,0.131580039859
2302,0.96828943491
2303,0.715844452381
2304,0.863939404488
2305,0.533229529858
2306,0.655696630478
2307,0.570183813572
2308,0.130425006151
2309,0.894201695919
2310,0.975214958191
2311,0.126145705581
2312,0.829207837582
2313,0.959864914417
2314,0.983749032021
2315,0.40877622366
2316,0.668311715126
2317,0.0307450275868
2318,0.426781892776
2319,0.965897679329
2320,0.400721013546
2321,0.887175321579
2322,0.81077849865
2323,0.298921644688
2324,0.98116517067
2325,0.0454368963838
2326,0.494073659182
2327,0.840495407581
2328,0.959601283073
2329,0.157843008637
2330,0.258932352066
2331,0.362614184618
2332,0.0560567975044
2333,0.894541144371
2334,0.0990290492773
2335,0.532068371773
2336,0.936906993389
2337,0.252461850643
2338,0.959806084633
2339,0.167209759355
2340,0.866918683052
2341,0.924400150776
2342,0.954586684704
2343,0.967563807964
2344,0.550001144409
2345,0.789561390877
2346,0.700555324554
2347,0.608468651772
2348,0.282330363989
2349,0.354903548956
2350,0.0195816662163
2351,0.878901004791
2352,0.350601226091
2353,0.085377022624
2354,0.211053088307
2355,0.0842360928655
2356,0.142107143998
2357,0.832122087479
2358,0.394590675831
2359,0.940428078175
2360,0.732438325882
2361,0.914935469627
2362,0.47288659215
2363,0.800660014153
2364,0.132222309709
2365,0.369771361351
2366,0.937174141407
2367,0.871926784515
2368,0.39829659462
2369,0.861540138721
2370,0.873885631561
2371,0.678007125854
2372,0.931078970432
2373,0.22468419373
2374,0.216878786683
2375,0.375074744225
2376,0.978086650372
2377,0.0270819645375
2378,0.0776642039418
2379,0.0565933473408
2380,0.958958864212
2381,0.0366284698248
2382,0.138709530234
2383,0.943713188171
2384,0.426579087973
2385,0.135388791561
2386,0.777503073215
2387,0.927818357944
2388,0.156072765589
2389,0.942004144192
2390,0.675275325775
2391,0.97059905529
2392,0.20093049109
2393,0.980662643909
2394,0.947385489941
2395,0.170673057437
2396,0.821152627468
2397,0.0247191321105
2398,0.0381620191038
2399,0.862383544445
2400,0.95671236515
2401,0.687033057213
2402,0.533116579056
2403,0.30626899004
2404,0.734722316265
2405,0.956690847874
2406,0.970494747162
2407,0.654298424721
2408,0.965558350086
2409,0.959447324276
2410,0.66195589304
2411,0.952454984188
2412,0.471833080053
2413,0.943669259548
2414,0.0418936647475
2415,0.10097194463
2416,0.746155679226
2417,0.830901503563
2418,0.764690041542
2419,0.0324939154088
2420,0.356827825308
2421,0.0511633828282
2422,0.467604190111
2423,0.490212470293
2424,0.972759962082
2425,0.273416936398
2426,0.773555099964
2427,0.0486160069704
2428,0.961453616619
2429,0.906375706196
2430,0.96897149086
2431,0.63271677494
2432,0.1811401546
2433,0.411954492331
2434,0.315113633871
2435,0.2085788697
2436,0.874782681465
2437,0.045741636306
2438,0.0802338197827
2439,0.910822927952
2440,0.962749958038
2441,0.970748543739
2442,0.0511502474546
2443,0.0204478465021
2444,0.746825873852
2445,0.852598130703
2446,0.480430752039
2447,0.903835177422
2448,0.0883457437158
2449,0.43045052886
2450,0.151697099209
2451,0.139230281115
2452,0.169337019324
2453,0.0651281401515
2454,0.882490813732
2455,0.0180693604052
2456,0.038559820503
2457,0.799528181553
2458,0.328946232796
2459,0.122674502432
2460,0.93027061224
2461,0.726445972919
2462,0.774546921253
2463,0.973725914955
2464,0.979929924011
2465,0.657018125057
2466,0.931704580784
2467,0.836305558681
2468,0.0929650440812
2469,0.895305812359
2470,0.373546034098
2471,0.985423862934
2472,0.570646643639
2473,0.552905619144
2474,0.40672519803
2475,0.322748452425
2476,0.977151811123
2477,0.10557692498
2478,0.098485045135
2479,0.882947862148
2480,0.962430775166
2481,0.0560417063534
2482,0.814237058163
2483,0.0781557187438
2484,0.293340086937
2485,0.423735111952
2486,0.960835635662
2487,0.0237572584301
2488,0.386642366648
2489,0.791828811169
2490,0.367700457573
2491,0.73577105999
2492,0.980444788933
2493,0.974655687809
2494,0.369112670422
2495,0.64842414856
2496,0.32671391964
2497,0.401125371456
2498,0.146216005087
2499,0.965463578701
2500,0.683830142021
2501,0.174606993794
